ISO-10303-21;
HEADER;
/* Generated by software containing ST-Developer
 * from STEP Tools, Inc. (www.steptools.com) 
 */

FILE_DESCRIPTION(
/* description */ (''),
/* implementation_level */ '2;1');

FILE_NAME(
/* name */ 'smart-room.step',
/* time_stamp */ '2026-07-27T17:33:43+02:00',
/* author */ (''),
/* organization */ (''),
/* preprocessor_version */ 'ST-DEVELOPER v20.1',
/* originating_system */ 'Autodesk Translation Framework v15.8.0.0',
/* authorisation */ '');

FILE_SCHEMA (('AUTOMOTIVE_DESIGN { 1 0 10303 214 3 1 1 }'));
ENDSEC;

DATA;
#10=MECHANICAL_DESIGN_GEOMETRIC_PRESENTATION_REPRESENTATION('',(#19,#20),
#10723);
#11=ITEM_DEFINED_TRANSFORMATION($,$,#5623,#5843);
#12=(
REPRESENTATION_RELATIONSHIP($,$,#10733,#10732)
REPRESENTATION_RELATIONSHIP_WITH_TRANSFORMATION(#11)
SHAPE_REPRESENTATION_RELATIONSHIP()
);
#13=CONTEXT_DEPENDENT_SHAPE_REPRESENTATION(#12,#10731);
#14=NEXT_ASSEMBLY_USAGE_OCCURRENCE('Front-Display:1','Front-Display:1',
'Front-Display:1',#10735,#10736,'Front-Display:1');
#15=SHAPE_REPRESENTATION_RELATIONSHIP('SRR','None',#10733,#17);
#16=SHAPE_REPRESENTATION_RELATIONSHIP('SRR','None',#10732,#18);
#17=ADVANCED_BREP_SHAPE_REPRESENTATION('',(#21),#10722);
#18=ADVANCED_BREP_SHAPE_REPRESENTATION('',(#22),#10721);
#19=STYLED_ITEM('',(#10746),#21);
#20=STYLED_ITEM('',(#10746),#22);
#21=MANIFOLD_SOLID_BREP('Body1',#5620);
#22=MANIFOLD_SOLID_BREP('Body1',#5621);
#23=CIRCLE('',#5696,5.);
#24=CIRCLE('',#5697,5.);
#25=CIRCLE('',#5700,5.);
#26=CIRCLE('',#5701,5.);
#27=CIRCLE('',#5702,5.);
#28=CIRCLE('',#5703,1.74999999999997);
#29=CIRCLE('',#5704,1.74999999999997);
#30=CIRCLE('',#5705,1.74999999999997);
#31=CIRCLE('',#5706,1.74999999999997);
#32=CIRCLE('',#5708,5.);
#33=CIRCLE('',#5711,5.);
#34=CIRCLE('',#5714,5.);
#35=CIRCLE('',#5723,1.74999999999997);
#36=CIRCLE('',#5725,1.74999999999997);
#37=CIRCLE('',#5727,1.74999999999997);
#38=CIRCLE('',#5731,1.74999999999997);
#39=CIRCLE('',#5736,0.750000000000006);
#40=CIRCLE('',#5737,0.750000000000006);
#41=CIRCLE('',#5738,0.750000000000006);
#42=CIRCLE('',#5739,0.750000000000006);
#43=CIRCLE('',#5740,0.750000000000006);
#44=CIRCLE('',#5741,0.750000000000006);
#45=CIRCLE('',#5742,0.750000000000006);
#46=CIRCLE('',#5743,0.750000000000006);
#47=CIRCLE('',#5744,0.750000000000006);
#48=CIRCLE('',#5745,0.750000000000006);
#49=CIRCLE('',#5746,0.750000000000002);
#50=CIRCLE('',#5747,0.750000000000006);
#51=CIRCLE('',#5750,7.);
#52=CIRCLE('',#5755,0.750000000000002);
#53=CIRCLE('',#5758,0.750000000000006);
#54=CIRCLE('',#5761,0.750000000000006);
#55=CIRCLE('',#5764,0.750000000000006);
#56=CIRCLE('',#5767,0.750000000000006);
#57=CIRCLE('',#5770,0.750000000000006);
#58=CIRCLE('',#5779,0.750000000000006);
#59=CIRCLE('',#5782,0.750000000000006);
#60=CIRCLE('',#5785,0.750000000000006);
#61=CIRCLE('',#5788,0.750000000000006);
#62=CIRCLE('',#5791,0.750000000000006);
#63=CIRCLE('',#5794,0.750000000000006);
#64=CIRCLE('',#5796,7.);
#65=CIRCLE('',#5802,3.);
#66=CIRCLE('',#5803,3.);
#67=CIRCLE('',#5814,5.);
#68=CIRCLE('',#5815,5.);
#69=CIRCLE('',#5818,5.);
#70=CIRCLE('',#5819,5.);
#71=CIRCLE('',#5820,5.);
#72=CIRCLE('',#5821,1.5);
#73=CIRCLE('',#5822,1.5);
#74=CIRCLE('',#5823,1.5);
#75=CIRCLE('',#5824,1.5);
#76=CIRCLE('',#5826,5.);
#77=CIRCLE('',#5829,5.);
#78=CIRCLE('',#5831,5.);
#79=CIRCLE('',#5833,1.5);
#80=CIRCLE('',#5835,1.5);
#81=CIRCLE('',#5837,1.5);
#82=CIRCLE('',#5839,1.5);
#83=CYLINDRICAL_SURFACE('',#5695,5.);
#84=CYLINDRICAL_SURFACE('',#5707,5.);
#85=CYLINDRICAL_SURFACE('',#5710,5.);
#86=CYLINDRICAL_SURFACE('',#5713,5.);
#87=CYLINDRICAL_SURFACE('',#5722,1.74999999999997);
#88=CYLINDRICAL_SURFACE('',#5724,1.74999999999997);
#89=CYLINDRICAL_SURFACE('',#5726,1.74999999999997);
#90=CYLINDRICAL_SURFACE('',#5730,1.74999999999997);
#91=CYLINDRICAL_SURFACE('',#5754,0.750000000000002);
#92=CYLINDRICAL_SURFACE('',#5757,0.750000000000006);
#93=CYLINDRICAL_SURFACE('',#5760,0.750000000000006);
#94=CYLINDRICAL_SURFACE('',#5763,0.750000000000006);
#95=CYLINDRICAL_SURFACE('',#5766,0.750000000000006);
#96=CYLINDRICAL_SURFACE('',#5769,0.750000000000006);
#97=CYLINDRICAL_SURFACE('',#5778,0.750000000000006);
#98=CYLINDRICAL_SURFACE('',#5781,0.750000000000006);
#99=CYLINDRICAL_SURFACE('',#5784,0.750000000000006);
#100=CYLINDRICAL_SURFACE('',#5787,0.750000000000006);
#101=CYLINDRICAL_SURFACE('',#5790,0.750000000000006);
#102=CYLINDRICAL_SURFACE('',#5793,0.750000000000006);
#103=CYLINDRICAL_SURFACE('',#5795,7.);
#104=CYLINDRICAL_SURFACE('',#5801,3.);
#105=CYLINDRICAL_SURFACE('',#5813,5.);
#106=CYLINDRICAL_SURFACE('',#5825,5.);
#107=CYLINDRICAL_SURFACE('',#5828,5.);
#108=CYLINDRICAL_SURFACE('',#5830,5.);
#109=CYLINDRICAL_SURFACE('',#5832,1.5);
#110=CYLINDRICAL_SURFACE('',#5834,1.5);
#111=CYLINDRICAL_SURFACE('',#5836,1.5);
#112=CYLINDRICAL_SURFACE('',#5838,1.5);
#113=FACE_BOUND('',#878,.T.);
#114=FACE_BOUND('',#898,.T.);
#115=FACE_BOUND('',#966,.T.);
#116=FACE_BOUND('',#1071,.T.);
#117=FACE_BOUND('',#1076,.T.);
#118=FACE_BOUND('',#1077,.T.);
#119=FACE_BOUND('',#1078,.T.);
#120=FACE_BOUND('',#1079,.T.);
#121=FACE_BOUND('',#1080,.T.);
#122=FACE_BOUND('',#1091,.T.);
#123=FACE_BOUND('',#1102,.T.);
#124=FACE_BOUND('',#1103,.T.);
#125=FACE_BOUND('',#1104,.T.);
#126=FACE_BOUND('',#1105,.T.);
#127=FACE_BOUND('',#1106,.T.);
#128=FACE_BOUND('',#1107,.T.);
#129=FACE_BOUND('',#1108,.T.);
#130=FACE_BOUND('',#1109,.T.);
#131=FACE_BOUND('',#1110,.T.);
#132=FACE_BOUND('',#1111,.T.);
#133=FACE_BOUND('',#1112,.T.);
#134=FACE_BOUND('',#1113,.T.);
#135=FACE_BOUND('',#1114,.T.);
#136=FACE_BOUND('',#1115,.T.);
#137=FACE_BOUND('',#1116,.T.);
#138=FACE_BOUND('',#1119,.T.);
#139=FACE_BOUND('',#1120,.T.);
#140=FACE_BOUND('',#1121,.T.);
#141=FACE_BOUND('',#1122,.T.);
#142=FACE_BOUND('',#1123,.T.);
#143=FACE_BOUND('',#1124,.T.);
#144=FACE_BOUND('',#1125,.T.);
#145=FACE_BOUND('',#1128,.T.);
#146=FACE_BOUND('',#1174,.T.);
#147=FACE_BOUND('',#1175,.T.);
#148=FACE_BOUND('',#1176,.T.);
#149=FACE_BOUND('',#1181,.T.);
#150=FACE_BOUND('',#1183,.T.);
#151=FACE_BOUND('',#1184,.T.);
#152=FACE_BOUND('',#1185,.T.);
#153=FACE_BOUND('',#1186,.T.);
#154=FACE_BOUND('',#1189,.T.);
#155=FACE_BOUND('',#1190,.T.);
#156=FACE_BOUND('',#1191,.T.);
#157=FACE_BOUND('',#1192,.T.);
#158=FACE_BOUND('',#1193,.T.);
#159=FACE_BOUND('',#1194,.T.);
#160=FACE_BOUND('',#1195,.T.);
#161=FACE_BOUND('',#1203,.T.);
#162=FACE_BOUND('',#1204,.T.);
#163=FACE_BOUND('',#1205,.T.);
#164=FACE_BOUND('',#1208,.T.);
#165=FACE_BOUND('',#1209,.T.);
#166=FACE_BOUND('',#1210,.T.);
#167=FACE_BOUND('',#1211,.T.);
#168=FACE_BOUND('',#1212,.T.);
#169=B_SPLINE_CURVE_WITH_KNOTS('',3,(#6807,#6808,#6809,#6810,#6811),
 .UNSPECIFIED.,.F.,.F.,(4,1,4),(0.,0.0977908759536201,0.175367534393653),
 .UNSPECIFIED.);
#170=B_SPLINE_CURVE_WITH_KNOTS('',3,(#6813,#6814,#6815,#6816,#6817),
 .UNSPECIFIED.,.F.,.F.,(4,1,4),(-0.175367534393653,-0.0977908759536201,
0.),.UNSPECIFIED.);
#171=B_SPLINE_CURVE_WITH_KNOTS('',3,(#6830,#6831,#6832,#6833,#6834),
 .UNSPECIFIED.,.F.,.F.,(4,1,4),(0.,0.078852285577079,0.158882511100879),
 .UNSPECIFIED.);
#172=B_SPLINE_CURVE_WITH_KNOTS('',3,(#6836,#6837,#6838,#6839,#6840),
 .UNSPECIFIED.,.F.,.F.,(4,1,4),(-0.158882511100879,-0.078852285577079,0.),
 .UNSPECIFIED.);
#173=B_SPLINE_CURVE_WITH_KNOTS('',3,(#6907,#6908,#6909,#6910,#6911),
 .UNSPECIFIED.,.F.,.F.,(4,1,4),(0.,0.0980941057358762,0.176448146362968),
 .UNSPECIFIED.);
#174=B_SPLINE_CURVE_WITH_KNOTS('',3,(#6915,#6916,#6917,#6918,#6919),
 .UNSPECIFIED.,.F.,.F.,(4,1,4),(-0.176448146362968,-0.0980941057358762,
0.),.UNSPECIFIED.);
#175=B_SPLINE_CURVE_WITH_KNOTS('',3,(#6932,#6933,#6934,#6935,#6936),
 .UNSPECIFIED.,.F.,.F.,(4,1,4),(0.,0.0688000844049561,0.137602203935404),
 .UNSPECIFIED.);
#176=B_SPLINE_CURVE_WITH_KNOTS('',3,(#6938,#6939,#6940,#6941,#6942),
 .UNSPECIFIED.,.F.,.F.,(4,1,4),(-0.137602203935404,-0.0688000844049561,
0.),.UNSPECIFIED.);
#177=B_SPLINE_CURVE_WITH_KNOTS('',3,(#6955,#6956,#6957,#6958,#6959),
 .UNSPECIFIED.,.F.,.F.,(4,1,4),(0.,0.068415251111888,0.137230651285391),
 .UNSPECIFIED.);
#178=B_SPLINE_CURVE_WITH_KNOTS('',3,(#6961,#6962,#6963,#6964,#6965),
 .UNSPECIFIED.,.F.,.F.,(4,1,4),(-0.137230651285391,-0.068415251111888,0.),
 .UNSPECIFIED.);
#179=B_SPLINE_CURVE_WITH_KNOTS('',3,(#6978,#6979,#6980,#6981,#6982),
 .UNSPECIFIED.,.F.,.F.,(4,1,4),(0.,0.0791403695201105,0.179333090455327),
 .UNSPECIFIED.);
#180=B_SPLINE_CURVE_WITH_KNOTS('',3,(#6984,#6985,#6986,#6987,#6988),
 .UNSPECIFIED.,.F.,.F.,(4,1,4),(-0.179333090455327,-0.0791403695201105,
0.),.UNSPECIFIED.);
#181=B_SPLINE_CURVE_WITH_KNOTS('',3,(#7001,#7002,#7003,#7004,#7005),
 .UNSPECIFIED.,.F.,.F.,(4,1,4),(0.,0.0952605569253709,0.172866808870332),
 .UNSPECIFIED.);
#182=B_SPLINE_CURVE_WITH_KNOTS('',3,(#7007,#7008,#7009,#7010,#7011),
 .UNSPECIFIED.,.F.,.F.,(4,1,4),(-0.172866808870332,-0.0952605569253709,
0.),.UNSPECIFIED.);
#183=B_SPLINE_CURVE_WITH_KNOTS('',3,(#7024,#7025,#7026,#7027,#7028),
 .UNSPECIFIED.,.F.,.F.,(4,1,4),(0.,0.0687459318927467,0.136813268735669),
 .UNSPECIFIED.);
#184=B_SPLINE_CURVE_WITH_KNOTS('',3,(#7030,#7031,#7032,#7033,#7034),
 .UNSPECIFIED.,.F.,.F.,(4,1,4),(-0.136813268735669,-0.0687459318927467,
0.),.UNSPECIFIED.);
#185=B_SPLINE_CURVE_WITH_KNOTS('',3,(#7047,#7048,#7049,#7050,#7051),
 .UNSPECIFIED.,.F.,.F.,(4,1,4),(0.,0.0687884164427274,0.137465143081168),
 .UNSPECIFIED.);
#186=B_SPLINE_CURVE_WITH_KNOTS('',3,(#7053,#7054,#7055,#7056,#7057),
 .UNSPECIFIED.,.F.,.F.,(4,1,4),(-0.137465143081168,-0.0687884164427274,
0.),.UNSPECIFIED.);
#187=B_SPLINE_CURVE_WITH_KNOTS('',3,(#7069,#7070,#7071,#7072,#7073),
 .UNSPECIFIED.,.F.,.F.,(4,1,4),(0.,0.0781729841457034,0.176199308612392),
 .UNSPECIFIED.);
#188=B_SPLINE_CURVE_WITH_KNOTS('',3,(#7074,#7075,#7076,#7077,#7078),
 .UNSPECIFIED.,.F.,.F.,(4,1,4),(-0.176199308612392,-0.0781729841457034,
0.),.UNSPECIFIED.);
#189=B_SPLINE_CURVE_WITH_KNOTS('',3,(#7091,#7092,#7093,#7094,#7095),
 .UNSPECIFIED.,.F.,.F.,(4,1,4),(0.,0.141884312280304,0.260966289743655),
 .UNSPECIFIED.);
#190=B_SPLINE_CURVE_WITH_KNOTS('',3,(#7099,#7100,#7101,#7102,#7103),
 .UNSPECIFIED.,.F.,.F.,(4,1,4),(-0.260966289743655,-0.141884312280304,0.),
 .UNSPECIFIED.);
#191=B_SPLINE_CURVE_WITH_KNOTS('',3,(#7116,#7117,#7118,#7119,#7120),
 .UNSPECIFIED.,.F.,.F.,(4,1,4),(0.,0.0959820049074112,0.196596001305074),
 .UNSPECIFIED.);
#192=B_SPLINE_CURVE_WITH_KNOTS('',3,(#7122,#7123,#7124,#7125,#7126),
 .UNSPECIFIED.,.F.,.F.,(4,1,4),(-0.196596001305074,-0.0959820049074112,
0.),.UNSPECIFIED.);
#193=B_SPLINE_CURVE_WITH_KNOTS('',3,(#7139,#7140,#7141,#7142,#7143),
 .UNSPECIFIED.,.F.,.F.,(4,1,4),(0.,0.110345427575815,0.215120540672065),
 .UNSPECIFIED.);
#194=B_SPLINE_CURVE_WITH_KNOTS('',3,(#7145,#7146,#7147,#7148,#7149),
 .UNSPECIFIED.,.F.,.F.,(4,1,4),(-0.215120540672065,-0.110345427575815,0.),
 .UNSPECIFIED.);
#195=B_SPLINE_CURVE_WITH_KNOTS('',3,(#7162,#7163,#7164,#7165,#7166),
 .UNSPECIFIED.,.F.,.F.,(4,1,4),(0.,0.109230995145958,0.233806870324743),
 .UNSPECIFIED.);
#196=B_SPLINE_CURVE_WITH_KNOTS('',3,(#7168,#7169,#7170,#7171,#7172),
 .UNSPECIFIED.,.F.,.F.,(4,1,4),(-0.233806870324743,-0.109230995145958,0.),
 .UNSPECIFIED.);
#197=B_SPLINE_CURVE_WITH_KNOTS('',3,(#7185,#7186,#7187,#7188,#7189),
 .UNSPECIFIED.,.F.,.F.,(4,1,4),(0.,0.100283433977302,0.180397424026403),
 .UNSPECIFIED.);
#198=B_SPLINE_CURVE_WITH_KNOTS('',3,(#7191,#7192,#7193,#7194,#7195),
 .UNSPECIFIED.,.F.,.F.,(4,1,4),(-0.180397424026403,-0.100283433977302,0.),
 .UNSPECIFIED.);
#199=B_SPLINE_CURVE_WITH_KNOTS('',3,(#7208,#7209,#7210,#7211,#7212),
 .UNSPECIFIED.,.F.,.F.,(4,1,4),(0.,0.0702969972978244,0.141061303570531),
 .UNSPECIFIED.);
#200=B_SPLINE_CURVE_WITH_KNOTS('',3,(#7214,#7215,#7216,#7217,#7218),
 .UNSPECIFIED.,.F.,.F.,(4,1,4),(-0.141061303570531,-0.0702969972978244,
0.),.UNSPECIFIED.);
#201=B_SPLINE_CURVE_WITH_KNOTS('',3,(#7231,#7232,#7233,#7234,#7235),
 .UNSPECIFIED.,.F.,.F.,(4,1,4),(0.,0.0721378277170988,0.145594643727666),
 .UNSPECIFIED.);
#202=B_SPLINE_CURVE_WITH_KNOTS('',3,(#7237,#7238,#7239,#7240,#7241),
 .UNSPECIFIED.,.F.,.F.,(4,1,4),(-0.145594643727666,-0.0721378277170988,
0.),.UNSPECIFIED.);
#203=B_SPLINE_CURVE_WITH_KNOTS('',3,(#7254,#7255,#7256,#7257,#7258),
 .UNSPECIFIED.,.F.,.F.,(4,1,4),(0.,0.11174347606351,0.216347272244405),
 .UNSPECIFIED.);
#204=B_SPLINE_CURVE_WITH_KNOTS('',3,(#7260,#7261,#7262,#7263,#7264),
 .UNSPECIFIED.,.F.,.F.,(4,1,4),(-0.216347272244405,-0.11174347606351,0.),
 .UNSPECIFIED.);
#205=B_SPLINE_CURVE_WITH_KNOTS('',3,(#7276,#7277,#7278,#7279,#7280),
 .UNSPECIFIED.,.F.,.F.,(4,1,4),(0.,0.110610912934774,0.241565742906204),
 .UNSPECIFIED.);
#206=B_SPLINE_CURVE_WITH_KNOTS('',3,(#7281,#7282,#7283,#7284,#7285),
 .UNSPECIFIED.,.F.,.F.,(4,1,4),(-0.241565742906204,-0.110610912934774,0.),
 .UNSPECIFIED.);
#207=B_SPLINE_CURVE_WITH_KNOTS('',3,(#7370,#7371,#7372,#7373,#7374),
 .UNSPECIFIED.,.F.,.F.,(4,1,4),(0.,0.0980694376308733,0.195889606588466),
 .UNSPECIFIED.);
#208=B_SPLINE_CURVE_WITH_KNOTS('',3,(#7376,#7377,#7378,#7379,#7380),
 .UNSPECIFIED.,.F.,.F.,(4,1,4),(-0.195889606588466,-0.0980694376308733,
0.),.UNSPECIFIED.);
#209=B_SPLINE_CURVE_WITH_KNOTS('',3,(#7393,#7394,#7395,#7396,#7397),
 .UNSPECIFIED.,.F.,.F.,(4,1,4),(0.,0.0604970251496128,0.115593655616072),
 .UNSPECIFIED.);
#210=B_SPLINE_CURVE_WITH_KNOTS('',3,(#7399,#7400,#7401,#7402,#7403),
 .UNSPECIFIED.,.F.,.F.,(4,1,4),(-0.115593655616072,-0.0604970251496128,
0.),.UNSPECIFIED.);
#211=B_SPLINE_CURVE_WITH_KNOTS('',3,(#7416,#7417,#7418,#7419,#7420),
 .UNSPECIFIED.,.F.,.F.,(4,1,4),(0.,0.0507099035091362,0.0990123856609303),
 .UNSPECIFIED.);
#212=B_SPLINE_CURVE_WITH_KNOTS('',3,(#7422,#7423,#7424,#7425,#7426),
 .UNSPECIFIED.,.F.,.F.,(4,1,4),(-0.0990123856609303,-0.0507099035091362,
0.),.UNSPECIFIED.);
#213=B_SPLINE_CURVE_WITH_KNOTS('',3,(#7439,#7440,#7441,#7442,#7443),
 .UNSPECIFIED.,.F.,.F.,(4,1,4),(0.,0.0569501705349572,0.132158519194861),
 .UNSPECIFIED.);
#214=B_SPLINE_CURVE_WITH_KNOTS('',3,(#7445,#7446,#7447,#7448,#7449),
 .UNSPECIFIED.,.F.,.F.,(4,1,4),(-0.132158519194861,-0.0569501705349572,
0.),.UNSPECIFIED.);
#215=B_SPLINE_CURVE_WITH_KNOTS('',3,(#7480,#7481,#7482,#7483,#7484),
 .UNSPECIFIED.,.F.,.F.,(4,1,4),(0.,0.0641410100489836,0.113871826731988),
 .UNSPECIFIED.);
#216=B_SPLINE_CURVE_WITH_KNOTS('',3,(#7486,#7487,#7488,#7489,#7490),
 .UNSPECIFIED.,.F.,.F.,(4,1,4),(-0.113871826731988,-0.0641410100489836,
0.),.UNSPECIFIED.);
#217=B_SPLINE_CURVE_WITH_KNOTS('',3,(#7503,#7504,#7505,#7506,#7507),
 .UNSPECIFIED.,.F.,.F.,(4,1,4),(0.,0.0460320940677246,0.0984806037607728),
 .UNSPECIFIED.);
#218=B_SPLINE_CURVE_WITH_KNOTS('',3,(#7509,#7510,#7511,#7512,#7513),
 .UNSPECIFIED.,.F.,.F.,(4,1,4),(-0.0984806037607728,-0.0460320940677246,
0.),.UNSPECIFIED.);
#219=B_SPLINE_CURVE_WITH_KNOTS('',3,(#7526,#7527,#7528,#7529,#7530),
 .UNSPECIFIED.,.F.,.F.,(4,1,4),(0.,0.0427369860032674,0.0859804992636987),
 .UNSPECIFIED.);
#220=B_SPLINE_CURVE_WITH_KNOTS('',3,(#7532,#7533,#7534,#7535,#7536),
 .UNSPECIFIED.,.F.,.F.,(4,1,4),(-0.0859804992636987,-0.0427369860032674,
0.),.UNSPECIFIED.);
#221=B_SPLINE_CURVE_WITH_KNOTS('',3,(#7549,#7550,#7551,#7552,#7553),
 .UNSPECIFIED.,.F.,.F.,(4,1,4),(0.,0.0423890566206693,0.0834372498368306),
 .UNSPECIFIED.);
#222=B_SPLINE_CURVE_WITH_KNOTS('',3,(#7555,#7556,#7557,#7558,#7559),
 .UNSPECIFIED.,.F.,.F.,(4,1,4),(-0.0834372498368306,-0.0423890566206693,
0.),.UNSPECIFIED.);
#223=B_SPLINE_CURVE_WITH_KNOTS('',3,(#7572,#7573,#7574,#7575,#7576),
 .UNSPECIFIED.,.F.,.F.,(4,1,4),(0.,0.0477184596162561,0.108701800225811),
 .UNSPECIFIED.);
#224=B_SPLINE_CURVE_WITH_KNOTS('',3,(#7578,#7579,#7580,#7581,#7582),
 .UNSPECIFIED.,.F.,.F.,(4,1,4),(-0.108701800225811,-0.0477184596162561,
0.),.UNSPECIFIED.);
#225=B_SPLINE_CURVE_WITH_KNOTS('',3,(#7606,#7607,#7608,#7609,#7610),
 .UNSPECIFIED.,.F.,.F.,(4,1,4),(0.,0.0698309881751201,0.164935973209162),
 .UNSPECIFIED.);
#226=B_SPLINE_CURVE_WITH_KNOTS('',3,(#7614,#7615,#7616,#7617,#7618),
 .UNSPECIFIED.,.F.,.F.,(4,1,4),(-0.164935973209162,-0.0698309881751201,
0.),.UNSPECIFIED.);
#227=B_SPLINE_CURVE_WITH_KNOTS('',3,(#7631,#7632,#7633,#7634,#7635),
 .UNSPECIFIED.,.F.,.F.,(4,1,4),(0.,0.0525309971446142,0.0880479693197261),
 .UNSPECIFIED.);
#228=B_SPLINE_CURVE_WITH_KNOTS('',3,(#7637,#7638,#7639,#7640,#7641),
 .UNSPECIFIED.,.F.,.F.,(4,1,4),(-0.0880479693197261,-0.0525309971446142,
0.),.UNSPECIFIED.);
#229=B_SPLINE_CURVE_WITH_KNOTS('',3,(#7654,#7655,#7656,#7657,#7658),
 .UNSPECIFIED.,.F.,.F.,(4,1,4),(0.,0.0259818363665345,0.0507656469650456),
 .UNSPECIFIED.);
#230=B_SPLINE_CURVE_WITH_KNOTS('',3,(#7660,#7661,#7662,#7663,#7664),
 .UNSPECIFIED.,.F.,.F.,(4,1,4),(-0.0507656469650456,-0.0259818363665345,
0.),.UNSPECIFIED.);
#231=B_SPLINE_CURVE_WITH_KNOTS('',3,(#7677,#7678,#7679,#7680,#7681),
 .UNSPECIFIED.,.F.,.F.,(4,1,4),(0.,0.0244164457685278,0.0491412218783358),
 .UNSPECIFIED.);
#232=B_SPLINE_CURVE_WITH_KNOTS('',3,(#7683,#7684,#7685,#7686,#7687),
 .UNSPECIFIED.,.F.,.F.,(4,1,4),(-0.0491412218783358,-0.0244164457685278,
0.),.UNSPECIFIED.);
#233=B_SPLINE_CURVE_WITH_KNOTS('',3,(#7700,#7701,#7702,#7703,#7704),
 .UNSPECIFIED.,.F.,.F.,(4,1,4),(0.,0.0367758224827414,0.0737341179088072),
 .UNSPECIFIED.);
#234=B_SPLINE_CURVE_WITH_KNOTS('',3,(#7706,#7707,#7708,#7709,#7710),
 .UNSPECIFIED.,.F.,.F.,(4,1,4),(-0.0737341179088072,-0.0367758224827414,
0.),.UNSPECIFIED.);
#235=B_SPLINE_CURVE_WITH_KNOTS('',3,(#7723,#7724,#7725,#7726,#7727),
 .UNSPECIFIED.,.F.,.F.,(4,1,4),(0.,0.0415652781048358,0.0923981498131255),
 .UNSPECIFIED.);
#236=B_SPLINE_CURVE_WITH_KNOTS('',3,(#7729,#7730,#7731,#7732,#7733),
 .UNSPECIFIED.,.F.,.F.,(4,1,4),(-0.0923981498131255,-0.0415652781048358,
0.),.UNSPECIFIED.);
#237=B_SPLINE_CURVE_WITH_KNOTS('',3,(#7746,#7747,#7748,#7749,#7750),
 .UNSPECIFIED.,.F.,.F.,(4,1,4),(0.,0.0539737088726554,0.104844183054872),
 .UNSPECIFIED.);
#238=B_SPLINE_CURVE_WITH_KNOTS('',3,(#7752,#7753,#7754,#7755,#7756),
 .UNSPECIFIED.,.F.,.F.,(4,1,4),(-0.104844183054872,-0.0539737088726554,
0.),.UNSPECIFIED.);
#239=B_SPLINE_CURVE_WITH_KNOTS('',3,(#7769,#7770,#7771,#7772,#7773),
 .UNSPECIFIED.,.F.,.F.,(4,1,4),(0.,0.0483112722734243,0.0951413039374074),
 .UNSPECIFIED.);
#240=B_SPLINE_CURVE_WITH_KNOTS('',3,(#7775,#7776,#7777,#7778,#7779),
 .UNSPECIFIED.,.F.,.F.,(4,1,4),(-0.0951413039374074,-0.0483112722734243,
0.),.UNSPECIFIED.);
#241=B_SPLINE_CURVE_WITH_KNOTS('',3,(#7792,#7793,#7794,#7795,#7796),
 .UNSPECIFIED.,.F.,.F.,(4,1,4),(0.,0.0428760971534425,0.100039081653495),
 .UNSPECIFIED.);
#242=B_SPLINE_CURVE_WITH_KNOTS('',3,(#7798,#7799,#7800,#7801,#7802),
 .UNSPECIFIED.,.F.,.F.,(4,1,4),(-0.100039081653495,-0.0428760971534425,
0.),.UNSPECIFIED.);
#243=B_SPLINE_CURVE_WITH_KNOTS('',3,(#7819,#7820,#7821,#7822,#7823),
 .UNSPECIFIED.,.F.,.F.,(4,1,4),(0.,0.0665780536148864,0.124233707271622),
 .UNSPECIFIED.);
#244=B_SPLINE_CURVE_WITH_KNOTS('',3,(#7827,#7828,#7829,#7830,#7831),
 .UNSPECIFIED.,.F.,.F.,(4,1,4),(-0.124233707271622,-0.0665780536148864,
0.),.UNSPECIFIED.);
#245=B_SPLINE_CURVE_WITH_KNOTS('',3,(#7844,#7845,#7846,#7847,#7848),
 .UNSPECIFIED.,.F.,.F.,(4,1,4),(0.,0.0542446218994503,0.110450906640981),
 .UNSPECIFIED.);
#246=B_SPLINE_CURVE_WITH_KNOTS('',3,(#7850,#7851,#7852,#7853,#7854),
 .UNSPECIFIED.,.F.,.F.,(4,1,4),(-0.110450906640981,-0.0542446218994503,
0.),.UNSPECIFIED.);
#247=B_SPLINE_CURVE_WITH_KNOTS('',3,(#7867,#7868,#7869,#7870,#7871),
 .UNSPECIFIED.,.F.,.F.,(4,1,4),(0.,0.0852491563096592,0.156744186311447),
 .UNSPECIFIED.);
#248=B_SPLINE_CURVE_WITH_KNOTS('',3,(#7873,#7874,#7875,#7876,#7877),
 .UNSPECIFIED.,.F.,.F.,(4,1,4),(-0.156744186311447,-0.0852491563096592,
0.),.UNSPECIFIED.);
#249=B_SPLINE_CURVE_WITH_KNOTS('',3,(#7890,#7891,#7892,#7893,#7894),
 .UNSPECIFIED.,.F.,.F.,(4,1,4),(0.,0.0656028343699517,0.132933645626409),
 .UNSPECIFIED.);
#250=B_SPLINE_CURVE_WITH_KNOTS('',3,(#7896,#7897,#7898,#7899,#7900),
 .UNSPECIFIED.,.F.,.F.,(4,1,4),(-0.132933645626409,-0.0656028343699517,
0.),.UNSPECIFIED.);
#251=B_SPLINE_CURVE_WITH_KNOTS('',3,(#7913,#7914,#7915,#7916,#7917),
 .UNSPECIFIED.,.F.,.F.,(4,1,4),(0.,0.0410099638744904,0.0807972584283796),
 .UNSPECIFIED.);
#252=B_SPLINE_CURVE_WITH_KNOTS('',3,(#7919,#7920,#7921,#7922,#7923),
 .UNSPECIFIED.,.F.,.F.,(4,1,4),(-0.0807972584283796,-0.0410099638744904,
0.),.UNSPECIFIED.);
#253=B_SPLINE_CURVE_WITH_KNOTS('',3,(#7936,#7937,#7938,#7939,#7940),
 .UNSPECIFIED.,.F.,.F.,(4,1,4),(0.,0.0388161302003417,0.0764771209824436),
 .UNSPECIFIED.);
#254=B_SPLINE_CURVE_WITH_KNOTS('',3,(#7942,#7943,#7944,#7945,#7946),
 .UNSPECIFIED.,.F.,.F.,(4,1,4),(-0.0764771209824436,-0.0388161302003417,
0.),.UNSPECIFIED.);
#255=B_SPLINE_CURVE_WITH_KNOTS('',3,(#7959,#7960,#7961,#7962,#7963),
 .UNSPECIFIED.,.F.,.F.,(4,1,4),(0.,0.0382352282394611,0.0779169616198987),
 .UNSPECIFIED.);
#256=B_SPLINE_CURVE_WITH_KNOTS('',3,(#7965,#7966,#7967,#7968,#7969),
 .UNSPECIFIED.,.F.,.F.,(4,1,4),(-0.0779169616198987,-0.0382352282394611,
0.),.UNSPECIFIED.);
#257=B_SPLINE_CURVE_WITH_KNOTS('',3,(#7982,#7983,#7984,#7985,#7986),
 .UNSPECIFIED.,.F.,.F.,(4,1,4),(0.,0.037056821205715,0.08859007521433),
 .UNSPECIFIED.);
#258=B_SPLINE_CURVE_WITH_KNOTS('',3,(#7988,#7989,#7990,#7991,#7992),
 .UNSPECIFIED.,.F.,.F.,(4,1,4),(-0.08859007521433,-0.037056821205715,0.),
 .UNSPECIFIED.);
#259=B_SPLINE_CURVE_WITH_KNOTS('',3,(#8005,#8006,#8007,#8008,#8009),
 .UNSPECIFIED.,.F.,.F.,(4,1,4),(0.,0.1044388400889,0.178622233817008),
 .UNSPECIFIED.);
#260=B_SPLINE_CURVE_WITH_KNOTS('',3,(#8011,#8012,#8013,#8014,#8015),
 .UNSPECIFIED.,.F.,.F.,(4,1,4),(-0.178622233817008,-0.1044388400889,0.),
 .UNSPECIFIED.);
#261=B_SPLINE_CURVE_WITH_KNOTS('',3,(#8028,#8029,#8030,#8031,#8032),
 .UNSPECIFIED.,.F.,.F.,(4,1,4),(0.,0.0165125991940676,0.0256541079784754),
 .UNSPECIFIED.);
#262=B_SPLINE_CURVE_WITH_KNOTS('',3,(#8034,#8035,#8036,#8037,#8038),
 .UNSPECIFIED.,.F.,.F.,(4,1,4),(-0.0256541079784754,-0.0165125991940676,
0.),.UNSPECIFIED.);
#263=B_SPLINE_CURVE_WITH_KNOTS('',3,(#8051,#8052,#8053,#8054,#8055),
 .UNSPECIFIED.,.F.,.F.,(4,1,4),(0.,0.0516306170835454,0.0910370388914938),
 .UNSPECIFIED.);
#264=B_SPLINE_CURVE_WITH_KNOTS('',3,(#8057,#8058,#8059,#8060,#8061),
 .UNSPECIFIED.,.F.,.F.,(4,1,4),(-0.0910370388914938,-0.0516306170835454,
0.),.UNSPECIFIED.);
#265=B_SPLINE_CURVE_WITH_KNOTS('',3,(#8074,#8075,#8076,#8077,#8078),
 .UNSPECIFIED.,.F.,.F.,(4,1,4),(0.,0.0530374196485297,0.118642305065273),
 .UNSPECIFIED.);
#266=B_SPLINE_CURVE_WITH_KNOTS('',3,(#8080,#8081,#8082,#8083,#8084),
 .UNSPECIFIED.,.F.,.F.,(4,1,4),(-0.118642305065273,-0.0530374196485297,
0.),.UNSPECIFIED.);
#267=B_SPLINE_CURVE_WITH_KNOTS('',3,(#8097,#8098,#8099,#8100,#8101),
 .UNSPECIFIED.,.F.,.F.,(4,1,4),(0.,0.0605373446007096,0.106396566042182),
 .UNSPECIFIED.);
#268=B_SPLINE_CURVE_WITH_KNOTS('',3,(#8103,#8104,#8105,#8106,#8107),
 .UNSPECIFIED.,.F.,.F.,(4,1,4),(-0.106396566042182,-0.0605373446007096,
0.),.UNSPECIFIED.);
#269=B_SPLINE_CURVE_WITH_KNOTS('',3,(#8120,#8121,#8122,#8123,#8124),
 .UNSPECIFIED.,.F.,.F.,(4,1,4),(0.,0.0442224927350066,0.100277981517259),
 .UNSPECIFIED.);
#270=B_SPLINE_CURVE_WITH_KNOTS('',3,(#8126,#8127,#8128,#8129,#8130),
 .UNSPECIFIED.,.F.,.F.,(4,1,4),(-0.100277981517259,-0.0442224927350066,
0.),.UNSPECIFIED.);
#271=B_SPLINE_CURVE_WITH_KNOTS('',3,(#8149,#8150,#8151,#8152,#8153),
 .UNSPECIFIED.,.F.,.F.,(4,1,4),(0.,0.0583611218568434,0.109239550038991),
 .UNSPECIFIED.);
#272=B_SPLINE_CURVE_WITH_KNOTS('',3,(#8155,#8156,#8157,#8158,#8159),
 .UNSPECIFIED.,.F.,.F.,(4,1,4),(-0.109239550038991,-0.0583611218568434,
0.),.UNSPECIFIED.);
#273=B_SPLINE_CURVE_WITH_KNOTS('',3,(#8172,#8173,#8174,#8175,#8176),
 .UNSPECIFIED.,.F.,.F.,(4,1,4),(0.,0.0497301557572729,0.105616614076507),
 .UNSPECIFIED.);
#274=B_SPLINE_CURVE_WITH_KNOTS('',3,(#8178,#8179,#8180,#8181,#8182),
 .UNSPECIFIED.,.F.,.F.,(4,1,4),(-0.105616614076507,-0.0497301557572729,
0.),.UNSPECIFIED.);
#275=B_SPLINE_CURVE_WITH_KNOTS('',3,(#8195,#8196,#8197,#8198,#8199),
 .UNSPECIFIED.,.F.,.F.,(4,1,4),(0.,0.0631489409457259,0.133594051738523),
 .UNSPECIFIED.);
#276=B_SPLINE_CURVE_WITH_KNOTS('',3,(#8201,#8202,#8203,#8204,#8205),
 .UNSPECIFIED.,.F.,.F.,(4,1,4),(-0.133594051738523,-0.0631489409457259,
0.),.UNSPECIFIED.);
#277=B_SPLINE_CURVE_WITH_KNOTS('',3,(#8218,#8219,#8220,#8221,#8222),
 .UNSPECIFIED.,.F.,.F.,(4,1,4),(0.,0.0673994157459785,0.122326497764533),
 .UNSPECIFIED.);
#278=B_SPLINE_CURVE_WITH_KNOTS('',3,(#8224,#8225,#8226,#8227,#8228),
 .UNSPECIFIED.,.F.,.F.,(4,1,4),(-0.122326497764533,-0.0673994157459785,
0.),.UNSPECIFIED.);
#279=B_SPLINE_CURVE_WITH_KNOTS('',3,(#8241,#8242,#8243,#8244,#8245),
 .UNSPECIFIED.,.F.,.F.,(4,1,4),(0.,0.0448143485501388,0.0818081742111452),
 .UNSPECIFIED.);
#280=B_SPLINE_CURVE_WITH_KNOTS('',3,(#8247,#8248,#8249,#8250,#8251),
 .UNSPECIFIED.,.F.,.F.,(4,1,4),(-0.0818081742111452,-0.0448143485501388,
0.),.UNSPECIFIED.);
#281=B_SPLINE_CURVE_WITH_KNOTS('',3,(#8264,#8265,#8266,#8267,#8268),
 .UNSPECIFIED.,.F.,.F.,(4,1,4),(0.,0.0352274041735211,0.0740343795132057),
 .UNSPECIFIED.);
#282=B_SPLINE_CURVE_WITH_KNOTS('',3,(#8270,#8271,#8272,#8273,#8274),
 .UNSPECIFIED.,.F.,.F.,(4,1,4),(-0.0740343795132057,-0.0352274041735211,
0.),.UNSPECIFIED.);
#283=B_SPLINE_CURVE_WITH_KNOTS('',3,(#8287,#8288,#8289,#8290,#8291),
 .UNSPECIFIED.,.F.,.F.,(4,1,4),(0.,0.0353900776398739,0.0907924937332117),
 .UNSPECIFIED.);
#284=B_SPLINE_CURVE_WITH_KNOTS('',3,(#8293,#8294,#8295,#8296,#8297),
 .UNSPECIFIED.,.F.,.F.,(4,1,4),(-0.0907924937332117,-0.0353900776398739,
0.),.UNSPECIFIED.);
#285=B_SPLINE_CURVE_WITH_KNOTS('',3,(#8316,#8317,#8318,#8319,#8320),
 .UNSPECIFIED.,.F.,.F.,(4,1,4),(0.,0.111811795990845,0.173451511793373),
 .UNSPECIFIED.);
#286=B_SPLINE_CURVE_WITH_KNOTS('',3,(#8322,#8323,#8324,#8325,#8326),
 .UNSPECIFIED.,.F.,.F.,(4,1,4),(-0.173451511793373,-0.111811795990845,0.),
 .UNSPECIFIED.);
#287=B_SPLINE_CURVE_WITH_KNOTS('',3,(#8339,#8340,#8341,#8342,#8343),
 .UNSPECIFIED.,.F.,.F.,(4,1,4),(0.,0.0367471524291173,0.0741418402978873),
 .UNSPECIFIED.);
#288=B_SPLINE_CURVE_WITH_KNOTS('',3,(#8345,#8346,#8347,#8348,#8349),
 .UNSPECIFIED.,.F.,.F.,(4,1,4),(-0.0741418402978873,-0.0367471524291173,
0.),.UNSPECIFIED.);
#289=B_SPLINE_CURVE_WITH_KNOTS('',3,(#8367,#8368,#8369,#8370,#8371),
 .UNSPECIFIED.,.F.,.F.,(4,1,4),(0.,0.0354478470703233,0.0744342700633343),
 .UNSPECIFIED.);
#290=B_SPLINE_CURVE_WITH_KNOTS('',3,(#8372,#8373,#8374,#8375,#8376),
 .UNSPECIFIED.,.F.,.F.,(4,1,4),(-0.0744342700633343,-0.0354478470703233,
0.),.UNSPECIFIED.);
#291=B_SPLINE_CURVE_WITH_KNOTS('',3,(#8399,#8400,#8401,#8402,#8403),
 .UNSPECIFIED.,.F.,.F.,(4,1,4),(0.,0.053843407090111,0.102251227592469),
 .UNSPECIFIED.);
#292=B_SPLINE_CURVE_WITH_KNOTS('',3,(#8405,#8406,#8407,#8408,#8409),
 .UNSPECIFIED.,.F.,.F.,(4,1,4),(-0.102251227592469,-0.053843407090111,0.),
 .UNSPECIFIED.);
#293=B_SPLINE_CURVE_WITH_KNOTS('',3,(#8422,#8423,#8424,#8425,#8426),
 .UNSPECIFIED.,.F.,.F.,(4,1,4),(0.,0.0505241135726032,0.110714970337908),
 .UNSPECIFIED.);
#294=B_SPLINE_CURVE_WITH_KNOTS('',3,(#8428,#8429,#8430,#8431,#8432),
 .UNSPECIFIED.,.F.,.F.,(4,1,4),(-0.110714970337908,-0.0505241135726032,
0.),.UNSPECIFIED.);
#295=B_SPLINE_CURVE_WITH_KNOTS('',3,(#8445,#8446,#8447,#8448,#8449),
 .UNSPECIFIED.,.F.,.F.,(4,1,4),(0.,0.0593372020213273,0.105675379262676),
 .UNSPECIFIED.);
#296=B_SPLINE_CURVE_WITH_KNOTS('',3,(#8451,#8452,#8453,#8454,#8455),
 .UNSPECIFIED.,.F.,.F.,(4,1,4),(-0.105675379262676,-0.0593372020213273,
0.),.UNSPECIFIED.);
#297=B_SPLINE_CURVE_WITH_KNOTS('',3,(#8468,#8469,#8470,#8471,#8472),
 .UNSPECIFIED.,.F.,.F.,(4,1,4),(0.,0.0387267010906352,0.0743988756650773),
 .UNSPECIFIED.);
#298=B_SPLINE_CURVE_WITH_KNOTS('',3,(#8474,#8475,#8476,#8477,#8478),
 .UNSPECIFIED.,.F.,.F.,(4,1,4),(-0.0743988756650773,-0.0387267010906352,
0.),.UNSPECIFIED.);
#299=B_SPLINE_CURVE_WITH_KNOTS('',3,(#8491,#8492,#8493,#8494,#8495),
 .UNSPECIFIED.,.F.,.F.,(4,1,4),(0.,0.0306071833694187,0.0619661091509318),
 .UNSPECIFIED.);
#300=B_SPLINE_CURVE_WITH_KNOTS('',3,(#8497,#8498,#8499,#8500,#8501),
 .UNSPECIFIED.,.F.,.F.,(4,1,4),(-0.0619661091509318,-0.0306071833694187,
0.),.UNSPECIFIED.);
#301=B_SPLINE_CURVE_WITH_KNOTS('',3,(#8514,#8515,#8516,#8517,#8518),
 .UNSPECIFIED.,.F.,.F.,(4,1,4),(0.,0.0382100705061477,0.10597249016307),
 .UNSPECIFIED.);
#302=B_SPLINE_CURVE_WITH_KNOTS('',3,(#8520,#8521,#8522,#8523,#8524),
 .UNSPECIFIED.,.F.,.F.,(4,1,4),(-0.10597249016307,-0.0382100705061477,0.),
 .UNSPECIFIED.);
#303=B_SPLINE_CURVE_WITH_KNOTS('',3,(#8537,#8538,#8539,#8540,#8541),
 .UNSPECIFIED.,.F.,.F.,(4,1,4),(0.,0.0949459871803243,0.157195242852857),
 .UNSPECIFIED.);
#304=B_SPLINE_CURVE_WITH_KNOTS('',3,(#8543,#8544,#8545,#8546,#8547),
 .UNSPECIFIED.,.F.,.F.,(4,1,4),(-0.157195242852857,-0.0949459871803243,
0.),.UNSPECIFIED.);
#305=B_SPLINE_CURVE_WITH_KNOTS('',3,(#8560,#8561,#8562,#8563,#8564),
 .UNSPECIFIED.,.F.,.F.,(4,1,4),(0.,0.0437067786050476,0.084844056569654),
 .UNSPECIFIED.);
#306=B_SPLINE_CURVE_WITH_KNOTS('',3,(#8566,#8567,#8568,#8569,#8570),
 .UNSPECIFIED.,.F.,.F.,(4,1,4),(-0.084844056569654,-0.0437067786050476,
0.),.UNSPECIFIED.);
#307=B_SPLINE_CURVE_WITH_KNOTS('',3,(#8583,#8584,#8585,#8586,#8587),
 .UNSPECIFIED.,.F.,.F.,(4,1,4),(0.,0.0404139133918166,0.0814919596368131),
 .UNSPECIFIED.);
#308=B_SPLINE_CURVE_WITH_KNOTS('',3,(#8589,#8590,#8591,#8592,#8593),
 .UNSPECIFIED.,.F.,.F.,(4,1,4),(-0.0814919596368131,-0.0404139133918166,
0.),.UNSPECIFIED.);
#309=B_SPLINE_CURVE_WITH_KNOTS('',3,(#8606,#8607,#8608,#8609,#8610),
 .UNSPECIFIED.,.F.,.F.,(4,1,4),(0.,0.0375749648512781,0.0745014120350087),
 .UNSPECIFIED.);
#310=B_SPLINE_CURVE_WITH_KNOTS('',3,(#8612,#8613,#8614,#8615,#8616),
 .UNSPECIFIED.,.F.,.F.,(4,1,4),(-0.0745014120350087,-0.0375749648512781,
0.),.UNSPECIFIED.);
#311=B_SPLINE_CURVE_WITH_KNOTS('',3,(#8629,#8630,#8631,#8632,#8633),
 .UNSPECIFIED.,.F.,.F.,(4,1,4),(0.,0.0367652051818459,0.0735698626416683),
 .UNSPECIFIED.);
#312=B_SPLINE_CURVE_WITH_KNOTS('',3,(#8635,#8636,#8637,#8638,#8639),
 .UNSPECIFIED.,.F.,.F.,(4,1,4),(-0.0735698626416683,-0.0367652051818459,
0.),.UNSPECIFIED.);
#313=B_SPLINE_CURVE_WITH_KNOTS('',3,(#8652,#8653,#8654,#8655,#8656),
 .UNSPECIFIED.,.F.,.F.,(4,1,4),(0.,0.0312630250005322,0.0689865943508371),
 .UNSPECIFIED.);
#314=B_SPLINE_CURVE_WITH_KNOTS('',3,(#8658,#8659,#8660,#8661,#8662),
 .UNSPECIFIED.,.F.,.F.,(4,1,4),(-0.0689865943508371,-0.0312630250005322,
0.),.UNSPECIFIED.);
#315=B_SPLINE_CURVE_WITH_KNOTS('',3,(#8675,#8676,#8677,#8678,#8679),
 .UNSPECIFIED.,.F.,.F.,(4,1,4),(0.,0.0419295799293294,0.0858884580641352),
 .UNSPECIFIED.);
#316=B_SPLINE_CURVE_WITH_KNOTS('',3,(#8681,#8682,#8683,#8684,#8685),
 .UNSPECIFIED.,.F.,.F.,(4,1,4),(-0.0858884580641352,-0.0419295799293294,
0.),.UNSPECIFIED.);
#317=B_SPLINE_CURVE_WITH_KNOTS('',3,(#8698,#8699,#8700,#8701,#8702),
 .UNSPECIFIED.,.F.,.F.,(4,1,4),(0.,0.0642398825374102,0.121884551365591),
 .UNSPECIFIED.);
#318=B_SPLINE_CURVE_WITH_KNOTS('',3,(#8704,#8705,#8706,#8707,#8708),
 .UNSPECIFIED.,.F.,.F.,(4,1,4),(-0.121884551365591,-0.0642398825374102,
0.),.UNSPECIFIED.);
#319=B_SPLINE_CURVE_WITH_KNOTS('',3,(#8721,#8722,#8723,#8724,#8725),
 .UNSPECIFIED.,.F.,.F.,(4,1,4),(0.,0.0504299722643751,0.09384895823472),
 .UNSPECIFIED.);
#320=B_SPLINE_CURVE_WITH_KNOTS('',3,(#8727,#8728,#8729,#8730,#8731),
 .UNSPECIFIED.,.F.,.F.,(4,1,4),(-0.09384895823472,-0.0504299722643751,0.),
 .UNSPECIFIED.);
#321=B_SPLINE_CURVE_WITH_KNOTS('',3,(#8744,#8745,#8746,#8747,#8748),
 .UNSPECIFIED.,.F.,.F.,(4,1,4),(0.,0.0443666991004258,0.0965815766809859),
 .UNSPECIFIED.);
#322=B_SPLINE_CURVE_WITH_KNOTS('',3,(#8750,#8751,#8752,#8753,#8754),
 .UNSPECIFIED.,.F.,.F.,(4,1,4),(-0.0965815766809859,-0.0443666991004258,
0.),.UNSPECIFIED.);
#323=B_SPLINE_CURVE_WITH_KNOTS('',3,(#8773,#8774,#8775,#8776,#8777),
 .UNSPECIFIED.,.F.,.F.,(4,1,4),(0.,0.0418287226916439,0.0809997111564527),
 .UNSPECIFIED.);
#324=B_SPLINE_CURVE_WITH_KNOTS('',3,(#8779,#8780,#8781,#8782,#8783),
 .UNSPECIFIED.,.F.,.F.,(4,1,4),(-0.0809997111564527,-0.0418287226916439,
0.),.UNSPECIFIED.);
#325=B_SPLINE_CURVE_WITH_KNOTS('',3,(#8796,#8797,#8798,#8799,#8800),
 .UNSPECIFIED.,.F.,.F.,(4,1,4),(0.,0.0422811119279567,0.0934855771850244),
 .UNSPECIFIED.);
#326=B_SPLINE_CURVE_WITH_KNOTS('',3,(#8802,#8803,#8804,#8805,#8806),
 .UNSPECIFIED.,.F.,.F.,(4,1,4),(-0.0934855771850244,-0.0422811119279567,
0.),.UNSPECIFIED.);
#327=B_SPLINE_CURVE_WITH_KNOTS('',3,(#8819,#8820,#8821,#8822,#8823),
 .UNSPECIFIED.,.F.,.F.,(4,1,4),(0.,0.0582501875585443,0.100347708216629),
 .UNSPECIFIED.);
#328=B_SPLINE_CURVE_WITH_KNOTS('',3,(#8825,#8826,#8827,#8828,#8829),
 .UNSPECIFIED.,.F.,.F.,(4,1,4),(-0.100347708216629,-0.0582501875585443,
0.),.UNSPECIFIED.);
#329=B_SPLINE_CURVE_WITH_KNOTS('',3,(#8842,#8843,#8844,#8845,#8846),
 .UNSPECIFIED.,.F.,.F.,(4,1,4),(0.,0.0325610984913569,0.061579981047637),
 .UNSPECIFIED.);
#330=B_SPLINE_CURVE_WITH_KNOTS('',3,(#8848,#8849,#8850,#8851,#8852),
 .UNSPECIFIED.,.F.,.F.,(4,1,4),(-0.061579981047637,-0.0325610984913569,
0.),.UNSPECIFIED.);
#331=B_SPLINE_CURVE_WITH_KNOTS('',3,(#8865,#8866,#8867,#8868,#8869),
 .UNSPECIFIED.,.F.,.F.,(4,1,4),(0.,0.0183911408791768,0.0369556084807026),
 .UNSPECIFIED.);
#332=B_SPLINE_CURVE_WITH_KNOTS('',3,(#8871,#8872,#8873,#8874,#8875),
 .UNSPECIFIED.,.F.,.F.,(4,1,4),(-0.0369556084807026,-0.0183911408791768,
0.),.UNSPECIFIED.);
#333=B_SPLINE_CURVE_WITH_KNOTS('',3,(#8888,#8889,#8890,#8891,#8892),
 .UNSPECIFIED.,.F.,.F.,(4,1,4),(0.,0.0211371935889618,0.0462800165564704),
 .UNSPECIFIED.);
#334=B_SPLINE_CURVE_WITH_KNOTS('',3,(#8894,#8895,#8896,#8897,#8898),
 .UNSPECIFIED.,.F.,.F.,(4,1,4),(-0.0462800165564704,-0.0211371935889618,
0.),.UNSPECIFIED.);
#335=B_SPLINE_CURVE_WITH_KNOTS('',3,(#8911,#8912,#8913,#8914,#8915),
 .UNSPECIFIED.,.F.,.F.,(4,1,4),(0.,0.0304215054781561,0.0903328579105628),
 .UNSPECIFIED.);
#336=B_SPLINE_CURVE_WITH_KNOTS('',3,(#8917,#8918,#8919,#8920,#8921),
 .UNSPECIFIED.,.F.,.F.,(4,1,4),(-0.0903328579105628,-0.0304215054781561,
0.),.UNSPECIFIED.);
#337=B_SPLINE_CURVE_WITH_KNOTS('',3,(#8934,#8935,#8936,#8937,#8938),
 .UNSPECIFIED.,.F.,.F.,(4,1,4),(0.,0.0920204250906055,0.152473856001632),
 .UNSPECIFIED.);
#338=B_SPLINE_CURVE_WITH_KNOTS('',3,(#8940,#8941,#8942,#8943,#8944),
 .UNSPECIFIED.,.F.,.F.,(4,1,4),(-0.152473856001632,-0.0920204250906055,
0.),.UNSPECIFIED.);
#339=B_SPLINE_CURVE_WITH_KNOTS('',3,(#8957,#8958,#8959,#8960,#8961),
 .UNSPECIFIED.,.F.,.F.,(4,1,4),(0.,0.0427236136026539,0.0835515300973163),
 .UNSPECIFIED.);
#340=B_SPLINE_CURVE_WITH_KNOTS('',3,(#8963,#8964,#8965,#8966,#8967),
 .UNSPECIFIED.,.F.,.F.,(4,1,4),(-0.0835515300973163,-0.0427236136026539,
0.),.UNSPECIFIED.);
#341=B_SPLINE_CURVE_WITH_KNOTS('',3,(#8980,#8981,#8982,#8983,#8984),
 .UNSPECIFIED.,.F.,.F.,(4,1,4),(0.,0.0418104375316516,0.0882940021812579),
 .UNSPECIFIED.);
#342=B_SPLINE_CURVE_WITH_KNOTS('',3,(#8986,#8987,#8988,#8989,#8990),
 .UNSPECIFIED.,.F.,.F.,(4,1,4),(-0.0882940021812579,-0.0418104375316516,
0.),.UNSPECIFIED.);
#343=B_SPLINE_CURVE_WITH_KNOTS('',3,(#9003,#9004,#9005,#9006,#9007),
 .UNSPECIFIED.,.F.,.F.,(4,1,4),(0.,0.0482157009939649,0.097916412032632),
 .UNSPECIFIED.);
#344=B_SPLINE_CURVE_WITH_KNOTS('',3,(#9009,#9010,#9011,#9012,#9013),
 .UNSPECIFIED.,.F.,.F.,(4,1,4),(-0.097916412032632,-0.0482157009939649,
0.),.UNSPECIFIED.);
#345=B_SPLINE_CURVE_WITH_KNOTS('',3,(#9026,#9027,#9028,#9029,#9030),
 .UNSPECIFIED.,.F.,.F.,(4,1,4),(0.,0.0520059726170528,0.107631938061527),
 .UNSPECIFIED.);
#346=B_SPLINE_CURVE_WITH_KNOTS('',3,(#9032,#9033,#9034,#9035,#9036),
 .UNSPECIFIED.,.F.,.F.,(4,1,4),(-0.107631938061527,-0.0520059726170528,
0.),.UNSPECIFIED.);
#347=B_SPLINE_CURVE_WITH_KNOTS('',3,(#9049,#9050,#9051,#9052,#9053),
 .UNSPECIFIED.,.F.,.F.,(4,1,4),(0.,0.0602616064867004,0.125199137832956),
 .UNSPECIFIED.);
#348=B_SPLINE_CURVE_WITH_KNOTS('',3,(#9055,#9056,#9057,#9058,#9059),
 .UNSPECIFIED.,.F.,.F.,(4,1,4),(-0.125199137832956,-0.0602616064867004,
0.),.UNSPECIFIED.);
#349=B_SPLINE_CURVE_WITH_KNOTS('',3,(#9072,#9073,#9074,#9075,#9076),
 .UNSPECIFIED.,.F.,.F.,(4,1,4),(0.,0.100211536183058,0.180935856087454),
 .UNSPECIFIED.);
#350=B_SPLINE_CURVE_WITH_KNOTS('',3,(#9078,#9079,#9080,#9081,#9082),
 .UNSPECIFIED.,.F.,.F.,(4,1,4),(-0.180935856087454,-0.100211536183058,0.),
 .UNSPECIFIED.);
#351=B_SPLINE_CURVE_WITH_KNOTS('',3,(#9094,#9095,#9096,#9097,#9098),
 .UNSPECIFIED.,.F.,.F.,(4,1,4),(0.,0.075800314577712,0.161112831033611),
 .UNSPECIFIED.);
#352=B_SPLINE_CURVE_WITH_KNOTS('',3,(#9099,#9100,#9101,#9102,#9103),
 .UNSPECIFIED.,.F.,.F.,(4,1,4),(-0.161112831033611,-0.075800314577712,0.),
 .UNSPECIFIED.);
#353=B_SPLINE_CURVE_WITH_KNOTS('',3,(#9137,#9138,#9139,#9140,#9141),
 .UNSPECIFIED.,.F.,.F.,(4,1,4),(0.,0.0498523895893144,0.100536373312594),
 .UNSPECIFIED.);
#354=B_SPLINE_CURVE_WITH_KNOTS('',3,(#9143,#9144,#9145,#9146,#9147),
 .UNSPECIFIED.,.F.,.F.,(4,1,4),(-0.100536373312594,-0.0498523895893144,
0.),.UNSPECIFIED.);
#355=B_SPLINE_CURVE_WITH_KNOTS('',3,(#9160,#9161,#9162,#9163,#9164),
 .UNSPECIFIED.,.F.,.F.,(4,1,4),(0.,0.0521866525056647,0.10727569311015),
 .UNSPECIFIED.);
#356=B_SPLINE_CURVE_WITH_KNOTS('',3,(#9166,#9167,#9168,#9169,#9170),
 .UNSPECIFIED.,.F.,.F.,(4,1,4),(-0.10727569311015,-0.0521866525056647,0.),
 .UNSPECIFIED.);
#357=B_SPLINE_CURVE_WITH_KNOTS('',3,(#9183,#9184,#9185,#9186,#9187),
 .UNSPECIFIED.,.F.,.F.,(4,1,4),(0.,0.0589752682175151,0.110073655763402),
 .UNSPECIFIED.);
#358=B_SPLINE_CURVE_WITH_KNOTS('',3,(#9189,#9190,#9191,#9192,#9193),
 .UNSPECIFIED.,.F.,.F.,(4,1,4),(-0.110073655763402,-0.0589752682175151,
0.),.UNSPECIFIED.);
#359=B_SPLINE_CURVE_WITH_KNOTS('',3,(#9206,#9207,#9208,#9209,#9210),
 .UNSPECIFIED.,.F.,.F.,(4,1,4),(0.,0.0475597563060536,0.0960557262221036),
 .UNSPECIFIED.);
#360=B_SPLINE_CURVE_WITH_KNOTS('',3,(#9212,#9213,#9214,#9215,#9216),
 .UNSPECIFIED.,.F.,.F.,(4,1,4),(-0.0960557262221036,-0.0475597563060536,
0.),.UNSPECIFIED.);
#361=B_SPLINE_CURVE_WITH_KNOTS('',3,(#9229,#9230,#9231,#9232,#9233),
 .UNSPECIFIED.,.F.,.F.,(4,1,4),(0.,0.109800148813518,0.212837616941795),
 .UNSPECIFIED.);
#362=B_SPLINE_CURVE_WITH_KNOTS('',3,(#9235,#9236,#9237,#9238,#9239),
 .UNSPECIFIED.,.F.,.F.,(4,1,4),(-0.212837616941795,-0.109800148813518,0.),
 .UNSPECIFIED.);
#363=B_SPLINE_CURVE_WITH_KNOTS('',3,(#9252,#9253,#9254,#9255,#9256),
 .UNSPECIFIED.,.F.,.F.,(4,1,4),(0.,0.077190139803214,0.143951876052244),
 .UNSPECIFIED.);
#364=B_SPLINE_CURVE_WITH_KNOTS('',3,(#9258,#9259,#9260,#9261,#9262),
 .UNSPECIFIED.,.F.,.F.,(4,1,4),(-0.143951876052244,-0.077190139803214,0.),
 .UNSPECIFIED.);
#365=B_SPLINE_CURVE_WITH_KNOTS('',3,(#9275,#9276,#9277,#9278,#9279),
 .UNSPECIFIED.,.F.,.F.,(4,1,4),(0.,0.0699111777993273,0.157111336837091),
 .UNSPECIFIED.);
#366=B_SPLINE_CURVE_WITH_KNOTS('',3,(#9281,#9282,#9283,#9284,#9285),
 .UNSPECIFIED.,.F.,.F.,(4,1,4),(-0.157111336837091,-0.0699111777993273,
0.),.UNSPECIFIED.);
#367=B_SPLINE_CURVE_WITH_KNOTS('',3,(#9316,#9317,#9318,#9319,#9320),
 .UNSPECIFIED.,.F.,.F.,(4,1,4),(0.,0.0507383542480345,0.0856554033761186),
 .UNSPECIFIED.);
#368=B_SPLINE_CURVE_WITH_KNOTS('',3,(#9322,#9323,#9324,#9325,#9326),
 .UNSPECIFIED.,.F.,.F.,(4,1,4),(-0.0856554033761186,-0.0507383542480345,
0.),.UNSPECIFIED.);
#369=B_SPLINE_CURVE_WITH_KNOTS('',3,(#9339,#9340,#9341,#9342,#9343),
 .UNSPECIFIED.,.F.,.F.,(4,1,4),(0.,0.0269813124418246,0.0550300305782793),
 .UNSPECIFIED.);
#370=B_SPLINE_CURVE_WITH_KNOTS('',3,(#9345,#9346,#9347,#9348,#9349),
 .UNSPECIFIED.,.F.,.F.,(4,1,4),(-0.0550300305782793,-0.0269813124418246,
0.),.UNSPECIFIED.);
#371=B_SPLINE_CURVE_WITH_KNOTS('',3,(#9362,#9363,#9364,#9365,#9366),
 .UNSPECIFIED.,.F.,.F.,(4,1,4),(0.,0.0297552943561004,0.0616521490130986),
 .UNSPECIFIED.);
#372=B_SPLINE_CURVE_WITH_KNOTS('',3,(#9368,#9369,#9370,#9371,#9372),
 .UNSPECIFIED.,.F.,.F.,(4,1,4),(-0.0616521490130986,-0.0297552943561004,
0.),.UNSPECIFIED.);
#373=B_SPLINE_CURVE_WITH_KNOTS('',3,(#9385,#9386,#9387,#9388,#9389),
 .UNSPECIFIED.,.F.,.F.,(4,1,4),(0.,0.0568498752642688,0.111677051889733),
 .UNSPECIFIED.);
#374=B_SPLINE_CURVE_WITH_KNOTS('',3,(#9391,#9392,#9393,#9394,#9395),
 .UNSPECIFIED.,.F.,.F.,(4,1,4),(-0.111677051889733,-0.0568498752642688,
0.),.UNSPECIFIED.);
#375=B_SPLINE_CURVE_WITH_KNOTS('',3,(#9408,#9409,#9410,#9411,#9412),
 .UNSPECIFIED.,.F.,.F.,(4,1,4),(0.,0.060925613985713,0.138867319378597),
 .UNSPECIFIED.);
#376=B_SPLINE_CURVE_WITH_KNOTS('',3,(#9414,#9415,#9416,#9417,#9418),
 .UNSPECIFIED.,.F.,.F.,(4,1,4),(-0.138867319378597,-0.060925613985713,0.),
 .UNSPECIFIED.);
#377=B_SPLINE_CURVE_WITH_KNOTS('',3,(#9449,#9450,#9451,#9452,#9453),
 .UNSPECIFIED.,.F.,.F.,(4,1,4),(0.,0.0576124179327188,0.102326720335145),
 .UNSPECIFIED.);
#378=B_SPLINE_CURVE_WITH_KNOTS('',3,(#9455,#9456,#9457,#9458,#9459),
 .UNSPECIFIED.,.F.,.F.,(4,1,4),(-0.102326720335145,-0.0576124179327188,
0.),.UNSPECIFIED.);
#379=B_SPLINE_CURVE_WITH_KNOTS('',3,(#9472,#9473,#9474,#9475,#9476),
 .UNSPECIFIED.,.F.,.F.,(4,1,4),(0.,0.0400597715558161,0.0876985876088458),
 .UNSPECIFIED.);
#380=B_SPLINE_CURVE_WITH_KNOTS('',3,(#9478,#9479,#9480,#9481,#9482),
 .UNSPECIFIED.,.F.,.F.,(4,1,4),(-0.0876985876088458,-0.0400597715558161,
0.),.UNSPECIFIED.);
#381=B_SPLINE_CURVE_WITH_KNOTS('',3,(#9495,#9496,#9497,#9498,#9499),
 .UNSPECIFIED.,.F.,.F.,(4,1,4),(0.,0.0402759975830394,0.0805230192063412),
 .UNSPECIFIED.);
#382=B_SPLINE_CURVE_WITH_KNOTS('',3,(#9501,#9502,#9503,#9504,#9505),
 .UNSPECIFIED.,.F.,.F.,(4,1,4),(-0.0805230192063412,-0.0402759975830394,
0.),.UNSPECIFIED.);
#383=B_SPLINE_CURVE_WITH_KNOTS('',3,(#9518,#9519,#9520,#9521,#9522),
 .UNSPECIFIED.,.F.,.F.,(4,1,4),(0.,0.0405426980652795,0.082898887042712),
 .UNSPECIFIED.);
#384=B_SPLINE_CURVE_WITH_KNOTS('',3,(#9524,#9525,#9526,#9527,#9528),
 .UNSPECIFIED.,.F.,.F.,(4,1,4),(-0.082898887042712,-0.0405426980652795,
0.),.UNSPECIFIED.);
#385=B_SPLINE_CURVE_WITH_KNOTS('',3,(#9541,#9542,#9543,#9544,#9545),
 .UNSPECIFIED.,.F.,.F.,(4,1,4),(0.,0.0526512806408783,0.122613142738075),
 .UNSPECIFIED.);
#386=B_SPLINE_CURVE_WITH_KNOTS('',3,(#9547,#9548,#9549,#9550,#9551),
 .UNSPECIFIED.,.F.,.F.,(4,1,4),(-0.122613142738075,-0.0526512806408783,
0.),.UNSPECIFIED.);
#387=B_SPLINE_CURVE_WITH_KNOTS('',3,(#9595,#9596,#9597,#9598,#9599),
 .UNSPECIFIED.,.F.,.F.,(4,1,4),(0.,0.0980694376308733,0.195889606588466),
 .UNSPECIFIED.);
#388=B_SPLINE_CURVE_WITH_KNOTS('',3,(#9601,#9602,#9603,#9604,#9605),
 .UNSPECIFIED.,.F.,.F.,(4,1,4),(-0.195889606588466,-0.0980694376308733,
0.),.UNSPECIFIED.);
#389=B_SPLINE_CURVE_WITH_KNOTS('',3,(#9618,#9619,#9620,#9621,#9622),
 .UNSPECIFIED.,.F.,.F.,(4,1,4),(0.,0.0604970251496128,0.115593655616072),
 .UNSPECIFIED.);
#390=B_SPLINE_CURVE_WITH_KNOTS('',3,(#9624,#9625,#9626,#9627,#9628),
 .UNSPECIFIED.,.F.,.F.,(4,1,4),(-0.115593655616072,-0.0604970251496128,
0.),.UNSPECIFIED.);
#391=B_SPLINE_CURVE_WITH_KNOTS('',3,(#9641,#9642,#9643,#9644,#9645),
 .UNSPECIFIED.,.F.,.F.,(4,1,4),(0.,0.0507100949725928,0.0990125771243868),
 .UNSPECIFIED.);
#392=B_SPLINE_CURVE_WITH_KNOTS('',3,(#9647,#9648,#9649,#9650,#9651),
 .UNSPECIFIED.,.F.,.F.,(4,1,4),(-0.0990125771243868,-0.0507100949725928,
0.),.UNSPECIFIED.);
#393=B_SPLINE_CURVE_WITH_KNOTS('',3,(#9664,#9665,#9666,#9667,#9668),
 .UNSPECIFIED.,.F.,.F.,(4,1,4),(0.,0.0569501705349572,0.132158519194861),
 .UNSPECIFIED.);
#394=B_SPLINE_CURVE_WITH_KNOTS('',3,(#9670,#9671,#9672,#9673,#9674),
 .UNSPECIFIED.,.F.,.F.,(4,1,4),(-0.132158519194861,-0.0569501705349572,
0.),.UNSPECIFIED.);
#395=B_SPLINE_CURVE_WITH_KNOTS('',3,(#9705,#9706,#9707,#9708,#9709),
 .UNSPECIFIED.,.F.,.F.,(4,1,4),(0.,0.0641410100489836,0.113871941516985),
 .UNSPECIFIED.);
#396=B_SPLINE_CURVE_WITH_KNOTS('',3,(#9711,#9712,#9713,#9714,#9715),
 .UNSPECIFIED.,.F.,.F.,(4,1,4),(-0.113871941516985,-0.0641410100489836,
0.),.UNSPECIFIED.);
#397=B_SPLINE_CURVE_WITH_KNOTS('',3,(#9728,#9729,#9730,#9731,#9732),
 .UNSPECIFIED.,.F.,.F.,(4,1,4),(0.,0.0460316948316901,0.0984806752211839),
 .UNSPECIFIED.);
#398=B_SPLINE_CURVE_WITH_KNOTS('',3,(#9734,#9735,#9736,#9737,#9738),
 .UNSPECIFIED.,.F.,.F.,(4,1,4),(-0.0984806752211839,-0.0460316948316901,
0.),.UNSPECIFIED.);
#399=B_SPLINE_CURVE_WITH_KNOTS('',3,(#9751,#9752,#9753,#9754,#9755),
 .UNSPECIFIED.,.F.,.F.,(4,1,4),(0.,0.0427367496861014,0.0859800436887257),
 .UNSPECIFIED.);
#400=B_SPLINE_CURVE_WITH_KNOTS('',3,(#9757,#9758,#9759,#9760,#9761),
 .UNSPECIFIED.,.F.,.F.,(4,1,4),(-0.0859800436887257,-0.0427367496861014,
0.),.UNSPECIFIED.);
#401=B_SPLINE_CURVE_WITH_KNOTS('',3,(#9774,#9775,#9776,#9777,#9778),
 .UNSPECIFIED.,.F.,.F.,(4,1,4),(0.,0.0423892419300449,0.0834374351462063),
 .UNSPECIFIED.);
#402=B_SPLINE_CURVE_WITH_KNOTS('',3,(#9780,#9781,#9782,#9783,#9784),
 .UNSPECIFIED.,.F.,.F.,(4,1,4),(-0.0834374351462063,-0.0423892419300449,
0.),.UNSPECIFIED.);
#403=B_SPLINE_CURVE_WITH_KNOTS('',3,(#9797,#9798,#9799,#9800,#9801),
 .UNSPECIFIED.,.F.,.F.,(4,1,4),(0.,0.0477185209625139,0.108701861572069),
 .UNSPECIFIED.);
#404=B_SPLINE_CURVE_WITH_KNOTS('',3,(#9803,#9804,#9805,#9806,#9807),
 .UNSPECIFIED.,.F.,.F.,(4,1,4),(-0.108701861572069,-0.0477185209625139,
0.),.UNSPECIFIED.);
#405=B_SPLINE_CURVE_WITH_KNOTS('',3,(#9831,#9832,#9833,#9834,#9835),
 .UNSPECIFIED.,.F.,.F.,(4,1,4),(0.,0.0900479320627399,0.154508460372009),
 .UNSPECIFIED.);
#406=B_SPLINE_CURVE_WITH_KNOTS('',3,(#9839,#9840,#9841,#9842,#9843),
 .UNSPECIFIED.,.F.,.F.,(4,1,4),(-0.154508460372009,-0.0900479320627399,
0.),.UNSPECIFIED.);
#407=B_SPLINE_CURVE_WITH_KNOTS('',3,(#9856,#9857,#9858,#9859,#9860),
 .UNSPECIFIED.,.F.,.F.,(4,1,4),(0.,0.0788310763919851,0.152263047308025),
 .UNSPECIFIED.);
#408=B_SPLINE_CURVE_WITH_KNOTS('',3,(#9862,#9863,#9864,#9865,#9866),
 .UNSPECIFIED.,.F.,.F.,(4,1,4),(-0.152263047308025,-0.0788310763919851,
0.),.UNSPECIFIED.);
#409=B_SPLINE_CURVE_WITH_KNOTS('',3,(#9879,#9880,#9881,#9882,#9883),
 .UNSPECIFIED.,.F.,.F.,(4,1,4),(0.,0.0616346249963239,0.127900382610874),
 .UNSPECIFIED.);
#410=B_SPLINE_CURVE_WITH_KNOTS('',3,(#9885,#9886,#9887,#9888,#9889),
 .UNSPECIFIED.,.F.,.F.,(4,1,4),(-0.127900382610874,-0.0616346249963239,
0.),.UNSPECIFIED.);
#411=B_SPLINE_CURVE_WITH_KNOTS('',3,(#9902,#9903,#9904,#9905,#9906),
 .UNSPECIFIED.,.F.,.F.,(4,1,4),(0.,0.0780343176836994,0.175807690565759),
 .UNSPECIFIED.);
#412=B_SPLINE_CURVE_WITH_KNOTS('',3,(#9908,#9909,#9910,#9911,#9912),
 .UNSPECIFIED.,.F.,.F.,(4,1,4),(-0.175807690565759,-0.0780343176836994,
0.),.UNSPECIFIED.);
#413=B_SPLINE_CURVE_WITH_KNOTS('',3,(#9925,#9926,#9927,#9928,#9929),
 .UNSPECIFIED.,.F.,.F.,(4,1,4),(0.,0.0992758084340329,0.176000088532119),
 .UNSPECIFIED.);
#414=B_SPLINE_CURVE_WITH_KNOTS('',3,(#9931,#9932,#9933,#9934,#9935),
 .UNSPECIFIED.,.F.,.F.,(4,1,4),(-0.176000088532119,-0.0992758084340329,
0.),.UNSPECIFIED.);
#415=B_SPLINE_CURVE_WITH_KNOTS('',3,(#9948,#9949,#9950,#9951,#9952),
 .UNSPECIFIED.,.F.,.F.,(4,1,4),(0.,0.0641446455381117,0.124807708612012),
 .UNSPECIFIED.);
#416=B_SPLINE_CURVE_WITH_KNOTS('',3,(#9954,#9955,#9956,#9957,#9958),
 .UNSPECIFIED.,.F.,.F.,(4,1,4),(-0.124807708612012,-0.0641446455381117,
0.),.UNSPECIFIED.);
#417=B_SPLINE_CURVE_WITH_KNOTS('',3,(#9971,#9972,#9973,#9974,#9975),
 .UNSPECIFIED.,.F.,.F.,(4,1,4),(0.,0.0616346114732464,0.127900406821688),
 .UNSPECIFIED.);
#418=B_SPLINE_CURVE_WITH_KNOTS('',3,(#9977,#9978,#9979,#9980,#9981),
 .UNSPECIFIED.,.F.,.F.,(4,1,4),(-0.127900406821688,-0.0616346114732464,
0.),.UNSPECIFIED.);
#419=B_SPLINE_CURVE_WITH_KNOTS('',3,(#9993,#9994,#9995,#9996,#9997),
 .UNSPECIFIED.,.F.,.F.,(4,1,4),(0.,0.0769405082032179,0.171058027971735),
 .UNSPECIFIED.);
#420=B_SPLINE_CURVE_WITH_KNOTS('',3,(#9998,#9999,#10000,#10001,#10002),
 .UNSPECIFIED.,.F.,.F.,(4,1,4),(-0.171058027971735,-0.0769405082032179,
0.),.UNSPECIFIED.);
#421=B_SPLINE_CURVE_WITH_KNOTS('',3,(#10041,#10042,#10043,#10044,#10045),
 .UNSPECIFIED.,.F.,.F.,(4,1,4),(0.,0.0918624242366747,0.181993552524369),
 .UNSPECIFIED.);
#422=B_SPLINE_CURVE_WITH_KNOTS('',3,(#10047,#10048,#10049,#10050,#10051),
 .UNSPECIFIED.,.F.,.F.,(4,1,4),(-0.181993552524369,-0.0918624242366747,
0.),.UNSPECIFIED.);
#423=B_SPLINE_CURVE_WITH_KNOTS('',3,(#10064,#10065,#10066,#10067,#10068),
 .UNSPECIFIED.,.F.,.F.,(4,1,4),(0.,0.052324647846779,0.104094894836),
 .UNSPECIFIED.);
#424=B_SPLINE_CURVE_WITH_KNOTS('',3,(#10070,#10071,#10072,#10073,#10074),
 .UNSPECIFIED.,.F.,.F.,(4,1,4),(-0.104094894836,-0.052324647846779,0.),
 .UNSPECIFIED.);
#425=B_SPLINE_CURVE_WITH_KNOTS('',3,(#10087,#10088,#10089,#10090,#10091),
 .UNSPECIFIED.,.F.,.F.,(4,1,4),(0.,0.0506544088248163,0.099950127930086),
 .UNSPECIFIED.);
#426=B_SPLINE_CURVE_WITH_KNOTS('',3,(#10093,#10094,#10095,#10096,#10097),
 .UNSPECIFIED.,.F.,.F.,(4,1,4),(-0.099950127930086,-0.0506544088248163,
0.),.UNSPECIFIED.);
#427=B_SPLINE_CURVE_WITH_KNOTS('',3,(#10110,#10111,#10112,#10113,#10114),
 .UNSPECIFIED.,.F.,.F.,(4,1,4),(0.,0.0510717911678861,0.106236739357161),
 .UNSPECIFIED.);
#428=B_SPLINE_CURVE_WITH_KNOTS('',3,(#10116,#10117,#10118,#10119,#10120),
 .UNSPECIFIED.,.F.,.F.,(4,1,4),(-0.106236739357161,-0.0510717911678861,
0.),.UNSPECIFIED.);
#429=B_SPLINE_CURVE_WITH_KNOTS('',3,(#10133,#10134,#10135,#10136,#10137),
 .UNSPECIFIED.,.F.,.F.,(4,1,4),(0.,0.0585105183854962,0.119512787833425),
 .UNSPECIFIED.);
#430=B_SPLINE_CURVE_WITH_KNOTS('',3,(#10139,#10140,#10141,#10142,#10143),
 .UNSPECIFIED.,.F.,.F.,(4,1,4),(-0.119512787833425,-0.0585105183854962,
0.),.UNSPECIFIED.);
#431=B_SPLINE_CURVE_WITH_KNOTS('',3,(#10156,#10157,#10158,#10159,#10160),
 .UNSPECIFIED.,.F.,.F.,(4,1,4),(0.,0.133338127147057,0.246038115521135),
 .UNSPECIFIED.);
#432=B_SPLINE_CURVE_WITH_KNOTS('',3,(#10162,#10163,#10164,#10165,#10166),
 .UNSPECIFIED.,.F.,.F.,(4,1,4),(-0.246038115521135,-0.133338127147057,0.),
 .UNSPECIFIED.);
#433=B_SPLINE_CURVE_WITH_KNOTS('',3,(#10179,#10180,#10181,#10182,#10183),
 .UNSPECIFIED.,.F.,.F.,(4,1,4),(0.,0.101418949231278,0.199323256259069),
 .UNSPECIFIED.);
#434=B_SPLINE_CURVE_WITH_KNOTS('',3,(#10185,#10186,#10187,#10188,#10189),
 .UNSPECIFIED.,.F.,.F.,(4,1,4),(-0.199323256259069,-0.101418949231278,0.),
 .UNSPECIFIED.);
#435=B_SPLINE_CURVE_WITH_KNOTS('',3,(#10202,#10203,#10204,#10205,#10206),
 .UNSPECIFIED.,.F.,.F.,(4,1,4),(0.,0.0940139186195065,0.188623041513719),
 .UNSPECIFIED.);
#436=B_SPLINE_CURVE_WITH_KNOTS('',3,(#10208,#10209,#10210,#10211,#10212),
 .UNSPECIFIED.,.F.,.F.,(4,1,4),(-0.188623041513719,-0.0940139186195065,
0.),.UNSPECIFIED.);
#437=B_SPLINE_SURFACE_WITH_KNOTS('',3,1,((#6796,#6797),(#6798,#6799),(#6800,
#6801),(#6802,#6803),(#6804,#6805)),.UNSPECIFIED.,.F.,.F.,.F.,(4,1,4),(2,
2),(-0.175367534393653,-0.0977908759536201,0.),(0.,0.08),.UNSPECIFIED.);
#438=B_SPLINE_SURFACE_WITH_KNOTS('',3,1,((#6819,#6820),(#6821,#6822),(#6823,
#6824),(#6825,#6826),(#6827,#6828)),.UNSPECIFIED.,.F.,.F.,.F.,(4,1,4),(2,
2),(-0.158882511100879,-0.078852285577079,0.),(0.,0.08),.UNSPECIFIED.);
#439=B_SPLINE_SURFACE_WITH_KNOTS('',3,1,((#6895,#6896),(#6897,#6898),(#6899,
#6900),(#6901,#6902),(#6903,#6904)),.UNSPECIFIED.,.F.,.F.,.F.,(4,1,4),(2,
2),(-0.176448146362968,-0.0980941057358762,0.),(0.,0.08),.UNSPECIFIED.);
#440=B_SPLINE_SURFACE_WITH_KNOTS('',3,1,((#6921,#6922),(#6923,#6924),(#6925,
#6926),(#6927,#6928),(#6929,#6930)),.UNSPECIFIED.,.F.,.F.,.F.,(4,1,4),(2,
2),(-0.137602203935404,-0.0688000844049561,0.),(0.,0.08),.UNSPECIFIED.);
#441=B_SPLINE_SURFACE_WITH_KNOTS('',3,1,((#6944,#6945),(#6946,#6947),(#6948,
#6949),(#6950,#6951),(#6952,#6953)),.UNSPECIFIED.,.F.,.F.,.F.,(4,1,4),(2,
2),(-0.137230651285391,-0.068415251111888,0.),(0.,0.08),.UNSPECIFIED.);
#442=B_SPLINE_SURFACE_WITH_KNOTS('',3,1,((#6967,#6968),(#6969,#6970),(#6971,
#6972),(#6973,#6974),(#6975,#6976)),.UNSPECIFIED.,.F.,.F.,.F.,(4,1,4),(2,
2),(-0.179333090455327,-0.0791403695201105,0.),(0.,0.08),.UNSPECIFIED.);
#443=B_SPLINE_SURFACE_WITH_KNOTS('',3,1,((#6990,#6991),(#6992,#6993),(#6994,
#6995),(#6996,#6997),(#6998,#6999)),.UNSPECIFIED.,.F.,.F.,.F.,(4,1,4),(2,
2),(-0.172866808870332,-0.0952605569253709,0.),(0.,0.08),.UNSPECIFIED.);
#444=B_SPLINE_SURFACE_WITH_KNOTS('',3,1,((#7013,#7014),(#7015,#7016),(#7017,
#7018),(#7019,#7020),(#7021,#7022)),.UNSPECIFIED.,.F.,.F.,.F.,(4,1,4),(2,
2),(-0.136813268735669,-0.0687459318927467,0.),(0.,0.08),.UNSPECIFIED.);
#445=B_SPLINE_SURFACE_WITH_KNOTS('',3,1,((#7036,#7037),(#7038,#7039),(#7040,
#7041),(#7042,#7043),(#7044,#7045)),.UNSPECIFIED.,.F.,.F.,.F.,(4,1,4),(2,
2),(-0.137465143081168,-0.0687884164427274,0.),(0.,0.08),.UNSPECIFIED.);
#446=B_SPLINE_SURFACE_WITH_KNOTS('',3,1,((#7059,#7060),(#7061,#7062),(#7063,
#7064),(#7065,#7066),(#7067,#7068)),.UNSPECIFIED.,.F.,.F.,.F.,(4,1,4),(2,
2),(-0.176199308612392,-0.0781729841457034,0.),(0.,0.08),.UNSPECIFIED.);
#447=B_SPLINE_SURFACE_WITH_KNOTS('',3,1,((#7079,#7080),(#7081,#7082),(#7083,
#7084),(#7085,#7086),(#7087,#7088)),.UNSPECIFIED.,.F.,.F.,.F.,(4,1,4),(2,
2),(-0.260966289743655,-0.141884312280304,0.),(0.,0.08),.UNSPECIFIED.);
#448=B_SPLINE_SURFACE_WITH_KNOTS('',3,1,((#7105,#7106),(#7107,#7108),(#7109,
#7110),(#7111,#7112),(#7113,#7114)),.UNSPECIFIED.,.F.,.F.,.F.,(4,1,4),(2,
2),(-0.196596001305074,-0.0959820049074112,0.),(0.,0.08),.UNSPECIFIED.);
#449=B_SPLINE_SURFACE_WITH_KNOTS('',3,1,((#7128,#7129),(#7130,#7131),(#7132,
#7133),(#7134,#7135),(#7136,#7137)),.UNSPECIFIED.,.F.,.F.,.F.,(4,1,4),(2,
2),(-0.215120540672065,-0.110345427575815,0.),(0.,0.08),.UNSPECIFIED.);
#450=B_SPLINE_SURFACE_WITH_KNOTS('',3,1,((#7151,#7152),(#7153,#7154),(#7155,
#7156),(#7157,#7158),(#7159,#7160)),.UNSPECIFIED.,.F.,.F.,.F.,(4,1,4),(2,
2),(-0.233806870324743,-0.109230995145958,0.),(0.,0.08),.UNSPECIFIED.);
#451=B_SPLINE_SURFACE_WITH_KNOTS('',3,1,((#7174,#7175),(#7176,#7177),(#7178,
#7179),(#7180,#7181),(#7182,#7183)),.UNSPECIFIED.,.F.,.F.,.F.,(4,1,4),(2,
2),(-0.180397424026403,-0.100283433977302,0.),(0.,0.08),.UNSPECIFIED.);
#452=B_SPLINE_SURFACE_WITH_KNOTS('',3,1,((#7197,#7198),(#7199,#7200),(#7201,
#7202),(#7203,#7204),(#7205,#7206)),.UNSPECIFIED.,.F.,.F.,.F.,(4,1,4),(2,
2),(-0.141061303570531,-0.0702969972978244,0.),(0.,0.08),.UNSPECIFIED.);
#453=B_SPLINE_SURFACE_WITH_KNOTS('',3,1,((#7220,#7221),(#7222,#7223),(#7224,
#7225),(#7226,#7227),(#7228,#7229)),.UNSPECIFIED.,.F.,.F.,.F.,(4,1,4),(2,
2),(-0.145594643727666,-0.0721378277170988,0.),(0.,0.08),.UNSPECIFIED.);
#454=B_SPLINE_SURFACE_WITH_KNOTS('',3,1,((#7243,#7244),(#7245,#7246),(#7247,
#7248),(#7249,#7250),(#7251,#7252)),.UNSPECIFIED.,.F.,.F.,.F.,(4,1,4),(2,
2),(-0.216347272244405,-0.11174347606351,0.),(0.,0.08),.UNSPECIFIED.);
#455=B_SPLINE_SURFACE_WITH_KNOTS('',3,1,((#7266,#7267),(#7268,#7269),(#7270,
#7271),(#7272,#7273),(#7274,#7275)),.UNSPECIFIED.,.F.,.F.,.F.,(4,1,4),(2,
2),(-0.241565742906204,-0.110610912934774,0.),(0.,0.08),.UNSPECIFIED.);
#456=B_SPLINE_SURFACE_WITH_KNOTS('',3,1,((#7359,#7360),(#7361,#7362),(#7363,
#7364),(#7365,#7366),(#7367,#7368)),.UNSPECIFIED.,.F.,.F.,.F.,(4,1,4),(2,
2),(-0.195889606588466,-0.0980694376308733,0.),(0.,0.08),.UNSPECIFIED.);
#457=B_SPLINE_SURFACE_WITH_KNOTS('',3,1,((#7382,#7383),(#7384,#7385),(#7386,
#7387),(#7388,#7389),(#7390,#7391)),.UNSPECIFIED.,.F.,.F.,.F.,(4,1,4),(2,
2),(-0.115593655616072,-0.0604970251496128,0.),(0.,0.08),.UNSPECIFIED.);
#458=B_SPLINE_SURFACE_WITH_KNOTS('',3,1,((#7405,#7406),(#7407,#7408),(#7409,
#7410),(#7411,#7412),(#7413,#7414)),.UNSPECIFIED.,.F.,.F.,.F.,(4,1,4),(2,
2),(-0.0990123856609303,-0.0507099035091362,0.),(0.,0.08),.UNSPECIFIED.);
#459=B_SPLINE_SURFACE_WITH_KNOTS('',3,1,((#7428,#7429),(#7430,#7431),(#7432,
#7433),(#7434,#7435),(#7436,#7437)),.UNSPECIFIED.,.F.,.F.,.F.,(4,1,4),(2,
2),(-0.132158519194861,-0.0569501705349572,0.),(0.,0.08),.UNSPECIFIED.);
#460=B_SPLINE_SURFACE_WITH_KNOTS('',3,1,((#7469,#7470),(#7471,#7472),(#7473,
#7474),(#7475,#7476),(#7477,#7478)),.UNSPECIFIED.,.F.,.F.,.F.,(4,1,4),(2,
2),(-0.113871826731988,-0.0641410100489836,0.),(0.,0.08),.UNSPECIFIED.);
#461=B_SPLINE_SURFACE_WITH_KNOTS('',3,1,((#7492,#7493),(#7494,#7495),(#7496,
#7497),(#7498,#7499),(#7500,#7501)),.UNSPECIFIED.,.F.,.F.,.F.,(4,1,4),(2,
2),(-0.0984806037607728,-0.0460320940677246,0.),(0.,0.08),.UNSPECIFIED.);
#462=B_SPLINE_SURFACE_WITH_KNOTS('',3,1,((#7515,#7516),(#7517,#7518),(#7519,
#7520),(#7521,#7522),(#7523,#7524)),.UNSPECIFIED.,.F.,.F.,.F.,(4,1,4),(2,
2),(-0.0859804992636987,-0.0427369860032674,0.),(0.,0.08),.UNSPECIFIED.);
#463=B_SPLINE_SURFACE_WITH_KNOTS('',3,1,((#7538,#7539),(#7540,#7541),(#7542,
#7543),(#7544,#7545),(#7546,#7547)),.UNSPECIFIED.,.F.,.F.,.F.,(4,1,4),(2,
2),(-0.0834372498368306,-0.0423890566206693,0.),(0.,0.08),.UNSPECIFIED.);
#464=B_SPLINE_SURFACE_WITH_KNOTS('',3,1,((#7561,#7562),(#7563,#7564),(#7565,
#7566),(#7567,#7568),(#7569,#7570)),.UNSPECIFIED.,.F.,.F.,.F.,(4,1,4),(2,
2),(-0.108701800225811,-0.0477184596162561,0.),(0.,0.08),.UNSPECIFIED.);
#465=B_SPLINE_SURFACE_WITH_KNOTS('',3,1,((#7594,#7595),(#7596,#7597),(#7598,
#7599),(#7600,#7601),(#7602,#7603)),.UNSPECIFIED.,.F.,.F.,.F.,(4,1,4),(2,
2),(-0.164935973209162,-0.0698309881751201,0.),(0.,0.08),.UNSPECIFIED.);
#466=B_SPLINE_SURFACE_WITH_KNOTS('',3,1,((#7620,#7621),(#7622,#7623),(#7624,
#7625),(#7626,#7627),(#7628,#7629)),.UNSPECIFIED.,.F.,.F.,.F.,(4,1,4),(2,
2),(-0.0880479693197261,-0.0525309971446142,0.),(0.,0.08),.UNSPECIFIED.);
#467=B_SPLINE_SURFACE_WITH_KNOTS('',3,1,((#7643,#7644),(#7645,#7646),(#7647,
#7648),(#7649,#7650),(#7651,#7652)),.UNSPECIFIED.,.F.,.F.,.F.,(4,1,4),(2,
2),(-0.0507656469650456,-0.0259818363665345,0.),(0.,0.08),.UNSPECIFIED.);
#468=B_SPLINE_SURFACE_WITH_KNOTS('',3,1,((#7666,#7667),(#7668,#7669),(#7670,
#7671),(#7672,#7673),(#7674,#7675)),.UNSPECIFIED.,.F.,.F.,.F.,(4,1,4),(2,
2),(-0.0491412218783358,-0.0244164457685278,0.),(0.,0.08),.UNSPECIFIED.);
#469=B_SPLINE_SURFACE_WITH_KNOTS('',3,1,((#7689,#7690),(#7691,#7692),(#7693,
#7694),(#7695,#7696),(#7697,#7698)),.UNSPECIFIED.,.F.,.F.,.F.,(4,1,4),(2,
2),(-0.0737341179088072,-0.0367758224827414,0.),(0.,0.08),.UNSPECIFIED.);
#470=B_SPLINE_SURFACE_WITH_KNOTS('',3,1,((#7712,#7713),(#7714,#7715),(#7716,
#7717),(#7718,#7719),(#7720,#7721)),.UNSPECIFIED.,.F.,.F.,.F.,(4,1,4),(2,
2),(-0.0923981498131255,-0.0415652781048358,0.),(0.,0.08),.UNSPECIFIED.);
#471=B_SPLINE_SURFACE_WITH_KNOTS('',3,1,((#7735,#7736),(#7737,#7738),(#7739,
#7740),(#7741,#7742),(#7743,#7744)),.UNSPECIFIED.,.F.,.F.,.F.,(4,1,4),(2,
2),(-0.104844183054872,-0.0539737088726554,0.),(0.,0.08),.UNSPECIFIED.);
#472=B_SPLINE_SURFACE_WITH_KNOTS('',3,1,((#7758,#7759),(#7760,#7761),(#7762,
#7763),(#7764,#7765),(#7766,#7767)),.UNSPECIFIED.,.F.,.F.,.F.,(4,1,4),(2,
2),(-0.0951413039374074,-0.0483112722734243,0.),(0.,0.08),.UNSPECIFIED.);
#473=B_SPLINE_SURFACE_WITH_KNOTS('',3,1,((#7781,#7782),(#7783,#7784),(#7785,
#7786),(#7787,#7788),(#7789,#7790)),.UNSPECIFIED.,.F.,.F.,.F.,(4,1,4),(2,
2),(-0.100039081653495,-0.0428760971534425,0.),(0.,0.08),.UNSPECIFIED.);
#474=B_SPLINE_SURFACE_WITH_KNOTS('',3,1,((#7807,#7808),(#7809,#7810),(#7811,
#7812),(#7813,#7814),(#7815,#7816)),.UNSPECIFIED.,.F.,.F.,.F.,(4,1,4),(2,
2),(-0.124233707271622,-0.0665780536148864,0.),(0.,0.08),.UNSPECIFIED.);
#475=B_SPLINE_SURFACE_WITH_KNOTS('',3,1,((#7833,#7834),(#7835,#7836),(#7837,
#7838),(#7839,#7840),(#7841,#7842)),.UNSPECIFIED.,.F.,.F.,.F.,(4,1,4),(2,
2),(-0.110450906640981,-0.0542446218994503,0.),(0.,0.08),.UNSPECIFIED.);
#476=B_SPLINE_SURFACE_WITH_KNOTS('',3,1,((#7856,#7857),(#7858,#7859),(#7860,
#7861),(#7862,#7863),(#7864,#7865)),.UNSPECIFIED.,.F.,.F.,.F.,(4,1,4),(2,
2),(-0.156744186311447,-0.0852491563096592,0.),(0.,0.08),.UNSPECIFIED.);
#477=B_SPLINE_SURFACE_WITH_KNOTS('',3,1,((#7879,#7880),(#7881,#7882),(#7883,
#7884),(#7885,#7886),(#7887,#7888)),.UNSPECIFIED.,.F.,.F.,.F.,(4,1,4),(2,
2),(-0.132933645626409,-0.0656028343699517,0.),(0.,0.08),.UNSPECIFIED.);
#478=B_SPLINE_SURFACE_WITH_KNOTS('',3,1,((#7902,#7903),(#7904,#7905),(#7906,
#7907),(#7908,#7909),(#7910,#7911)),.UNSPECIFIED.,.F.,.F.,.F.,(4,1,4),(2,
2),(-0.0807972584283796,-0.0410099638744904,0.),(0.,0.08),.UNSPECIFIED.);
#479=B_SPLINE_SURFACE_WITH_KNOTS('',3,1,((#7925,#7926),(#7927,#7928),(#7929,
#7930),(#7931,#7932),(#7933,#7934)),.UNSPECIFIED.,.F.,.F.,.F.,(4,1,4),(2,
2),(-0.0764771209824436,-0.0388161302003417,0.),(0.,0.08),.UNSPECIFIED.);
#480=B_SPLINE_SURFACE_WITH_KNOTS('',3,1,((#7948,#7949),(#7950,#7951),(#7952,
#7953),(#7954,#7955),(#7956,#7957)),.UNSPECIFIED.,.F.,.F.,.F.,(4,1,4),(2,
2),(-0.0779169616198987,-0.0382352282394611,0.),(0.,0.08),.UNSPECIFIED.);
#481=B_SPLINE_SURFACE_WITH_KNOTS('',3,1,((#7971,#7972),(#7973,#7974),(#7975,
#7976),(#7977,#7978),(#7979,#7980)),.UNSPECIFIED.,.F.,.F.,.F.,(4,1,4),(2,
2),(-0.08859007521433,-0.037056821205715,0.),(0.,0.08),.UNSPECIFIED.);
#482=B_SPLINE_SURFACE_WITH_KNOTS('',3,1,((#7994,#7995),(#7996,#7997),(#7998,
#7999),(#8000,#8001),(#8002,#8003)),.UNSPECIFIED.,.F.,.F.,.F.,(4,1,4),(2,
2),(-0.178622233817008,-0.1044388400889,0.),(0.,0.08),.UNSPECIFIED.);
#483=B_SPLINE_SURFACE_WITH_KNOTS('',3,1,((#8017,#8018),(#8019,#8020),(#8021,
#8022),(#8023,#8024),(#8025,#8026)),.UNSPECIFIED.,.F.,.F.,.F.,(4,1,4),(2,
2),(-0.0256541079784754,-0.0165125991940676,0.),(0.,0.08),.UNSPECIFIED.);
#484=B_SPLINE_SURFACE_WITH_KNOTS('',3,1,((#8040,#8041),(#8042,#8043),(#8044,
#8045),(#8046,#8047),(#8048,#8049)),.UNSPECIFIED.,.F.,.F.,.F.,(4,1,4),(2,
2),(-0.0910370388914938,-0.0516306170835454,0.),(0.,0.08),.UNSPECIFIED.);
#485=B_SPLINE_SURFACE_WITH_KNOTS('',3,1,((#8063,#8064),(#8065,#8066),(#8067,
#8068),(#8069,#8070),(#8071,#8072)),.UNSPECIFIED.,.F.,.F.,.F.,(4,1,4),(2,
2),(-0.118642305065273,-0.0530374196485297,0.),(0.,0.08),.UNSPECIFIED.);
#486=B_SPLINE_SURFACE_WITH_KNOTS('',3,1,((#8086,#8087),(#8088,#8089),(#8090,
#8091),(#8092,#8093),(#8094,#8095)),.UNSPECIFIED.,.F.,.F.,.F.,(4,1,4),(2,
2),(-0.106396566042182,-0.0605373446007096,0.),(0.,0.08),.UNSPECIFIED.);
#487=B_SPLINE_SURFACE_WITH_KNOTS('',3,1,((#8109,#8110),(#8111,#8112),(#8113,
#8114),(#8115,#8116),(#8117,#8118)),.UNSPECIFIED.,.F.,.F.,.F.,(4,1,4),(2,
2),(-0.100277981517259,-0.0442224927350066,0.),(0.,0.08),.UNSPECIFIED.);
#488=B_SPLINE_SURFACE_WITH_KNOTS('',3,1,((#8138,#8139),(#8140,#8141),(#8142,
#8143),(#8144,#8145),(#8146,#8147)),.UNSPECIFIED.,.F.,.F.,.F.,(4,1,4),(2,
2),(-0.109239550038991,-0.0583611218568434,0.),(0.,0.08),.UNSPECIFIED.);
#489=B_SPLINE_SURFACE_WITH_KNOTS('',3,1,((#8161,#8162),(#8163,#8164),(#8165,
#8166),(#8167,#8168),(#8169,#8170)),.UNSPECIFIED.,.F.,.F.,.F.,(4,1,4),(2,
2),(-0.105616614076507,-0.0497301557572729,0.),(0.,0.08),.UNSPECIFIED.);
#490=B_SPLINE_SURFACE_WITH_KNOTS('',3,1,((#8184,#8185),(#8186,#8187),(#8188,
#8189),(#8190,#8191),(#8192,#8193)),.UNSPECIFIED.,.F.,.F.,.F.,(4,1,4),(2,
2),(-0.133594051738523,-0.0631489409457259,0.),(0.,0.08),.UNSPECIFIED.);
#491=B_SPLINE_SURFACE_WITH_KNOTS('',3,1,((#8207,#8208),(#8209,#8210),(#8211,
#8212),(#8213,#8214),(#8215,#8216)),.UNSPECIFIED.,.F.,.F.,.F.,(4,1,4),(2,
2),(-0.122326497764533,-0.0673994157459785,0.),(0.,0.08),.UNSPECIFIED.);
#492=B_SPLINE_SURFACE_WITH_KNOTS('',3,1,((#8230,#8231),(#8232,#8233),(#8234,
#8235),(#8236,#8237),(#8238,#8239)),.UNSPECIFIED.,.F.,.F.,.F.,(4,1,4),(2,
2),(-0.0818081742111452,-0.0448143485501388,0.),(0.,0.08),.UNSPECIFIED.);
#493=B_SPLINE_SURFACE_WITH_KNOTS('',3,1,((#8253,#8254),(#8255,#8256),(#8257,
#8258),(#8259,#8260),(#8261,#8262)),.UNSPECIFIED.,.F.,.F.,.F.,(4,1,4),(2,
2),(-0.0740343795132057,-0.0352274041735211,0.),(0.,0.08),.UNSPECIFIED.);
#494=B_SPLINE_SURFACE_WITH_KNOTS('',3,1,((#8276,#8277),(#8278,#8279),(#8280,
#8281),(#8282,#8283),(#8284,#8285)),.UNSPECIFIED.,.F.,.F.,.F.,(4,1,4),(2,
2),(-0.0907924937332117,-0.0353900776398739,0.),(0.,0.08),.UNSPECIFIED.);
#495=B_SPLINE_SURFACE_WITH_KNOTS('',3,1,((#8305,#8306),(#8307,#8308),(#8309,
#8310),(#8311,#8312),(#8313,#8314)),.UNSPECIFIED.,.F.,.F.,.F.,(4,1,4),(2,
2),(-0.173451511793373,-0.111811795990845,0.),(0.,0.08),.UNSPECIFIED.);
#496=B_SPLINE_SURFACE_WITH_KNOTS('',3,1,((#8328,#8329),(#8330,#8331),(#8332,
#8333),(#8334,#8335),(#8336,#8337)),.UNSPECIFIED.,.F.,.F.,.F.,(4,1,4),(2,
2),(-0.0741418402978873,-0.0367471524291173,0.),(0.,0.08),.UNSPECIFIED.);
#497=B_SPLINE_SURFACE_WITH_KNOTS('',3,1,((#8357,#8358),(#8359,#8360),(#8361,
#8362),(#8363,#8364),(#8365,#8366)),.UNSPECIFIED.,.F.,.F.,.F.,(4,1,4),(2,
2),(-0.0744342700633343,-0.0354478470703233,0.),(0.,0.08),.UNSPECIFIED.);
#498=B_SPLINE_SURFACE_WITH_KNOTS('',3,1,((#8388,#8389),(#8390,#8391),(#8392,
#8393),(#8394,#8395),(#8396,#8397)),.UNSPECIFIED.,.F.,.F.,.F.,(4,1,4),(2,
2),(-0.102251227592469,-0.053843407090111,0.),(0.,0.08),.UNSPECIFIED.);
#499=B_SPLINE_SURFACE_WITH_KNOTS('',3,1,((#8411,#8412),(#8413,#8414),(#8415,
#8416),(#8417,#8418),(#8419,#8420)),.UNSPECIFIED.,.F.,.F.,.F.,(4,1,4),(2,
2),(-0.110714970337908,-0.0505241135726032,0.),(0.,0.08),.UNSPECIFIED.);
#500=B_SPLINE_SURFACE_WITH_KNOTS('',3,1,((#8434,#8435),(#8436,#8437),(#8438,
#8439),(#8440,#8441),(#8442,#8443)),.UNSPECIFIED.,.F.,.F.,.F.,(4,1,4),(2,
2),(-0.105675379262676,-0.0593372020213273,0.),(0.,0.08),.UNSPECIFIED.);
#501=B_SPLINE_SURFACE_WITH_KNOTS('',3,1,((#8457,#8458),(#8459,#8460),(#8461,
#8462),(#8463,#8464),(#8465,#8466)),.UNSPECIFIED.,.F.,.F.,.F.,(4,1,4),(2,
2),(-0.0743988756650773,-0.0387267010906352,0.),(0.,0.08),.UNSPECIFIED.);
#502=B_SPLINE_SURFACE_WITH_KNOTS('',3,1,((#8480,#8481),(#8482,#8483),(#8484,
#8485),(#8486,#8487),(#8488,#8489)),.UNSPECIFIED.,.F.,.F.,.F.,(4,1,4),(2,
2),(-0.0619661091509318,-0.0306071833694187,0.),(0.,0.08),.UNSPECIFIED.);
#503=B_SPLINE_SURFACE_WITH_KNOTS('',3,1,((#8503,#8504),(#8505,#8506),(#8507,
#8508),(#8509,#8510),(#8511,#8512)),.UNSPECIFIED.,.F.,.F.,.F.,(4,1,4),(2,
2),(-0.10597249016307,-0.0382100705061477,0.),(0.,0.08),.UNSPECIFIED.);
#504=B_SPLINE_SURFACE_WITH_KNOTS('',3,1,((#8526,#8527),(#8528,#8529),(#8530,
#8531),(#8532,#8533),(#8534,#8535)),.UNSPECIFIED.,.F.,.F.,.F.,(4,1,4),(2,
2),(-0.157195242852857,-0.0949459871803243,0.),(0.,0.08),.UNSPECIFIED.);
#505=B_SPLINE_SURFACE_WITH_KNOTS('',3,1,((#8549,#8550),(#8551,#8552),(#8553,
#8554),(#8555,#8556),(#8557,#8558)),.UNSPECIFIED.,.F.,.F.,.F.,(4,1,4),(2,
2),(-0.084844056569654,-0.0437067786050476,0.),(0.,0.08),.UNSPECIFIED.);
#506=B_SPLINE_SURFACE_WITH_KNOTS('',3,1,((#8572,#8573),(#8574,#8575),(#8576,
#8577),(#8578,#8579),(#8580,#8581)),.UNSPECIFIED.,.F.,.F.,.F.,(4,1,4),(2,
2),(-0.0814919596368131,-0.0404139133918166,0.),(0.,0.08),.UNSPECIFIED.);
#507=B_SPLINE_SURFACE_WITH_KNOTS('',3,1,((#8595,#8596),(#8597,#8598),(#8599,
#8600),(#8601,#8602),(#8603,#8604)),.UNSPECIFIED.,.F.,.F.,.F.,(4,1,4),(2,
2),(-0.0745014120350087,-0.0375749648512781,0.),(0.,0.08),.UNSPECIFIED.);
#508=B_SPLINE_SURFACE_WITH_KNOTS('',3,1,((#8618,#8619),(#8620,#8621),(#8622,
#8623),(#8624,#8625),(#8626,#8627)),.UNSPECIFIED.,.F.,.F.,.F.,(4,1,4),(2,
2),(-0.0735698626416683,-0.0367652051818459,0.),(0.,0.08),.UNSPECIFIED.);
#509=B_SPLINE_SURFACE_WITH_KNOTS('',3,1,((#8641,#8642),(#8643,#8644),(#8645,
#8646),(#8647,#8648),(#8649,#8650)),.UNSPECIFIED.,.F.,.F.,.F.,(4,1,4),(2,
2),(-0.0689865943508371,-0.0312630250005322,0.),(0.,0.08),.UNSPECIFIED.);
#510=B_SPLINE_SURFACE_WITH_KNOTS('',3,1,((#8664,#8665),(#8666,#8667),(#8668,
#8669),(#8670,#8671),(#8672,#8673)),.UNSPECIFIED.,.F.,.F.,.F.,(4,1,4),(2,
2),(-0.0858884580641352,-0.0419295799293294,0.),(0.,0.08),.UNSPECIFIED.);
#511=B_SPLINE_SURFACE_WITH_KNOTS('',3,1,((#8687,#8688),(#8689,#8690),(#8691,
#8692),(#8693,#8694),(#8695,#8696)),.UNSPECIFIED.,.F.,.F.,.F.,(4,1,4),(2,
2),(-0.121884551365591,-0.0642398825374102,0.),(0.,0.08),.UNSPECIFIED.);
#512=B_SPLINE_SURFACE_WITH_KNOTS('',3,1,((#8710,#8711),(#8712,#8713),(#8714,
#8715),(#8716,#8717),(#8718,#8719)),.UNSPECIFIED.,.F.,.F.,.F.,(4,1,4),(2,
2),(-0.09384895823472,-0.0504299722643751,0.),(0.,0.08),.UNSPECIFIED.);
#513=B_SPLINE_SURFACE_WITH_KNOTS('',3,1,((#8733,#8734),(#8735,#8736),(#8737,
#8738),(#8739,#8740),(#8741,#8742)),.UNSPECIFIED.,.F.,.F.,.F.,(4,1,4),(2,
2),(-0.0965815766809859,-0.0443666991004258,0.),(0.,0.08),.UNSPECIFIED.);
#514=B_SPLINE_SURFACE_WITH_KNOTS('',3,1,((#8762,#8763),(#8764,#8765),(#8766,
#8767),(#8768,#8769),(#8770,#8771)),.UNSPECIFIED.,.F.,.F.,.F.,(4,1,4),(2,
2),(-0.0809997111564527,-0.0418287226916439,0.),(0.,0.08),.UNSPECIFIED.);
#515=B_SPLINE_SURFACE_WITH_KNOTS('',3,1,((#8785,#8786),(#8787,#8788),(#8789,
#8790),(#8791,#8792),(#8793,#8794)),.UNSPECIFIED.,.F.,.F.,.F.,(4,1,4),(2,
2),(-0.0934855771850244,-0.0422811119279567,0.),(0.,0.08),.UNSPECIFIED.);
#516=B_SPLINE_SURFACE_WITH_KNOTS('',3,1,((#8808,#8809),(#8810,#8811),(#8812,
#8813),(#8814,#8815),(#8816,#8817)),.UNSPECIFIED.,.F.,.F.,.F.,(4,1,4),(2,
2),(-0.100347708216629,-0.0582501875585443,0.),(0.,0.08),.UNSPECIFIED.);
#517=B_SPLINE_SURFACE_WITH_KNOTS('',3,1,((#8831,#8832),(#8833,#8834),(#8835,
#8836),(#8837,#8838),(#8839,#8840)),.UNSPECIFIED.,.F.,.F.,.F.,(4,1,4),(2,
2),(-0.061579981047637,-0.0325610984913569,0.),(0.,0.08),.UNSPECIFIED.);
#518=B_SPLINE_SURFACE_WITH_KNOTS('',3,1,((#8854,#8855),(#8856,#8857),(#8858,
#8859),(#8860,#8861),(#8862,#8863)),.UNSPECIFIED.,.F.,.F.,.F.,(4,1,4),(2,
2),(-0.0369556084807026,-0.0183911408791768,0.),(0.,0.08),.UNSPECIFIED.);
#519=B_SPLINE_SURFACE_WITH_KNOTS('',3,1,((#8877,#8878),(#8879,#8880),(#8881,
#8882),(#8883,#8884),(#8885,#8886)),.UNSPECIFIED.,.F.,.F.,.F.,(4,1,4),(2,
2),(-0.0462800165564704,-0.0211371935889618,0.),(0.,0.08),.UNSPECIFIED.);
#520=B_SPLINE_SURFACE_WITH_KNOTS('',3,1,((#8900,#8901),(#8902,#8903),(#8904,
#8905),(#8906,#8907),(#8908,#8909)),.UNSPECIFIED.,.F.,.F.,.F.,(4,1,4),(2,
2),(-0.0903328579105628,-0.0304215054781561,0.),(0.,0.08),.UNSPECIFIED.);
#521=B_SPLINE_SURFACE_WITH_KNOTS('',3,1,((#8923,#8924),(#8925,#8926),(#8927,
#8928),(#8929,#8930),(#8931,#8932)),.UNSPECIFIED.,.F.,.F.,.F.,(4,1,4),(2,
2),(-0.152473856001632,-0.0920204250906055,0.),(0.,0.08),.UNSPECIFIED.);
#522=B_SPLINE_SURFACE_WITH_KNOTS('',3,1,((#8946,#8947),(#8948,#8949),(#8950,
#8951),(#8952,#8953),(#8954,#8955)),.UNSPECIFIED.,.F.,.F.,.F.,(4,1,4),(2,
2),(-0.0835515300973163,-0.0427236136026539,0.),(0.,0.08),.UNSPECIFIED.);
#523=B_SPLINE_SURFACE_WITH_KNOTS('',3,1,((#8969,#8970),(#8971,#8972),(#8973,
#8974),(#8975,#8976),(#8977,#8978)),.UNSPECIFIED.,.F.,.F.,.F.,(4,1,4),(2,
2),(-0.0882940021812579,-0.0418104375316516,0.),(0.,0.08),.UNSPECIFIED.);
#524=B_SPLINE_SURFACE_WITH_KNOTS('',3,1,((#8992,#8993),(#8994,#8995),(#8996,
#8997),(#8998,#8999),(#9000,#9001)),.UNSPECIFIED.,.F.,.F.,.F.,(4,1,4),(2,
2),(-0.097916412032632,-0.0482157009939649,0.),(0.,0.08),.UNSPECIFIED.);
#525=B_SPLINE_SURFACE_WITH_KNOTS('',3,1,((#9015,#9016),(#9017,#9018),(#9019,
#9020),(#9021,#9022),(#9023,#9024)),.UNSPECIFIED.,.F.,.F.,.F.,(4,1,4),(2,
2),(-0.107631938061527,-0.0520059726170528,0.),(0.,0.08),.UNSPECIFIED.);
#526=B_SPLINE_SURFACE_WITH_KNOTS('',3,1,((#9038,#9039),(#9040,#9041),(#9042,
#9043),(#9044,#9045),(#9046,#9047)),.UNSPECIFIED.,.F.,.F.,.F.,(4,1,4),(2,
2),(-0.125199137832956,-0.0602616064867004,0.),(0.,0.08),.UNSPECIFIED.);
#527=B_SPLINE_SURFACE_WITH_KNOTS('',3,1,((#9061,#9062),(#9063,#9064),(#9065,
#9066),(#9067,#9068),(#9069,#9070)),.UNSPECIFIED.,.F.,.F.,.F.,(4,1,4),(2,
2),(-0.180935856087454,-0.100211536183058,0.),(0.,0.08),.UNSPECIFIED.);
#528=B_SPLINE_SURFACE_WITH_KNOTS('',3,1,((#9084,#9085),(#9086,#9087),(#9088,
#9089),(#9090,#9091),(#9092,#9093)),.UNSPECIFIED.,.F.,.F.,.F.,(4,1,4),(2,
2),(-0.161112831033611,-0.075800314577712,0.),(0.,0.08),.UNSPECIFIED.);
#529=B_SPLINE_SURFACE_WITH_KNOTS('',3,1,((#9126,#9127),(#9128,#9129),(#9130,
#9131),(#9132,#9133),(#9134,#9135)),.UNSPECIFIED.,.F.,.F.,.F.,(4,1,4),(2,
2),(-0.100536373312594,-0.0498523895893144,0.),(0.,0.08),.UNSPECIFIED.);
#530=B_SPLINE_SURFACE_WITH_KNOTS('',3,1,((#9149,#9150),(#9151,#9152),(#9153,
#9154),(#9155,#9156),(#9157,#9158)),.UNSPECIFIED.,.F.,.F.,.F.,(4,1,4),(2,
2),(-0.10727569311015,-0.0521866525056647,0.),(0.,0.08),.UNSPECIFIED.);
#531=B_SPLINE_SURFACE_WITH_KNOTS('',3,1,((#9172,#9173),(#9174,#9175),(#9176,
#9177),(#9178,#9179),(#9180,#9181)),.UNSPECIFIED.,.F.,.F.,.F.,(4,1,4),(2,
2),(-0.110073655763402,-0.0589752682175151,0.),(0.,0.08),.UNSPECIFIED.);
#532=B_SPLINE_SURFACE_WITH_KNOTS('',3,1,((#9195,#9196),(#9197,#9198),(#9199,
#9200),(#9201,#9202),(#9203,#9204)),.UNSPECIFIED.,.F.,.F.,.F.,(4,1,4),(2,
2),(-0.0960557262221036,-0.0475597563060536,0.),(0.,0.08),.UNSPECIFIED.);
#533=B_SPLINE_SURFACE_WITH_KNOTS('',3,1,((#9218,#9219),(#9220,#9221),(#9222,
#9223),(#9224,#9225),(#9226,#9227)),.UNSPECIFIED.,.F.,.F.,.F.,(4,1,4),(2,
2),(-0.212837616941795,-0.109800148813518,0.),(0.,0.08),.UNSPECIFIED.);
#534=B_SPLINE_SURFACE_WITH_KNOTS('',3,1,((#9241,#9242),(#9243,#9244),(#9245,
#9246),(#9247,#9248),(#9249,#9250)),.UNSPECIFIED.,.F.,.F.,.F.,(4,1,4),(2,
2),(-0.143951876052244,-0.077190139803214,0.),(0.,0.08),.UNSPECIFIED.);
#535=B_SPLINE_SURFACE_WITH_KNOTS('',3,1,((#9264,#9265),(#9266,#9267),(#9268,
#9269),(#9270,#9271),(#9272,#9273)),.UNSPECIFIED.,.F.,.F.,.F.,(4,1,4),(2,
2),(-0.157111336837091,-0.0699111777993273,0.),(0.,0.08),.UNSPECIFIED.);
#536=B_SPLINE_SURFACE_WITH_KNOTS('',3,1,((#9305,#9306),(#9307,#9308),(#9309,
#9310),(#9311,#9312),(#9313,#9314)),.UNSPECIFIED.,.F.,.F.,.F.,(4,1,4),(2,
2),(-0.0856554033761186,-0.0507383542480345,0.),(0.,0.08),.UNSPECIFIED.);
#537=B_SPLINE_SURFACE_WITH_KNOTS('',3,1,((#9328,#9329),(#9330,#9331),(#9332,
#9333),(#9334,#9335),(#9336,#9337)),.UNSPECIFIED.,.F.,.F.,.F.,(4,1,4),(2,
2),(-0.0550300305782793,-0.0269813124418246,0.),(0.,0.08),.UNSPECIFIED.);
#538=B_SPLINE_SURFACE_WITH_KNOTS('',3,1,((#9351,#9352),(#9353,#9354),(#9355,
#9356),(#9357,#9358),(#9359,#9360)),.UNSPECIFIED.,.F.,.F.,.F.,(4,1,4),(2,
2),(-0.0616521490130986,-0.0297552943561004,0.),(0.,0.08),.UNSPECIFIED.);
#539=B_SPLINE_SURFACE_WITH_KNOTS('',3,1,((#9374,#9375),(#9376,#9377),(#9378,
#9379),(#9380,#9381),(#9382,#9383)),.UNSPECIFIED.,.F.,.F.,.F.,(4,1,4),(2,
2),(-0.111677051889733,-0.0568498752642688,0.),(0.,0.08),.UNSPECIFIED.);
#540=B_SPLINE_SURFACE_WITH_KNOTS('',3,1,((#9397,#9398),(#9399,#9400),(#9401,
#9402),(#9403,#9404),(#9405,#9406)),.UNSPECIFIED.,.F.,.F.,.F.,(4,1,4),(2,
2),(-0.138867319378597,-0.060925613985713,0.),(0.,0.08),.UNSPECIFIED.);
#541=B_SPLINE_SURFACE_WITH_KNOTS('',3,1,((#9438,#9439),(#9440,#9441),(#9442,
#9443),(#9444,#9445),(#9446,#9447)),.UNSPECIFIED.,.F.,.F.,.F.,(4,1,4),(2,
2),(-0.102326720335145,-0.0576124179327188,0.),(0.,0.08),.UNSPECIFIED.);
#542=B_SPLINE_SURFACE_WITH_KNOTS('',3,1,((#9461,#9462),(#9463,#9464),(#9465,
#9466),(#9467,#9468),(#9469,#9470)),.UNSPECIFIED.,.F.,.F.,.F.,(4,1,4),(2,
2),(-0.0876985876088458,-0.0400597715558161,0.),(0.,0.08),.UNSPECIFIED.);
#543=B_SPLINE_SURFACE_WITH_KNOTS('',3,1,((#9484,#9485),(#9486,#9487),(#9488,
#9489),(#9490,#9491),(#9492,#9493)),.UNSPECIFIED.,.F.,.F.,.F.,(4,1,4),(2,
2),(-0.0805230192063412,-0.0402759975830394,0.),(0.,0.08),.UNSPECIFIED.);
#544=B_SPLINE_SURFACE_WITH_KNOTS('',3,1,((#9507,#9508),(#9509,#9510),(#9511,
#9512),(#9513,#9514),(#9515,#9516)),.UNSPECIFIED.,.F.,.F.,.F.,(4,1,4),(2,
2),(-0.082898887042712,-0.0405426980652795,0.),(0.,0.08),.UNSPECIFIED.);
#545=B_SPLINE_SURFACE_WITH_KNOTS('',3,1,((#9530,#9531),(#9532,#9533),(#9534,
#9535),(#9536,#9537),(#9538,#9539)),.UNSPECIFIED.,.F.,.F.,.F.,(4,1,4),(2,
2),(-0.122613142738075,-0.0526512806408783,0.),(0.,0.08),.UNSPECIFIED.);
#546=B_SPLINE_SURFACE_WITH_KNOTS('',3,1,((#9584,#9585),(#9586,#9587),(#9588,
#9589),(#9590,#9591),(#9592,#9593)),.UNSPECIFIED.,.F.,.F.,.F.,(4,1,4),(2,
2),(-0.195889606588466,-0.0980694376308733,0.),(0.,0.08),.UNSPECIFIED.);
#547=B_SPLINE_SURFACE_WITH_KNOTS('',3,1,((#9607,#9608),(#9609,#9610),(#9611,
#9612),(#9613,#9614),(#9615,#9616)),.UNSPECIFIED.,.F.,.F.,.F.,(4,1,4),(2,
2),(-0.115593655616072,-0.0604970251496128,0.),(0.,0.08),.UNSPECIFIED.);
#548=B_SPLINE_SURFACE_WITH_KNOTS('',3,1,((#9630,#9631),(#9632,#9633),(#9634,
#9635),(#9636,#9637),(#9638,#9639)),.UNSPECIFIED.,.F.,.F.,.F.,(4,1,4),(2,
2),(-0.0990125771243868,-0.0507100949725928,0.),(0.,0.08),.UNSPECIFIED.);
#549=B_SPLINE_SURFACE_WITH_KNOTS('',3,1,((#9653,#9654),(#9655,#9656),(#9657,
#9658),(#9659,#9660),(#9661,#9662)),.UNSPECIFIED.,.F.,.F.,.F.,(4,1,4),(2,
2),(-0.132158519194861,-0.0569501705349572,0.),(0.,0.08),.UNSPECIFIED.);
#550=B_SPLINE_SURFACE_WITH_KNOTS('',3,1,((#9694,#9695),(#9696,#9697),(#9698,
#9699),(#9700,#9701),(#9702,#9703)),.UNSPECIFIED.,.F.,.F.,.F.,(4,1,4),(2,
2),(-0.113871941516985,-0.0641410100489836,0.),(0.,0.08),.UNSPECIFIED.);
#551=B_SPLINE_SURFACE_WITH_KNOTS('',3,1,((#9717,#9718),(#9719,#9720),(#9721,
#9722),(#9723,#9724),(#9725,#9726)),.UNSPECIFIED.,.F.,.F.,.F.,(4,1,4),(2,
2),(-0.0984806752211839,-0.0460316948316901,0.),(0.,0.08),.UNSPECIFIED.);
#552=B_SPLINE_SURFACE_WITH_KNOTS('',3,1,((#9740,#9741),(#9742,#9743),(#9744,
#9745),(#9746,#9747),(#9748,#9749)),.UNSPECIFIED.,.F.,.F.,.F.,(4,1,4),(2,
2),(-0.0859800436887257,-0.0427367496861014,0.),(0.,0.08),.UNSPECIFIED.);
#553=B_SPLINE_SURFACE_WITH_KNOTS('',3,1,((#9763,#9764),(#9765,#9766),(#9767,
#9768),(#9769,#9770),(#9771,#9772)),.UNSPECIFIED.,.F.,.F.,.F.,(4,1,4),(2,
2),(-0.0834374351462063,-0.0423892419300449,0.),(0.,0.08),.UNSPECIFIED.);
#554=B_SPLINE_SURFACE_WITH_KNOTS('',3,1,((#9786,#9787),(#9788,#9789),(#9790,
#9791),(#9792,#9793),(#9794,#9795)),.UNSPECIFIED.,.F.,.F.,.F.,(4,1,4),(2,
2),(-0.108701861572069,-0.0477185209625139,0.),(0.,0.08),.UNSPECIFIED.);
#555=B_SPLINE_SURFACE_WITH_KNOTS('',3,1,((#9819,#9820),(#9821,#9822),(#9823,
#9824),(#9825,#9826),(#9827,#9828)),.UNSPECIFIED.,.F.,.F.,.F.,(4,1,4),(2,
2),(-0.154508460372009,-0.0900479320627399,0.),(0.,0.08),.UNSPECIFIED.);
#556=B_SPLINE_SURFACE_WITH_KNOTS('',3,1,((#9845,#9846),(#9847,#9848),(#9849,
#9850),(#9851,#9852),(#9853,#9854)),.UNSPECIFIED.,.F.,.F.,.F.,(4,1,4),(2,
2),(-0.152263047308025,-0.0788310763919851,0.),(0.,0.08),.UNSPECIFIED.);
#557=B_SPLINE_SURFACE_WITH_KNOTS('',3,1,((#9868,#9869),(#9870,#9871),(#9872,
#9873),(#9874,#9875),(#9876,#9877)),.UNSPECIFIED.,.F.,.F.,.F.,(4,1,4),(2,
2),(-0.127900382610874,-0.0616346249963239,0.),(0.,0.08),.UNSPECIFIED.);
#558=B_SPLINE_SURFACE_WITH_KNOTS('',3,1,((#9891,#9892),(#9893,#9894),(#9895,
#9896),(#9897,#9898),(#9899,#9900)),.UNSPECIFIED.,.F.,.F.,.F.,(4,1,4),(2,
2),(-0.175807690565759,-0.0780343176836994,0.),(0.,0.08),.UNSPECIFIED.);
#559=B_SPLINE_SURFACE_WITH_KNOTS('',3,1,((#9914,#9915),(#9916,#9917),(#9918,
#9919),(#9920,#9921),(#9922,#9923)),.UNSPECIFIED.,.F.,.F.,.F.,(4,1,4),(2,
2),(-0.176000088532119,-0.0992758084340329,0.),(0.,0.08),.UNSPECIFIED.);
#560=B_SPLINE_SURFACE_WITH_KNOTS('',3,1,((#9937,#9938),(#9939,#9940),(#9941,
#9942),(#9943,#9944),(#9945,#9946)),.UNSPECIFIED.,.F.,.F.,.F.,(4,1,4),(2,
2),(-0.124807708612012,-0.0641446455381117,0.),(0.,0.08),.UNSPECIFIED.);
#561=B_SPLINE_SURFACE_WITH_KNOTS('',3,1,((#9960,#9961),(#9962,#9963),(#9964,
#9965),(#9966,#9967),(#9968,#9969)),.UNSPECIFIED.,.F.,.F.,.F.,(4,1,4),(2,
2),(-0.127900406821688,-0.0616346114732464,0.),(0.,0.08),.UNSPECIFIED.);
#562=B_SPLINE_SURFACE_WITH_KNOTS('',3,1,((#9983,#9984),(#9985,#9986),(#9987,
#9988),(#9989,#9990),(#9991,#9992)),.UNSPECIFIED.,.F.,.F.,.F.,(4,1,4),(2,
2),(-0.171058027971735,-0.0769405082032179,0.),(0.,0.08),.UNSPECIFIED.);
#563=B_SPLINE_SURFACE_WITH_KNOTS('',3,1,((#10030,#10031),(#10032,#10033),
(#10034,#10035),(#10036,#10037),(#10038,#10039)),.UNSPECIFIED.,.F.,.F.,
 .F.,(4,1,4),(2,2),(-0.181993552524369,-0.0918624242366747,0.),(0.,0.08),
 .UNSPECIFIED.);
#564=B_SPLINE_SURFACE_WITH_KNOTS('',3,1,((#10053,#10054),(#10055,#10056),
(#10057,#10058),(#10059,#10060),(#10061,#10062)),.UNSPECIFIED.,.F.,.F.,
 .F.,(4,1,4),(2,2),(-0.104094894836,-0.052324647846779,0.),(0.,0.08),
 .UNSPECIFIED.);
#565=B_SPLINE_SURFACE_WITH_KNOTS('',3,1,((#10076,#10077),(#10078,#10079),
(#10080,#10081),(#10082,#10083),(#10084,#10085)),.UNSPECIFIED.,.F.,.F.,
 .F.,(4,1,4),(2,2),(-0.099950127930086,-0.0506544088248163,0.),(0.,0.08),
 .UNSPECIFIED.);
#566=B_SPLINE_SURFACE_WITH_KNOTS('',3,1,((#10099,#10100),(#10101,#10102),
(#10103,#10104),(#10105,#10106),(#10107,#10108)),.UNSPECIFIED.,.F.,.F.,
 .F.,(4,1,4),(2,2),(-0.106236739357161,-0.0510717911678861,0.),(0.,0.08),
 .UNSPECIFIED.);
#567=B_SPLINE_SURFACE_WITH_KNOTS('',3,1,((#10122,#10123),(#10124,#10125),
(#10126,#10127),(#10128,#10129),(#10130,#10131)),.UNSPECIFIED.,.F.,.F.,
 .F.,(4,1,4),(2,2),(-0.119512787833425,-0.0585105183854962,0.),(0.,0.08),
 .UNSPECIFIED.);
#568=B_SPLINE_SURFACE_WITH_KNOTS('',3,1,((#10145,#10146),(#10147,#10148),
(#10149,#10150),(#10151,#10152),(#10153,#10154)),.UNSPECIFIED.,.F.,.F.,
 .F.,(4,1,4),(2,2),(-0.246038115521135,-0.133338127147057,0.),(0.,0.08),
 .UNSPECIFIED.);
#569=B_SPLINE_SURFACE_WITH_KNOTS('',3,1,((#10168,#10169),(#10170,#10171),
(#10172,#10173),(#10174,#10175),(#10176,#10177)),.UNSPECIFIED.,.F.,.F.,
 .F.,(4,1,4),(2,2),(-0.199323256259069,-0.101418949231278,0.),(0.,0.08),
 .UNSPECIFIED.);
#570=B_SPLINE_SURFACE_WITH_KNOTS('',3,1,((#10191,#10192),(#10193,#10194),
(#10195,#10196),(#10197,#10198),(#10199,#10200)),.UNSPECIFIED.,.F.,.F.,
 .F.,(4,1,4),(2,2),(-0.188623041513719,-0.0940139186195065,0.),(0.,0.08),
 .UNSPECIFIED.);
#571=FACE_OUTER_BOUND('',#864,.T.);
#572=FACE_OUTER_BOUND('',#865,.T.);
#573=FACE_OUTER_BOUND('',#866,.T.);
#574=FACE_OUTER_BOUND('',#867,.T.);
#575=FACE_OUTER_BOUND('',#868,.T.);
#576=FACE_OUTER_BOUND('',#869,.T.);
#577=FACE_OUTER_BOUND('',#870,.T.);
#578=FACE_OUTER_BOUND('',#871,.T.);
#579=FACE_OUTER_BOUND('',#872,.T.);
#580=FACE_OUTER_BOUND('',#873,.T.);
#581=FACE_OUTER_BOUND('',#874,.T.);
#582=FACE_OUTER_BOUND('',#875,.T.);
#583=FACE_OUTER_BOUND('',#876,.T.);
#584=FACE_OUTER_BOUND('',#877,.T.);
#585=FACE_OUTER_BOUND('',#879,.T.);
#586=FACE_OUTER_BOUND('',#880,.T.);
#587=FACE_OUTER_BOUND('',#881,.T.);
#588=FACE_OUTER_BOUND('',#882,.T.);
#589=FACE_OUTER_BOUND('',#883,.T.);
#590=FACE_OUTER_BOUND('',#884,.T.);
#591=FACE_OUTER_BOUND('',#885,.T.);
#592=FACE_OUTER_BOUND('',#886,.T.);
#593=FACE_OUTER_BOUND('',#887,.T.);
#594=FACE_OUTER_BOUND('',#888,.T.);
#595=FACE_OUTER_BOUND('',#889,.T.);
#596=FACE_OUTER_BOUND('',#890,.T.);
#597=FACE_OUTER_BOUND('',#891,.T.);
#598=FACE_OUTER_BOUND('',#892,.T.);
#599=FACE_OUTER_BOUND('',#893,.T.);
#600=FACE_OUTER_BOUND('',#894,.T.);
#601=FACE_OUTER_BOUND('',#895,.T.);
#602=FACE_OUTER_BOUND('',#896,.T.);
#603=FACE_OUTER_BOUND('',#897,.T.);
#604=FACE_OUTER_BOUND('',#899,.T.);
#605=FACE_OUTER_BOUND('',#900,.T.);
#606=FACE_OUTER_BOUND('',#901,.T.);
#607=FACE_OUTER_BOUND('',#902,.T.);
#608=FACE_OUTER_BOUND('',#903,.T.);
#609=FACE_OUTER_BOUND('',#904,.T.);
#610=FACE_OUTER_BOUND('',#905,.T.);
#611=FACE_OUTER_BOUND('',#906,.T.);
#612=FACE_OUTER_BOUND('',#907,.T.);
#613=FACE_OUTER_BOUND('',#908,.T.);
#614=FACE_OUTER_BOUND('',#909,.T.);
#615=FACE_OUTER_BOUND('',#910,.T.);
#616=FACE_OUTER_BOUND('',#911,.T.);
#617=FACE_OUTER_BOUND('',#912,.T.);
#618=FACE_OUTER_BOUND('',#913,.T.);
#619=FACE_OUTER_BOUND('',#914,.T.);
#620=FACE_OUTER_BOUND('',#915,.T.);
#621=FACE_OUTER_BOUND('',#916,.T.);
#622=FACE_OUTER_BOUND('',#917,.T.);
#623=FACE_OUTER_BOUND('',#918,.T.);
#624=FACE_OUTER_BOUND('',#919,.T.);
#625=FACE_OUTER_BOUND('',#920,.T.);
#626=FACE_OUTER_BOUND('',#921,.T.);
#627=FACE_OUTER_BOUND('',#922,.T.);
#628=FACE_OUTER_BOUND('',#923,.T.);
#629=FACE_OUTER_BOUND('',#924,.T.);
#630=FACE_OUTER_BOUND('',#925,.T.);
#631=FACE_OUTER_BOUND('',#926,.T.);
#632=FACE_OUTER_BOUND('',#927,.T.);
#633=FACE_OUTER_BOUND('',#928,.T.);
#634=FACE_OUTER_BOUND('',#929,.T.);
#635=FACE_OUTER_BOUND('',#930,.T.);
#636=FACE_OUTER_BOUND('',#931,.T.);
#637=FACE_OUTER_BOUND('',#932,.T.);
#638=FACE_OUTER_BOUND('',#933,.T.);
#639=FACE_OUTER_BOUND('',#934,.T.);
#640=FACE_OUTER_BOUND('',#935,.T.);
#641=FACE_OUTER_BOUND('',#936,.T.);
#642=FACE_OUTER_BOUND('',#937,.T.);
#643=FACE_OUTER_BOUND('',#938,.T.);
#644=FACE_OUTER_BOUND('',#939,.T.);
#645=FACE_OUTER_BOUND('',#940,.T.);
#646=FACE_OUTER_BOUND('',#941,.T.);
#647=FACE_OUTER_BOUND('',#942,.T.);
#648=FACE_OUTER_BOUND('',#943,.T.);
#649=FACE_OUTER_BOUND('',#944,.T.);
#650=FACE_OUTER_BOUND('',#945,.T.);
#651=FACE_OUTER_BOUND('',#946,.T.);
#652=FACE_OUTER_BOUND('',#947,.T.);
#653=FACE_OUTER_BOUND('',#948,.T.);
#654=FACE_OUTER_BOUND('',#949,.T.);
#655=FACE_OUTER_BOUND('',#950,.T.);
#656=FACE_OUTER_BOUND('',#951,.T.);
#657=FACE_OUTER_BOUND('',#952,.T.);
#658=FACE_OUTER_BOUND('',#953,.T.);
#659=FACE_OUTER_BOUND('',#954,.T.);
#660=FACE_OUTER_BOUND('',#955,.T.);
#661=FACE_OUTER_BOUND('',#956,.T.);
#662=FACE_OUTER_BOUND('',#957,.T.);
#663=FACE_OUTER_BOUND('',#958,.T.);
#664=FACE_OUTER_BOUND('',#959,.T.);
#665=FACE_OUTER_BOUND('',#960,.T.);
#666=FACE_OUTER_BOUND('',#961,.T.);
#667=FACE_OUTER_BOUND('',#962,.T.);
#668=FACE_OUTER_BOUND('',#963,.T.);
#669=FACE_OUTER_BOUND('',#964,.T.);
#670=FACE_OUTER_BOUND('',#965,.T.);
#671=FACE_OUTER_BOUND('',#967,.T.);
#672=FACE_OUTER_BOUND('',#968,.T.);
#673=FACE_OUTER_BOUND('',#969,.T.);
#674=FACE_OUTER_BOUND('',#970,.T.);
#675=FACE_OUTER_BOUND('',#971,.T.);
#676=FACE_OUTER_BOUND('',#972,.T.);
#677=FACE_OUTER_BOUND('',#973,.T.);
#678=FACE_OUTER_BOUND('',#974,.T.);
#679=FACE_OUTER_BOUND('',#975,.T.);
#680=FACE_OUTER_BOUND('',#976,.T.);
#681=FACE_OUTER_BOUND('',#977,.T.);
#682=FACE_OUTER_BOUND('',#978,.T.);
#683=FACE_OUTER_BOUND('',#979,.T.);
#684=FACE_OUTER_BOUND('',#980,.T.);
#685=FACE_OUTER_BOUND('',#981,.T.);
#686=FACE_OUTER_BOUND('',#982,.T.);
#687=FACE_OUTER_BOUND('',#983,.T.);
#688=FACE_OUTER_BOUND('',#984,.T.);
#689=FACE_OUTER_BOUND('',#985,.T.);
#690=FACE_OUTER_BOUND('',#986,.T.);
#691=FACE_OUTER_BOUND('',#987,.T.);
#692=FACE_OUTER_BOUND('',#988,.T.);
#693=FACE_OUTER_BOUND('',#989,.T.);
#694=FACE_OUTER_BOUND('',#990,.T.);
#695=FACE_OUTER_BOUND('',#991,.T.);
#696=FACE_OUTER_BOUND('',#992,.T.);
#697=FACE_OUTER_BOUND('',#993,.T.);
#698=FACE_OUTER_BOUND('',#994,.T.);
#699=FACE_OUTER_BOUND('',#995,.T.);
#700=FACE_OUTER_BOUND('',#996,.T.);
#701=FACE_OUTER_BOUND('',#997,.T.);
#702=FACE_OUTER_BOUND('',#998,.T.);
#703=FACE_OUTER_BOUND('',#999,.T.);
#704=FACE_OUTER_BOUND('',#1000,.T.);
#705=FACE_OUTER_BOUND('',#1001,.T.);
#706=FACE_OUTER_BOUND('',#1002,.T.);
#707=FACE_OUTER_BOUND('',#1003,.T.);
#708=FACE_OUTER_BOUND('',#1004,.T.);
#709=FACE_OUTER_BOUND('',#1005,.T.);
#710=FACE_OUTER_BOUND('',#1006,.T.);
#711=FACE_OUTER_BOUND('',#1007,.T.);
#712=FACE_OUTER_BOUND('',#1008,.T.);
#713=FACE_OUTER_BOUND('',#1009,.T.);
#714=FACE_OUTER_BOUND('',#1010,.T.);
#715=FACE_OUTER_BOUND('',#1011,.T.);
#716=FACE_OUTER_BOUND('',#1012,.T.);
#717=FACE_OUTER_BOUND('',#1013,.T.);
#718=FACE_OUTER_BOUND('',#1014,.T.);
#719=FACE_OUTER_BOUND('',#1015,.T.);
#720=FACE_OUTER_BOUND('',#1016,.T.);
#721=FACE_OUTER_BOUND('',#1017,.T.);
#722=FACE_OUTER_BOUND('',#1018,.T.);
#723=FACE_OUTER_BOUND('',#1019,.T.);
#724=FACE_OUTER_BOUND('',#1020,.T.);
#725=FACE_OUTER_BOUND('',#1021,.T.);
#726=FACE_OUTER_BOUND('',#1022,.T.);
#727=FACE_OUTER_BOUND('',#1023,.T.);
#728=FACE_OUTER_BOUND('',#1024,.T.);
#729=FACE_OUTER_BOUND('',#1025,.T.);
#730=FACE_OUTER_BOUND('',#1026,.T.);
#731=FACE_OUTER_BOUND('',#1027,.T.);
#732=FACE_OUTER_BOUND('',#1028,.T.);
#733=FACE_OUTER_BOUND('',#1029,.T.);
#734=FACE_OUTER_BOUND('',#1030,.T.);
#735=FACE_OUTER_BOUND('',#1031,.T.);
#736=FACE_OUTER_BOUND('',#1032,.T.);
#737=FACE_OUTER_BOUND('',#1033,.T.);
#738=FACE_OUTER_BOUND('',#1034,.T.);
#739=FACE_OUTER_BOUND('',#1035,.T.);
#740=FACE_OUTER_BOUND('',#1036,.T.);
#741=FACE_OUTER_BOUND('',#1037,.T.);
#742=FACE_OUTER_BOUND('',#1038,.T.);
#743=FACE_OUTER_BOUND('',#1039,.T.);
#744=FACE_OUTER_BOUND('',#1040,.T.);
#745=FACE_OUTER_BOUND('',#1041,.T.);
#746=FACE_OUTER_BOUND('',#1042,.T.);
#747=FACE_OUTER_BOUND('',#1043,.T.);
#748=FACE_OUTER_BOUND('',#1044,.T.);
#749=FACE_OUTER_BOUND('',#1045,.T.);
#750=FACE_OUTER_BOUND('',#1046,.T.);
#751=FACE_OUTER_BOUND('',#1047,.T.);
#752=FACE_OUTER_BOUND('',#1048,.T.);
#753=FACE_OUTER_BOUND('',#1049,.T.);
#754=FACE_OUTER_BOUND('',#1050,.T.);
#755=FACE_OUTER_BOUND('',#1051,.T.);
#756=FACE_OUTER_BOUND('',#1052,.T.);
#757=FACE_OUTER_BOUND('',#1053,.T.);
#758=FACE_OUTER_BOUND('',#1054,.T.);
#759=FACE_OUTER_BOUND('',#1055,.T.);
#760=FACE_OUTER_BOUND('',#1056,.T.);
#761=FACE_OUTER_BOUND('',#1057,.T.);
#762=FACE_OUTER_BOUND('',#1058,.T.);
#763=FACE_OUTER_BOUND('',#1059,.T.);
#764=FACE_OUTER_BOUND('',#1060,.T.);
#765=FACE_OUTER_BOUND('',#1061,.T.);
#766=FACE_OUTER_BOUND('',#1062,.T.);
#767=FACE_OUTER_BOUND('',#1063,.T.);
#768=FACE_OUTER_BOUND('',#1064,.T.);
#769=FACE_OUTER_BOUND('',#1065,.T.);
#770=FACE_OUTER_BOUND('',#1066,.T.);
#771=FACE_OUTER_BOUND('',#1067,.T.);
#772=FACE_OUTER_BOUND('',#1068,.T.);
#773=FACE_OUTER_BOUND('',#1069,.T.);
#774=FACE_OUTER_BOUND('',#1070,.T.);
#775=FACE_OUTER_BOUND('',#1072,.T.);
#776=FACE_OUTER_BOUND('',#1073,.T.);
#777=FACE_OUTER_BOUND('',#1074,.T.);
#778=FACE_OUTER_BOUND('',#1075,.T.);
#779=FACE_OUTER_BOUND('',#1081,.T.);
#780=FACE_OUTER_BOUND('',#1082,.T.);
#781=FACE_OUTER_BOUND('',#1083,.T.);
#782=FACE_OUTER_BOUND('',#1084,.T.);
#783=FACE_OUTER_BOUND('',#1085,.T.);
#784=FACE_OUTER_BOUND('',#1086,.T.);
#785=FACE_OUTER_BOUND('',#1087,.T.);
#786=FACE_OUTER_BOUND('',#1088,.T.);
#787=FACE_OUTER_BOUND('',#1089,.T.);
#788=FACE_OUTER_BOUND('',#1090,.T.);
#789=FACE_OUTER_BOUND('',#1092,.T.);
#790=FACE_OUTER_BOUND('',#1093,.T.);
#791=FACE_OUTER_BOUND('',#1094,.T.);
#792=FACE_OUTER_BOUND('',#1095,.T.);
#793=FACE_OUTER_BOUND('',#1096,.T.);
#794=FACE_OUTER_BOUND('',#1097,.T.);
#795=FACE_OUTER_BOUND('',#1098,.T.);
#796=FACE_OUTER_BOUND('',#1099,.T.);
#797=FACE_OUTER_BOUND('',#1100,.T.);
#798=FACE_OUTER_BOUND('',#1101,.T.);
#799=FACE_OUTER_BOUND('',#1117,.T.);
#800=FACE_OUTER_BOUND('',#1118,.T.);
#801=FACE_OUTER_BOUND('',#1126,.T.);
#802=FACE_OUTER_BOUND('',#1127,.T.);
#803=FACE_OUTER_BOUND('',#1129,.T.);
#804=FACE_OUTER_BOUND('',#1130,.T.);
#805=FACE_OUTER_BOUND('',#1131,.T.);
#806=FACE_OUTER_BOUND('',#1132,.T.);
#807=FACE_OUTER_BOUND('',#1133,.T.);
#808=FACE_OUTER_BOUND('',#1134,.T.);
#809=FACE_OUTER_BOUND('',#1135,.T.);
#810=FACE_OUTER_BOUND('',#1136,.T.);
#811=FACE_OUTER_BOUND('',#1137,.T.);
#812=FACE_OUTER_BOUND('',#1138,.T.);
#813=FACE_OUTER_BOUND('',#1139,.T.);
#814=FACE_OUTER_BOUND('',#1140,.T.);
#815=FACE_OUTER_BOUND('',#1141,.T.);
#816=FACE_OUTER_BOUND('',#1142,.T.);
#817=FACE_OUTER_BOUND('',#1143,.T.);
#818=FACE_OUTER_BOUND('',#1144,.T.);
#819=FACE_OUTER_BOUND('',#1145,.T.);
#820=FACE_OUTER_BOUND('',#1146,.T.);
#821=FACE_OUTER_BOUND('',#1147,.T.);
#822=FACE_OUTER_BOUND('',#1148,.T.);
#823=FACE_OUTER_BOUND('',#1149,.T.);
#824=FACE_OUTER_BOUND('',#1150,.T.);
#825=FACE_OUTER_BOUND('',#1151,.T.);
#826=FACE_OUTER_BOUND('',#1152,.T.);
#827=FACE_OUTER_BOUND('',#1153,.T.);
#828=FACE_OUTER_BOUND('',#1154,.T.);
#829=FACE_OUTER_BOUND('',#1155,.T.);
#830=FACE_OUTER_BOUND('',#1156,.T.);
#831=FACE_OUTER_BOUND('',#1157,.T.);
#832=FACE_OUTER_BOUND('',#1158,.T.);
#833=FACE_OUTER_BOUND('',#1159,.T.);
#834=FACE_OUTER_BOUND('',#1160,.T.);
#835=FACE_OUTER_BOUND('',#1161,.T.);
#836=FACE_OUTER_BOUND('',#1162,.T.);
#837=FACE_OUTER_BOUND('',#1163,.T.);
#838=FACE_OUTER_BOUND('',#1164,.T.);
#839=FACE_OUTER_BOUND('',#1165,.T.);
#840=FACE_OUTER_BOUND('',#1166,.T.);
#841=FACE_OUTER_BOUND('',#1167,.T.);
#842=FACE_OUTER_BOUND('',#1168,.T.);
#843=FACE_OUTER_BOUND('',#1169,.T.);
#844=FACE_OUTER_BOUND('',#1170,.T.);
#845=FACE_OUTER_BOUND('',#1171,.T.);
#846=FACE_OUTER_BOUND('',#1172,.T.);
#847=FACE_OUTER_BOUND('',#1173,.T.);
#848=FACE_OUTER_BOUND('',#1177,.T.);
#849=FACE_OUTER_BOUND('',#1178,.T.);
#850=FACE_OUTER_BOUND('',#1179,.T.);
#851=FACE_OUTER_BOUND('',#1180,.T.);
#852=FACE_OUTER_BOUND('',#1182,.T.);
#853=FACE_OUTER_BOUND('',#1187,.T.);
#854=FACE_OUTER_BOUND('',#1188,.T.);
#855=FACE_OUTER_BOUND('',#1196,.T.);
#856=FACE_OUTER_BOUND('',#1197,.T.);
#857=FACE_OUTER_BOUND('',#1198,.T.);
#858=FACE_OUTER_BOUND('',#1199,.T.);
#859=FACE_OUTER_BOUND('',#1200,.T.);
#860=FACE_OUTER_BOUND('',#1201,.T.);
#861=FACE_OUTER_BOUND('',#1202,.T.);
#862=FACE_OUTER_BOUND('',#1206,.T.);
#863=FACE_OUTER_BOUND('',#1207,.T.);
#864=EDGE_LOOP('',(#3560,#3561,#3562,#3563));
#865=EDGE_LOOP('',(#3564,#3565,#3566,#3567));
#866=EDGE_LOOP('',(#3568,#3569,#3570,#3571));
#867=EDGE_LOOP('',(#3572,#3573,#3574,#3575));
#868=EDGE_LOOP('',(#3576,#3577,#3578,#3579));
#869=EDGE_LOOP('',(#3580,#3581,#3582,#3583));
#870=EDGE_LOOP('',(#3584,#3585,#3586,#3587));
#871=EDGE_LOOP('',(#3588,#3589,#3590,#3591));
#872=EDGE_LOOP('',(#3592,#3593,#3594,#3595));
#873=EDGE_LOOP('',(#3596,#3597,#3598,#3599));
#874=EDGE_LOOP('',(#3600,#3601,#3602,#3603));
#875=EDGE_LOOP('',(#3604,#3605,#3606,#3607));
#876=EDGE_LOOP('',(#3608,#3609,#3610,#3611));
#877=EDGE_LOOP('',(#3612,#3613,#3614,#3615,#3616,#3617,#3618,#3619));
#878=EDGE_LOOP('',(#3620,#3621,#3622,#3623,#3624));
#879=EDGE_LOOP('',(#3625,#3626,#3627,#3628,#3629));
#880=EDGE_LOOP('',(#3630,#3631,#3632,#3633));
#881=EDGE_LOOP('',(#3634,#3635,#3636,#3637));
#882=EDGE_LOOP('',(#3638,#3639,#3640,#3641));
#883=EDGE_LOOP('',(#3642,#3643,#3644,#3645));
#884=EDGE_LOOP('',(#3646,#3647,#3648,#3649));
#885=EDGE_LOOP('',(#3650,#3651,#3652,#3653));
#886=EDGE_LOOP('',(#3654,#3655,#3656,#3657));
#887=EDGE_LOOP('',(#3658,#3659,#3660,#3661));
#888=EDGE_LOOP('',(#3662,#3663,#3664,#3665));
#889=EDGE_LOOP('',(#3666,#3667,#3668,#3669));
#890=EDGE_LOOP('',(#3670,#3671,#3672,#3673));
#891=EDGE_LOOP('',(#3674,#3675,#3676,#3677));
#892=EDGE_LOOP('',(#3678,#3679,#3680,#3681));
#893=EDGE_LOOP('',(#3682,#3683,#3684,#3685));
#894=EDGE_LOOP('',(#3686,#3687,#3688,#3689));
#895=EDGE_LOOP('',(#3690,#3691,#3692,#3693));
#896=EDGE_LOOP('',(#3694,#3695,#3696,#3697));
#897=EDGE_LOOP('',(#3698,#3699,#3700,#3701,#3702,#3703,#3704,#3705,#3706));
#898=EDGE_LOOP('',(#3707,#3708,#3709,#3710,#3711,#3712,#3713,#3714));
#899=EDGE_LOOP('',(#3715,#3716,#3717,#3718,#3719,#3720,#3721,#3722));
#900=EDGE_LOOP('',(#3723,#3724,#3725,#3726));
#901=EDGE_LOOP('',(#3727,#3728,#3729,#3730));
#902=EDGE_LOOP('',(#3731,#3732,#3733,#3734));
#903=EDGE_LOOP('',(#3735,#3736,#3737,#3738));
#904=EDGE_LOOP('',(#3739,#3740,#3741,#3742));
#905=EDGE_LOOP('',(#3743,#3744,#3745,#3746));
#906=EDGE_LOOP('',(#3747,#3748,#3749,#3750));
#907=EDGE_LOOP('',(#3751,#3752,#3753,#3754));
#908=EDGE_LOOP('',(#3755,#3756,#3757,#3758));
#909=EDGE_LOOP('',(#3759,#3760,#3761,#3762));
#910=EDGE_LOOP('',(#3763,#3764,#3765,#3766));
#911=EDGE_LOOP('',(#3767,#3768,#3769,#3770));
#912=EDGE_LOOP('',(#3771,#3772,#3773,#3774));
#913=EDGE_LOOP('',(#3775,#3776,#3777,#3778));
#914=EDGE_LOOP('',(#3779,#3780,#3781,#3782));
#915=EDGE_LOOP('',(#3783,#3784,#3785,#3786));
#916=EDGE_LOOP('',(#3787,#3788,#3789,#3790));
#917=EDGE_LOOP('',(#3791,#3792,#3793,#3794));
#918=EDGE_LOOP('',(#3795,#3796,#3797,#3798));
#919=EDGE_LOOP('',(#3799,#3800,#3801,#3802));
#920=EDGE_LOOP('',(#3803,#3804,#3805,#3806));
#921=EDGE_LOOP('',(#3807,#3808,#3809,#3810));
#922=EDGE_LOOP('',(#3811,#3812,#3813,#3814));
#923=EDGE_LOOP('',(#3815,#3816,#3817,#3818));
#924=EDGE_LOOP('',(#3819,#3820,#3821,#3822));
#925=EDGE_LOOP('',(#3823,#3824,#3825,#3826));
#926=EDGE_LOOP('',(#3827,#3828,#3829,#3830));
#927=EDGE_LOOP('',(#3831,#3832,#3833,#3834,#3835,#3836,#3837,#3838,#3839,
#3840,#3841,#3842,#3843,#3844,#3845,#3846,#3847));
#928=EDGE_LOOP('',(#3848,#3849,#3850,#3851));
#929=EDGE_LOOP('',(#3852,#3853,#3854,#3855));
#930=EDGE_LOOP('',(#3856,#3857,#3858,#3859));
#931=EDGE_LOOP('',(#3860,#3861,#3862,#3863));
#932=EDGE_LOOP('',(#3864,#3865,#3866,#3867));
#933=EDGE_LOOP('',(#3868,#3869,#3870,#3871));
#934=EDGE_LOOP('',(#3872,#3873,#3874,#3875));
#935=EDGE_LOOP('',(#3876,#3877,#3878,#3879));
#936=EDGE_LOOP('',(#3880,#3881,#3882,#3883));
#937=EDGE_LOOP('',(#3884,#3885,#3886,#3887));
#938=EDGE_LOOP('',(#3888,#3889,#3890,#3891));
#939=EDGE_LOOP('',(#3892,#3893,#3894,#3895));
#940=EDGE_LOOP('',(#3896,#3897,#3898,#3899));
#941=EDGE_LOOP('',(#3900,#3901,#3902,#3903));
#942=EDGE_LOOP('',(#3904,#3905,#3906,#3907));
#943=EDGE_LOOP('',(#3908,#3909,#3910,#3911));
#944=EDGE_LOOP('',(#3912,#3913,#3914,#3915));
#945=EDGE_LOOP('',(#3916,#3917,#3918,#3919));
#946=EDGE_LOOP('',(#3920,#3921,#3922,#3923));
#947=EDGE_LOOP('',(#3924,#3925,#3926,#3927));
#948=EDGE_LOOP('',(#3928,#3929,#3930,#3931));
#949=EDGE_LOOP('',(#3932,#3933,#3934,#3935));
#950=EDGE_LOOP('',(#3936,#3937,#3938,#3939));
#951=EDGE_LOOP('',(#3940,#3941,#3942,#3943));
#952=EDGE_LOOP('',(#3944,#3945,#3946,#3947));
#953=EDGE_LOOP('',(#3948,#3949,#3950,#3951));
#954=EDGE_LOOP('',(#3952,#3953,#3954,#3955));
#955=EDGE_LOOP('',(#3956,#3957,#3958,#3959));
#956=EDGE_LOOP('',(#3960,#3961,#3962,#3963));
#957=EDGE_LOOP('',(#3964,#3965,#3966,#3967));
#958=EDGE_LOOP('',(#3968,#3969,#3970,#3971));
#959=EDGE_LOOP('',(#3972,#3973,#3974,#3975));
#960=EDGE_LOOP('',(#3976,#3977,#3978,#3979));
#961=EDGE_LOOP('',(#3980,#3981,#3982,#3983));
#962=EDGE_LOOP('',(#3984,#3985,#3986,#3987));
#963=EDGE_LOOP('',(#3988,#3989,#3990,#3991));
#964=EDGE_LOOP('',(#3992,#3993,#3994,#3995));
#965=EDGE_LOOP('',(#3996,#3997,#3998,#3999,#4000,#4001,#4002,#4003,#4004,
#4005,#4006,#4007,#4008,#4009,#4010,#4011,#4012,#4013,#4014,#4015,#4016,
#4017,#4018,#4019,#4020,#4021,#4022));
#966=EDGE_LOOP('',(#4023,#4024,#4025,#4026,#4027,#4028,#4029,#4030,#4031,
#4032));
#967=EDGE_LOOP('',(#4033,#4034,#4035,#4036,#4037,#4038,#4039,#4040,#4041,
#4042));
#968=EDGE_LOOP('',(#4043,#4044,#4045,#4046));
#969=EDGE_LOOP('',(#4047,#4048,#4049,#4050));
#970=EDGE_LOOP('',(#4051,#4052,#4053,#4054));
#971=EDGE_LOOP('',(#4055,#4056,#4057,#4058));
#972=EDGE_LOOP('',(#4059,#4060,#4061,#4062));
#973=EDGE_LOOP('',(#4063,#4064,#4065,#4066));
#974=EDGE_LOOP('',(#4067,#4068,#4069,#4070));
#975=EDGE_LOOP('',(#4071,#4072,#4073,#4074));
#976=EDGE_LOOP('',(#4075,#4076,#4077,#4078));
#977=EDGE_LOOP('',(#4079,#4080,#4081,#4082));
#978=EDGE_LOOP('',(#4083,#4084,#4085,#4086));
#979=EDGE_LOOP('',(#4087,#4088,#4089,#4090));
#980=EDGE_LOOP('',(#4091,#4092,#4093,#4094));
#981=EDGE_LOOP('',(#4095,#4096,#4097,#4098));
#982=EDGE_LOOP('',(#4099,#4100,#4101,#4102));
#983=EDGE_LOOP('',(#4103,#4104,#4105,#4106));
#984=EDGE_LOOP('',(#4107,#4108,#4109,#4110));
#985=EDGE_LOOP('',(#4111,#4112,#4113,#4114));
#986=EDGE_LOOP('',(#4115,#4116,#4117,#4118));
#987=EDGE_LOOP('',(#4119,#4120,#4121,#4122));
#988=EDGE_LOOP('',(#4123,#4124,#4125,#4126));
#989=EDGE_LOOP('',(#4127,#4128,#4129,#4130));
#990=EDGE_LOOP('',(#4131,#4132,#4133,#4134));
#991=EDGE_LOOP('',(#4135,#4136,#4137,#4138));
#992=EDGE_LOOP('',(#4139,#4140,#4141,#4142));
#993=EDGE_LOOP('',(#4143,#4144,#4145,#4146));
#994=EDGE_LOOP('',(#4147,#4148,#4149,#4150));
#995=EDGE_LOOP('',(#4151,#4152,#4153,#4154));
#996=EDGE_LOOP('',(#4155,#4156,#4157,#4158));
#997=EDGE_LOOP('',(#4159,#4160,#4161,#4162));
#998=EDGE_LOOP('',(#4163,#4164,#4165,#4166));
#999=EDGE_LOOP('',(#4167,#4168,#4169,#4170));
#1000=EDGE_LOOP('',(#4171,#4172,#4173,#4174));
#1001=EDGE_LOOP('',(#4175,#4176,#4177,#4178,#4179,#4180,#4181,#4182,#4183,
#4184,#4185,#4186,#4187,#4188,#4189,#4190,#4191,#4192,#4193,#4194,#4195,
#4196,#4197,#4198,#4199,#4200,#4201,#4202,#4203,#4204,#4205,#4206,#4207));
#1002=EDGE_LOOP('',(#4208,#4209,#4210,#4211));
#1003=EDGE_LOOP('',(#4212,#4213,#4214,#4215));
#1004=EDGE_LOOP('',(#4216,#4217,#4218,#4219));
#1005=EDGE_LOOP('',(#4220,#4221,#4222,#4223));
#1006=EDGE_LOOP('',(#4224,#4225,#4226,#4227));
#1007=EDGE_LOOP('',(#4228,#4229,#4230,#4231));
#1008=EDGE_LOOP('',(#4232,#4233,#4234,#4235));
#1009=EDGE_LOOP('',(#4236,#4237,#4238,#4239));
#1010=EDGE_LOOP('',(#4240,#4241,#4242,#4243));
#1011=EDGE_LOOP('',(#4244,#4245,#4246,#4247));
#1012=EDGE_LOOP('',(#4248,#4249,#4250,#4251));
#1013=EDGE_LOOP('',(#4252,#4253,#4254,#4255));
#1014=EDGE_LOOP('',(#4256,#4257,#4258,#4259));
#1015=EDGE_LOOP('',(#4260,#4261,#4262,#4263));
#1016=EDGE_LOOP('',(#4264,#4265,#4266,#4267));
#1017=EDGE_LOOP('',(#4268,#4269,#4270,#4271));
#1018=EDGE_LOOP('',(#4272,#4273,#4274,#4275));
#1019=EDGE_LOOP('',(#4276,#4277,#4278,#4279));
#1020=EDGE_LOOP('',(#4280,#4281,#4282,#4283));
#1021=EDGE_LOOP('',(#4284,#4285,#4286,#4287));
#1022=EDGE_LOOP('',(#4288,#4289,#4290,#4291));
#1023=EDGE_LOOP('',(#4292,#4293,#4294,#4295));
#1024=EDGE_LOOP('',(#4296,#4297,#4298,#4299));
#1025=EDGE_LOOP('',(#4300,#4301,#4302,#4303));
#1026=EDGE_LOOP('',(#4304,#4305,#4306,#4307));
#1027=EDGE_LOOP('',(#4308,#4309,#4310,#4311));
#1028=EDGE_LOOP('',(#4312,#4313,#4314,#4315));
#1029=EDGE_LOOP('',(#4316,#4317,#4318,#4319));
#1030=EDGE_LOOP('',(#4320,#4321,#4322,#4323,#4324,#4325,#4326,#4327,#4328,
#4329,#4330,#4331,#4332,#4333,#4334,#4335,#4336,#4337,#4338,#4339,#4340,
#4341,#4342,#4343,#4344,#4345,#4346,#4347));
#1031=EDGE_LOOP('',(#4348,#4349,#4350,#4351));
#1032=EDGE_LOOP('',(#4352,#4353,#4354,#4355));
#1033=EDGE_LOOP('',(#4356,#4357,#4358,#4359));
#1034=EDGE_LOOP('',(#4360,#4361,#4362,#4363));
#1035=EDGE_LOOP('',(#4364,#4365,#4366,#4367));
#1036=EDGE_LOOP('',(#4368,#4369,#4370,#4371));
#1037=EDGE_LOOP('',(#4372,#4373,#4374,#4375));
#1038=EDGE_LOOP('',(#4376,#4377,#4378,#4379));
#1039=EDGE_LOOP('',(#4380,#4381,#4382,#4383));
#1040=EDGE_LOOP('',(#4384,#4385,#4386,#4387));
#1041=EDGE_LOOP('',(#4388,#4389,#4390,#4391));
#1042=EDGE_LOOP('',(#4392,#4393,#4394,#4395));
#1043=EDGE_LOOP('',(#4396,#4397,#4398,#4399));
#1044=EDGE_LOOP('',(#4400,#4401,#4402,#4403));
#1045=EDGE_LOOP('',(#4404,#4405,#4406,#4407));
#1046=EDGE_LOOP('',(#4408,#4409,#4410,#4411));
#1047=EDGE_LOOP('',(#4412,#4413,#4414,#4415));
#1048=EDGE_LOOP('',(#4416,#4417,#4418,#4419,#4420,#4421,#4422,#4423,#4424,
#4425,#4426,#4427,#4428,#4429,#4430,#4431,#4432));
#1049=EDGE_LOOP('',(#4433,#4434,#4435,#4436));
#1050=EDGE_LOOP('',(#4437,#4438,#4439,#4440));
#1051=EDGE_LOOP('',(#4441,#4442,#4443,#4444));
#1052=EDGE_LOOP('',(#4445,#4446,#4447,#4448));
#1053=EDGE_LOOP('',(#4449,#4450,#4451,#4452));
#1054=EDGE_LOOP('',(#4453,#4454,#4455,#4456));
#1055=EDGE_LOOP('',(#4457,#4458,#4459,#4460));
#1056=EDGE_LOOP('',(#4461,#4462,#4463,#4464));
#1057=EDGE_LOOP('',(#4465,#4466,#4467,#4468));
#1058=EDGE_LOOP('',(#4469,#4470,#4471,#4472));
#1059=EDGE_LOOP('',(#4473,#4474,#4475,#4476));
#1060=EDGE_LOOP('',(#4477,#4478,#4479,#4480));
#1061=EDGE_LOOP('',(#4481,#4482,#4483,#4484));
#1062=EDGE_LOOP('',(#4485,#4486,#4487,#4488));
#1063=EDGE_LOOP('',(#4489,#4490,#4491,#4492));
#1064=EDGE_LOOP('',(#4493,#4494,#4495,#4496));
#1065=EDGE_LOOP('',(#4497,#4498,#4499,#4500));
#1066=EDGE_LOOP('',(#4501,#4502,#4503,#4504));
#1067=EDGE_LOOP('',(#4505,#4506,#4507,#4508));
#1068=EDGE_LOOP('',(#4509,#4510,#4511,#4512));
#1069=EDGE_LOOP('',(#4513,#4514,#4515,#4516));
#1070=EDGE_LOOP('',(#4517,#4518,#4519,#4520,#4521,#4522,#4523,#4524,#4525,
#4526,#4527,#4528,#4529));
#1071=EDGE_LOOP('',(#4530,#4531,#4532,#4533,#4534,#4535,#4536,#4537));
#1072=EDGE_LOOP('',(#4538,#4539,#4540,#4541,#4542,#4543,#4544,#4545));
#1073=EDGE_LOOP('',(#4546,#4547,#4548,#4549));
#1074=EDGE_LOOP('',(#4550,#4551,#4552,#4553));
#1075=EDGE_LOOP('',(#4554,#4555,#4556,#4557,#4558,#4559,#4560,#4561));
#1076=EDGE_LOOP('',(#4562,#4563,#4564,#4565));
#1077=EDGE_LOOP('',(#4566));
#1078=EDGE_LOOP('',(#4567));
#1079=EDGE_LOOP('',(#4568));
#1080=EDGE_LOOP('',(#4569));
#1081=EDGE_LOOP('',(#4570,#4571,#4572,#4573));
#1082=EDGE_LOOP('',(#4574,#4575,#4576,#4577));
#1083=EDGE_LOOP('',(#4578,#4579,#4580,#4581));
#1084=EDGE_LOOP('',(#4582,#4583,#4584,#4585));
#1085=EDGE_LOOP('',(#4586,#4587,#4588,#4589));
#1086=EDGE_LOOP('',(#4590,#4591,#4592,#4593));
#1087=EDGE_LOOP('',(#4594,#4595,#4596,#4597));
#1088=EDGE_LOOP('',(#4598,#4599,#4600,#4601));
#1089=EDGE_LOOP('',(#4602,#4603,#4604,#4605));
#1090=EDGE_LOOP('',(#4606,#4607,#4608,#4609));
#1091=EDGE_LOOP('',(#4610,#4611,#4612,#4613));
#1092=EDGE_LOOP('',(#4614,#4615,#4616,#4617));
#1093=EDGE_LOOP('',(#4618,#4619,#4620,#4621));
#1094=EDGE_LOOP('',(#4622,#4623,#4624,#4625));
#1095=EDGE_LOOP('',(#4626,#4627,#4628,#4629));
#1096=EDGE_LOOP('',(#4630,#4631,#4632,#4633));
#1097=EDGE_LOOP('',(#4634,#4635,#4636,#4637));
#1098=EDGE_LOOP('',(#4638,#4639,#4640,#4641));
#1099=EDGE_LOOP('',(#4642,#4643,#4644,#4645));
#1100=EDGE_LOOP('',(#4646,#4647,#4648,#4649));
#1101=EDGE_LOOP('',(#4650,#4651,#4652,#4653,#4654,#4655,#4656,#4657));
#1102=EDGE_LOOP('',(#4658,#4659,#4660,#4661,#4662,#4663,#4664,#4665,#4666));
#1103=EDGE_LOOP('',(#4667,#4668,#4669,#4670));
#1104=EDGE_LOOP('',(#4671,#4672,#4673,#4674,#4675,#4676,#4677,#4678,#4679,
#4680,#4681,#4682,#4683,#4684,#4685,#4686,#4687,#4688,#4689,#4690,#4691,
#4692,#4693,#4694,#4695,#4696,#4697));
#1105=EDGE_LOOP('',(#4698,#4699,#4700,#4701,#4702,#4703,#4704,#4705,#4706,
#4707,#4708,#4709,#4710,#4711,#4712,#4713,#4714,#4715,#4716,#4717,#4718,
#4719,#4720,#4721,#4722,#4723,#4724,#4725));
#1106=EDGE_LOOP('',(#4726,#4727,#4728,#4729,#4730,#4731,#4732,#4733,#4734,
#4735,#4736,#4737,#4738,#4739,#4740,#4741,#4742));
#1107=EDGE_LOOP('',(#4743));
#1108=EDGE_LOOP('',(#4744));
#1109=EDGE_LOOP('',(#4745));
#1110=EDGE_LOOP('',(#4746,#4747,#4748,#4749));
#1111=EDGE_LOOP('',(#4750));
#1112=EDGE_LOOP('',(#4751,#4752,#4753,#4754,#4755,#4756,#4757,#4758,#4759,
#4760,#4761,#4762,#4763));
#1113=EDGE_LOOP('',(#4764,#4765,#4766,#4767,#4768,#4769,#4770,#4771,#4772,
#4773,#4774,#4775,#4776,#4777,#4778,#4779,#4780,#4781,#4782,#4783,#4784,
#4785,#4786,#4787,#4788,#4789,#4790,#4791,#4792,#4793,#4794,#4795,#4796));
#1114=EDGE_LOOP('',(#4797,#4798,#4799,#4800,#4801,#4802,#4803,#4804,#4805,
#4806,#4807,#4808,#4809,#4810,#4811,#4812,#4813));
#1115=EDGE_LOOP('',(#4814,#4815,#4816,#4817));
#1116=EDGE_LOOP('',(#4818,#4819,#4820,#4821,#4822,#4823,#4824,#4825));
#1117=EDGE_LOOP('',(#4826,#4827,#4828,#4829));
#1118=EDGE_LOOP('',(#4830,#4831,#4832,#4833));
#1119=EDGE_LOOP('',(#4834,#4835,#4836,#4837));
#1120=EDGE_LOOP('',(#4838,#4839,#4840,#4841));
#1121=EDGE_LOOP('',(#4842,#4843,#4844,#4845));
#1122=EDGE_LOOP('',(#4846,#4847,#4848,#4849));
#1123=EDGE_LOOP('',(#4850,#4851,#4852,#4853));
#1124=EDGE_LOOP('',(#4854,#4855,#4856,#4857));
#1125=EDGE_LOOP('',(#4858,#4859,#4860,#4861));
#1126=EDGE_LOOP('',(#4862,#4863,#4864,#4865));
#1127=EDGE_LOOP('',(#4866,#4867,#4868,#4869));
#1128=EDGE_LOOP('',(#4870));
#1129=EDGE_LOOP('',(#4871,#4872,#4873,#4874));
#1130=EDGE_LOOP('',(#4875,#4876,#4877,#4878));
#1131=EDGE_LOOP('',(#4879,#4880,#4881,#4882));
#1132=EDGE_LOOP('',(#4883,#4884,#4885,#4886));
#1133=EDGE_LOOP('',(#4887,#4888,#4889,#4890));
#1134=EDGE_LOOP('',(#4891,#4892,#4893,#4894));
#1135=EDGE_LOOP('',(#4895,#4896,#4897,#4898));
#1136=EDGE_LOOP('',(#4899,#4900,#4901,#4902));
#1137=EDGE_LOOP('',(#4903,#4904,#4905,#4906));
#1138=EDGE_LOOP('',(#4907,#4908,#4909,#4910));
#1139=EDGE_LOOP('',(#4911,#4912,#4913,#4914));
#1140=EDGE_LOOP('',(#4915,#4916,#4917,#4918));
#1141=EDGE_LOOP('',(#4919,#4920,#4921,#4922));
#1142=EDGE_LOOP('',(#4923,#4924,#4925,#4926));
#1143=EDGE_LOOP('',(#4927,#4928,#4929,#4930));
#1144=EDGE_LOOP('',(#4931,#4932,#4933,#4934));
#1145=EDGE_LOOP('',(#4935,#4936,#4937,#4938));
#1146=EDGE_LOOP('',(#4939,#4940,#4941,#4942));
#1147=EDGE_LOOP('',(#4943,#4944,#4945,#4946));
#1148=EDGE_LOOP('',(#4947,#4948,#4949,#4950));
#1149=EDGE_LOOP('',(#4951,#4952,#4953,#4954));
#1150=EDGE_LOOP('',(#4955,#4956,#4957,#4958));
#1151=EDGE_LOOP('',(#4959,#4960,#4961,#4962));
#1152=EDGE_LOOP('',(#4963,#4964,#4965,#4966));
#1153=EDGE_LOOP('',(#4967,#4968,#4969,#4970));
#1154=EDGE_LOOP('',(#4971,#4972,#4973,#4974));
#1155=EDGE_LOOP('',(#4975,#4976,#4977,#4978));
#1156=EDGE_LOOP('',(#4979,#4980,#4981,#4982));
#1157=EDGE_LOOP('',(#4983,#4984,#4985,#4986));
#1158=EDGE_LOOP('',(#4987,#4988,#4989,#4990));
#1159=EDGE_LOOP('',(#4991,#4992,#4993,#4994));
#1160=EDGE_LOOP('',(#4995,#4996,#4997,#4998));
#1161=EDGE_LOOP('',(#4999,#5000,#5001,#5002));
#1162=EDGE_LOOP('',(#5003,#5004,#5005,#5006));
#1163=EDGE_LOOP('',(#5007,#5008,#5009,#5010));
#1164=EDGE_LOOP('',(#5011,#5012,#5013,#5014));
#1165=EDGE_LOOP('',(#5015,#5016,#5017,#5018));
#1166=EDGE_LOOP('',(#5019,#5020,#5021,#5022));
#1167=EDGE_LOOP('',(#5023,#5024,#5025,#5026));
#1168=EDGE_LOOP('',(#5027,#5028,#5029,#5030));
#1169=EDGE_LOOP('',(#5031,#5032,#5033,#5034));
#1170=EDGE_LOOP('',(#5035,#5036,#5037,#5038));
#1171=EDGE_LOOP('',(#5039,#5040,#5041,#5042));
#1172=EDGE_LOOP('',(#5043,#5044,#5045,#5046));
#1173=EDGE_LOOP('',(#5047,#5048,#5049,#5050));
#1174=EDGE_LOOP('',(#5051,#5052,#5053,#5054));
#1175=EDGE_LOOP('',(#5055));
#1176=EDGE_LOOP('',(#5056,#5057,#5058,#5059));
#1177=EDGE_LOOP('',(#5060,#5061,#5062,#5063));
#1178=EDGE_LOOP('',(#5064,#5065,#5066,#5067,#5068,#5069,#5070,#5071,#5072,
#5073,#5074,#5075));
#1179=EDGE_LOOP('',(#5076,#5077,#5078,#5079));
#1180=EDGE_LOOP('',(#5080,#5081,#5082,#5083));
#1181=EDGE_LOOP('',(#5084));
#1182=EDGE_LOOP('',(#5085,#5086,#5087,#5088,#5089,#5090,#5091,#5092));
#1183=EDGE_LOOP('',(#5093));
#1184=EDGE_LOOP('',(#5094));
#1185=EDGE_LOOP('',(#5095));
#1186=EDGE_LOOP('',(#5096));
#1187=EDGE_LOOP('',(#5097,#5098,#5099,#5100));
#1188=EDGE_LOOP('',(#5101,#5102,#5103,#5104));
#1189=EDGE_LOOP('',(#5105,#5106,#5107,#5108));
#1190=EDGE_LOOP('',(#5109,#5110,#5111,#5112));
#1191=EDGE_LOOP('',(#5113,#5114,#5115,#5116));
#1192=EDGE_LOOP('',(#5117,#5118,#5119,#5120));
#1193=EDGE_LOOP('',(#5121,#5122,#5123,#5124));
#1194=EDGE_LOOP('',(#5125,#5126,#5127,#5128));
#1195=EDGE_LOOP('',(#5129,#5130,#5131,#5132));
#1196=EDGE_LOOP('',(#5133,#5134,#5135,#5136));
#1197=EDGE_LOOP('',(#5137,#5138,#5139,#5140));
#1198=EDGE_LOOP('',(#5141,#5142,#5143,#5144));
#1199=EDGE_LOOP('',(#5145,#5146,#5147,#5148));
#1200=EDGE_LOOP('',(#5149,#5150,#5151,#5152));
#1201=EDGE_LOOP('',(#5153,#5154,#5155,#5156));
#1202=EDGE_LOOP('',(#5157,#5158,#5159,#5160));
#1203=EDGE_LOOP('',(#5161,#5162,#5163,#5164));
#1204=EDGE_LOOP('',(#5165));
#1205=EDGE_LOOP('',(#5166,#5167,#5168,#5169));
#1206=EDGE_LOOP('',(#5170,#5171,#5172,#5173));
#1207=EDGE_LOOP('',(#5174,#5175,#5176,#5177,#5178,#5179,#5180,#5181));
#1208=EDGE_LOOP('',(#5182,#5183,#5184,#5185,#5186,#5187,#5188,#5189,#5190,
#5191,#5192,#5193));
#1209=EDGE_LOOP('',(#5194));
#1210=EDGE_LOOP('',(#5195));
#1211=EDGE_LOOP('',(#5196));
#1212=EDGE_LOOP('',(#5197));
#1213=LINE('',#6784,#1704);
#1214=LINE('',#6786,#1705);
#1215=LINE('',#6788,#1706);
#1216=LINE('',#6789,#1707);
#1217=LINE('',#6792,#1708);
#1218=LINE('',#6794,#1709);
#1219=LINE('',#6795,#1710);
#1220=LINE('',#6818,#1711);
#1221=LINE('',#6841,#1712);
#1222=LINE('',#6843,#1713);
#1223=LINE('',#6844,#1714);
#1224=LINE('',#6848,#1715);
#1225=LINE('',#6850,#1716);
#1226=LINE('',#6852,#1717);
#1227=LINE('',#6853,#1718);
#1228=LINE('',#6856,#1719);
#1229=LINE('',#6858,#1720);
#1230=LINE('',#6859,#1721);
#1231=LINE('',#6862,#1722);
#1232=LINE('',#6864,#1723);
#1233=LINE('',#6865,#1724);
#1234=LINE('',#6868,#1725);
#1235=LINE('',#6870,#1726);
#1236=LINE('',#6871,#1727);
#1237=LINE('',#6874,#1728);
#1238=LINE('',#6876,#1729);
#1239=LINE('',#6877,#1730);
#1240=LINE('',#6880,#1731);
#1241=LINE('',#6882,#1732);
#1242=LINE('',#6883,#1733);
#1243=LINE('',#6886,#1734);
#1244=LINE('',#6888,#1735);
#1245=LINE('',#6889,#1736);
#1246=LINE('',#6891,#1737);
#1247=LINE('',#6892,#1738);
#1248=LINE('',#6913,#1739);
#1249=LINE('',#6920,#1740);
#1250=LINE('',#6943,#1741);
#1251=LINE('',#6966,#1742);
#1252=LINE('',#6989,#1743);
#1253=LINE('',#7012,#1744);
#1254=LINE('',#7035,#1745);
#1255=LINE('',#7058,#1746);
#1256=LINE('',#7097,#1747);
#1257=LINE('',#7104,#1748);
#1258=LINE('',#7127,#1749);
#1259=LINE('',#7150,#1750);
#1260=LINE('',#7173,#1751);
#1261=LINE('',#7196,#1752);
#1262=LINE('',#7219,#1753);
#1263=LINE('',#7242,#1754);
#1264=LINE('',#7265,#1755);
#1265=LINE('',#7291,#1756);
#1266=LINE('',#7293,#1757);
#1267=LINE('',#7295,#1758);
#1268=LINE('',#7296,#1759);
#1269=LINE('',#7299,#1760);
#1270=LINE('',#7301,#1761);
#1271=LINE('',#7302,#1762);
#1272=LINE('',#7305,#1763);
#1273=LINE('',#7307,#1764);
#1274=LINE('',#7308,#1765);
#1275=LINE('',#7310,#1766);
#1276=LINE('',#7311,#1767);
#1277=LINE('',#7316,#1768);
#1278=LINE('',#7318,#1769);
#1279=LINE('',#7320,#1770);
#1280=LINE('',#7321,#1771);
#1281=LINE('',#7324,#1772);
#1282=LINE('',#7326,#1773);
#1283=LINE('',#7327,#1774);
#1284=LINE('',#7330,#1775);
#1285=LINE('',#7332,#1776);
#1286=LINE('',#7333,#1777);
#1287=LINE('',#7335,#1778);
#1288=LINE('',#7336,#1779);
#1289=LINE('',#7341,#1780);
#1290=LINE('',#7343,#1781);
#1291=LINE('',#7345,#1782);
#1292=LINE('',#7346,#1783);
#1293=LINE('',#7349,#1784);
#1294=LINE('',#7351,#1785);
#1295=LINE('',#7352,#1786);
#1296=LINE('',#7355,#1787);
#1297=LINE('',#7357,#1788);
#1298=LINE('',#7358,#1789);
#1299=LINE('',#7381,#1790);
#1300=LINE('',#7404,#1791);
#1301=LINE('',#7427,#1792);
#1302=LINE('',#7450,#1793);
#1303=LINE('',#7453,#1794);
#1304=LINE('',#7455,#1795);
#1305=LINE('',#7456,#1796);
#1306=LINE('',#7459,#1797);
#1307=LINE('',#7461,#1798);
#1308=LINE('',#7462,#1799);
#1309=LINE('',#7465,#1800);
#1310=LINE('',#7467,#1801);
#1311=LINE('',#7468,#1802);
#1312=LINE('',#7491,#1803);
#1313=LINE('',#7514,#1804);
#1314=LINE('',#7537,#1805);
#1315=LINE('',#7560,#1806);
#1316=LINE('',#7583,#1807);
#1317=LINE('',#7586,#1808);
#1318=LINE('',#7588,#1809);
#1319=LINE('',#7589,#1810);
#1320=LINE('',#7591,#1811);
#1321=LINE('',#7592,#1812);
#1322=LINE('',#7612,#1813);
#1323=LINE('',#7619,#1814);
#1324=LINE('',#7642,#1815);
#1325=LINE('',#7665,#1816);
#1326=LINE('',#7688,#1817);
#1327=LINE('',#7711,#1818);
#1328=LINE('',#7734,#1819);
#1329=LINE('',#7757,#1820);
#1330=LINE('',#7780,#1821);
#1331=LINE('',#7803,#1822);
#1332=LINE('',#7805,#1823);
#1333=LINE('',#7806,#1824);
#1334=LINE('',#7825,#1825);
#1335=LINE('',#7832,#1826);
#1336=LINE('',#7855,#1827);
#1337=LINE('',#7878,#1828);
#1338=LINE('',#7901,#1829);
#1339=LINE('',#7924,#1830);
#1340=LINE('',#7947,#1831);
#1341=LINE('',#7970,#1832);
#1342=LINE('',#7993,#1833);
#1343=LINE('',#8016,#1834);
#1344=LINE('',#8039,#1835);
#1345=LINE('',#8062,#1836);
#1346=LINE('',#8085,#1837);
#1347=LINE('',#8108,#1838);
#1348=LINE('',#8131,#1839);
#1349=LINE('',#8134,#1840);
#1350=LINE('',#8136,#1841);
#1351=LINE('',#8137,#1842);
#1352=LINE('',#8160,#1843);
#1353=LINE('',#8183,#1844);
#1354=LINE('',#8206,#1845);
#1355=LINE('',#8229,#1846);
#1356=LINE('',#8252,#1847);
#1357=LINE('',#8275,#1848);
#1358=LINE('',#8298,#1849);
#1359=LINE('',#8301,#1850);
#1360=LINE('',#8303,#1851);
#1361=LINE('',#8304,#1852);
#1362=LINE('',#8327,#1853);
#1363=LINE('',#8350,#1854);
#1364=LINE('',#8353,#1855);
#1365=LINE('',#8355,#1856);
#1366=LINE('',#8356,#1857);
#1367=LINE('',#8382,#1858);
#1368=LINE('',#8384,#1859);
#1369=LINE('',#8386,#1860);
#1370=LINE('',#8387,#1861);
#1371=LINE('',#8410,#1862);
#1372=LINE('',#8433,#1863);
#1373=LINE('',#8456,#1864);
#1374=LINE('',#8479,#1865);
#1375=LINE('',#8502,#1866);
#1376=LINE('',#8525,#1867);
#1377=LINE('',#8548,#1868);
#1378=LINE('',#8571,#1869);
#1379=LINE('',#8594,#1870);
#1380=LINE('',#8617,#1871);
#1381=LINE('',#8640,#1872);
#1382=LINE('',#8663,#1873);
#1383=LINE('',#8686,#1874);
#1384=LINE('',#8709,#1875);
#1385=LINE('',#8732,#1876);
#1386=LINE('',#8755,#1877);
#1387=LINE('',#8758,#1878);
#1388=LINE('',#8760,#1879);
#1389=LINE('',#8761,#1880);
#1390=LINE('',#8784,#1881);
#1391=LINE('',#8807,#1882);
#1392=LINE('',#8830,#1883);
#1393=LINE('',#8853,#1884);
#1394=LINE('',#8876,#1885);
#1395=LINE('',#8899,#1886);
#1396=LINE('',#8922,#1887);
#1397=LINE('',#8945,#1888);
#1398=LINE('',#8968,#1889);
#1399=LINE('',#8991,#1890);
#1400=LINE('',#9014,#1891);
#1401=LINE('',#9037,#1892);
#1402=LINE('',#9060,#1893);
#1403=LINE('',#9083,#1894);
#1404=LINE('',#9108,#1895);
#1405=LINE('',#9110,#1896);
#1406=LINE('',#9112,#1897);
#1407=LINE('',#9113,#1898);
#1408=LINE('',#9116,#1899);
#1409=LINE('',#9118,#1900);
#1410=LINE('',#9119,#1901);
#1411=LINE('',#9122,#1902);
#1412=LINE('',#9124,#1903);
#1413=LINE('',#9125,#1904);
#1414=LINE('',#9148,#1905);
#1415=LINE('',#9171,#1906);
#1416=LINE('',#9194,#1907);
#1417=LINE('',#9217,#1908);
#1418=LINE('',#9240,#1909);
#1419=LINE('',#9263,#1910);
#1420=LINE('',#9286,#1911);
#1421=LINE('',#9289,#1912);
#1422=LINE('',#9291,#1913);
#1423=LINE('',#9292,#1914);
#1424=LINE('',#9295,#1915);
#1425=LINE('',#9297,#1916);
#1426=LINE('',#9298,#1917);
#1427=LINE('',#9301,#1918);
#1428=LINE('',#9303,#1919);
#1429=LINE('',#9304,#1920);
#1430=LINE('',#9327,#1921);
#1431=LINE('',#9350,#1922);
#1432=LINE('',#9373,#1923);
#1433=LINE('',#9396,#1924);
#1434=LINE('',#9419,#1925);
#1435=LINE('',#9422,#1926);
#1436=LINE('',#9424,#1927);
#1437=LINE('',#9425,#1928);
#1438=LINE('',#9428,#1929);
#1439=LINE('',#9430,#1930);
#1440=LINE('',#9431,#1931);
#1441=LINE('',#9434,#1932);
#1442=LINE('',#9436,#1933);
#1443=LINE('',#9437,#1934);
#1444=LINE('',#9460,#1935);
#1445=LINE('',#9483,#1936);
#1446=LINE('',#9506,#1937);
#1447=LINE('',#9529,#1938);
#1448=LINE('',#9552,#1939);
#1449=LINE('',#9555,#1940);
#1450=LINE('',#9557,#1941);
#1451=LINE('',#9558,#1942);
#1452=LINE('',#9560,#1943);
#1453=LINE('',#9561,#1944);
#1454=LINE('',#9566,#1945);
#1455=LINE('',#9568,#1946);
#1456=LINE('',#9570,#1947);
#1457=LINE('',#9571,#1948);
#1458=LINE('',#9574,#1949);
#1459=LINE('',#9576,#1950);
#1460=LINE('',#9577,#1951);
#1461=LINE('',#9580,#1952);
#1462=LINE('',#9582,#1953);
#1463=LINE('',#9583,#1954);
#1464=LINE('',#9606,#1955);
#1465=LINE('',#9629,#1956);
#1466=LINE('',#9652,#1957);
#1467=LINE('',#9675,#1958);
#1468=LINE('',#9678,#1959);
#1469=LINE('',#9680,#1960);
#1470=LINE('',#9681,#1961);
#1471=LINE('',#9684,#1962);
#1472=LINE('',#9686,#1963);
#1473=LINE('',#9687,#1964);
#1474=LINE('',#9690,#1965);
#1475=LINE('',#9692,#1966);
#1476=LINE('',#9693,#1967);
#1477=LINE('',#9716,#1968);
#1478=LINE('',#9739,#1969);
#1479=LINE('',#9762,#1970);
#1480=LINE('',#9785,#1971);
#1481=LINE('',#9808,#1972);
#1482=LINE('',#9811,#1973);
#1483=LINE('',#9813,#1974);
#1484=LINE('',#9814,#1975);
#1485=LINE('',#9816,#1976);
#1486=LINE('',#9817,#1977);
#1487=LINE('',#9837,#1978);
#1488=LINE('',#9844,#1979);
#1489=LINE('',#9867,#1980);
#1490=LINE('',#9890,#1981);
#1491=LINE('',#9913,#1982);
#1492=LINE('',#9936,#1983);
#1493=LINE('',#9959,#1984);
#1494=LINE('',#9982,#1985);
#1495=LINE('',#10006,#1986);
#1496=LINE('',#10008,#1987);
#1497=LINE('',#10010,#1988);
#1498=LINE('',#10011,#1989);
#1499=LINE('',#10014,#1990);
#1500=LINE('',#10016,#1991);
#1501=LINE('',#10017,#1992);
#1502=LINE('',#10020,#1993);
#1503=LINE('',#10022,#1994);
#1504=LINE('',#10023,#1995);
#1505=LINE('',#10026,#1996);
#1506=LINE('',#10028,#1997);
#1507=LINE('',#10029,#1998);
#1508=LINE('',#10052,#1999);
#1509=LINE('',#10075,#2000);
#1510=LINE('',#10098,#2001);
#1511=LINE('',#10121,#2002);
#1512=LINE('',#10144,#2003);
#1513=LINE('',#10167,#2004);
#1514=LINE('',#10190,#2005);
#1515=LINE('',#10213,#2006);
#1516=LINE('',#10215,#2007);
#1517=LINE('',#10216,#2008);
#1518=LINE('',#10224,#2009);
#1519=LINE('',#10227,#2010);
#1520=LINE('',#10230,#2011);
#1521=LINE('',#10232,#2012);
#1522=LINE('',#10233,#2013);
#1523=LINE('',#10236,#2014);
#1524=LINE('',#10240,#2015);
#1525=LINE('',#10244,#2016);
#1526=LINE('',#10248,#2017);
#1527=LINE('',#10250,#2018);
#1528=LINE('',#10252,#2019);
#1529=LINE('',#10253,#2020);
#1530=LINE('',#10265,#2021);
#1531=LINE('',#10268,#2022);
#1532=LINE('',#10269,#2023);
#1533=LINE('',#10273,#2024);
#1534=LINE('',#10276,#2025);
#1535=LINE('',#10277,#2026);
#1536=LINE('',#10281,#2027);
#1537=LINE('',#10284,#2028);
#1538=LINE('',#10286,#2029);
#1539=LINE('',#10287,#2030);
#1540=LINE('',#10290,#2031);
#1541=LINE('',#10291,#2032);
#1542=LINE('',#10294,#2033);
#1543=LINE('',#10295,#2034);
#1544=LINE('',#10297,#2035);
#1545=LINE('',#10301,#2036);
#1546=LINE('',#10303,#2037);
#1547=LINE('',#10305,#2038);
#1548=LINE('',#10306,#2039);
#1549=LINE('',#10309,#2040);
#1550=LINE('',#10311,#2041);
#1551=LINE('',#10312,#2042);
#1552=LINE('',#10315,#2043);
#1553=LINE('',#10316,#2044);
#1554=LINE('',#10320,#2045);
#1555=LINE('',#10324,#2046);
#1556=LINE('',#10328,#2047);
#1557=LINE('',#10331,#2048);
#1558=LINE('',#10332,#2049);
#1559=LINE('',#10334,#2050);
#1560=LINE('',#10338,#2051);
#1561=LINE('',#10340,#2052);
#1562=LINE('',#10345,#2053);
#1563=LINE('',#10347,#2054);
#1564=LINE('',#10349,#2055);
#1565=LINE('',#10350,#2056);
#1566=LINE('',#10353,#2057);
#1567=LINE('',#10355,#2058);
#1568=LINE('',#10356,#2059);
#1569=LINE('',#10359,#2060);
#1570=LINE('',#10361,#2061);
#1571=LINE('',#10363,#2062);
#1572=LINE('',#10364,#2063);
#1573=LINE('',#10367,#2064);
#1574=LINE('',#10371,#2065);
#1575=LINE('',#10375,#2066);
#1576=LINE('',#10379,#2067);
#1577=LINE('',#10383,#2068);
#1578=LINE('',#10387,#2069);
#1579=LINE('',#10391,#2070);
#1580=LINE('',#10395,#2071);
#1581=LINE('',#10399,#2072);
#1582=LINE('',#10403,#2073);
#1583=LINE('',#10407,#2074);
#1584=LINE('',#10411,#2075);
#1585=LINE('',#10415,#2076);
#1586=LINE('',#10417,#2077);
#1587=LINE('',#10418,#2078);
#1588=LINE('',#10422,#2079);
#1589=LINE('',#10424,#2080);
#1590=LINE('',#10426,#2081);
#1591=LINE('',#10427,#2082);
#1592=LINE('',#10432,#2083);
#1593=LINE('',#10434,#2084);
#1594=LINE('',#10435,#2085);
#1595=LINE('',#10438,#2086);
#1596=LINE('',#10440,#2087);
#1597=LINE('',#10441,#2088);
#1598=LINE('',#10444,#2089);
#1599=LINE('',#10446,#2090);
#1600=LINE('',#10447,#2091);
#1601=LINE('',#10450,#2092);
#1602=LINE('',#10454,#2093);
#1603=LINE('',#10456,#2094);
#1604=LINE('',#10457,#2095);
#1605=LINE('',#10460,#2096);
#1606=LINE('',#10464,#2097);
#1607=LINE('',#10466,#2098);
#1608=LINE('',#10467,#2099);
#1609=LINE('',#10470,#2100);
#1610=LINE('',#10474,#2101);
#1611=LINE('',#10476,#2102);
#1612=LINE('',#10477,#2103);
#1613=LINE('',#10480,#2104);
#1614=LINE('',#10484,#2105);
#1615=LINE('',#10486,#2106);
#1616=LINE('',#10487,#2107);
#1617=LINE('',#10490,#2108);
#1618=LINE('',#10494,#2109);
#1619=LINE('',#10496,#2110);
#1620=LINE('',#10497,#2111);
#1621=LINE('',#10500,#2112);
#1622=LINE('',#10504,#2113);
#1623=LINE('',#10506,#2114);
#1624=LINE('',#10507,#2115);
#1625=LINE('',#10510,#2116);
#1626=LINE('',#10511,#2117);
#1627=LINE('',#10514,#2118);
#1628=LINE('',#10516,#2119);
#1629=LINE('',#10517,#2120);
#1630=LINE('',#10520,#2121);
#1631=LINE('',#10522,#2122);
#1632=LINE('',#10523,#2123);
#1633=LINE('',#10526,#2124);
#1634=LINE('',#10528,#2125);
#1635=LINE('',#10529,#2126);
#1636=LINE('',#10532,#2127);
#1637=LINE('',#10534,#2128);
#1638=LINE('',#10535,#2129);
#1639=LINE('',#10538,#2130);
#1640=LINE('',#10539,#2131);
#1641=LINE('',#10544,#2132);
#1642=LINE('',#10545,#2133);
#1643=LINE('',#10550,#2134);
#1644=LINE('',#10551,#2135);
#1645=LINE('',#10556,#2136);
#1646=LINE('',#10557,#2137);
#1647=LINE('',#10562,#2138);
#1648=LINE('',#10563,#2139);
#1649=LINE('',#10568,#2140);
#1650=LINE('',#10569,#2141);
#1651=LINE('',#10575,#2142);
#1652=LINE('',#10579,#2143);
#1653=LINE('',#10581,#2144);
#1654=LINE('',#10583,#2145);
#1655=LINE('',#10584,#2146);
#1656=LINE('',#10587,#2147);
#1657=LINE('',#10589,#2148);
#1658=LINE('',#10590,#2149);
#1659=LINE('',#10593,#2150);
#1660=LINE('',#10595,#2151);
#1661=LINE('',#10596,#2152);
#1662=LINE('',#10598,#2153);
#1663=LINE('',#10599,#2154);
#1664=LINE('',#10604,#2155);
#1665=LINE('',#10609,#2156);
#1666=LINE('',#10611,#2157);
#1667=LINE('',#10613,#2158);
#1668=LINE('',#10614,#2159);
#1669=LINE('',#10617,#2160);
#1670=LINE('',#10619,#2161);
#1671=LINE('',#10620,#2162);
#1672=LINE('',#10623,#2163);
#1673=LINE('',#10625,#2164);
#1674=LINE('',#10626,#2165);
#1675=LINE('',#10628,#2166);
#1676=LINE('',#10629,#2167);
#1677=LINE('',#10632,#2168);
#1678=LINE('',#10633,#2169);
#1679=LINE('',#10635,#2170);
#1680=LINE('',#10637,#2171);
#1681=LINE('',#10638,#2172);
#1682=LINE('',#10640,#2173);
#1683=LINE('',#10641,#2174);
#1684=LINE('',#10648,#2175);
#1685=LINE('',#10651,#2176);
#1686=LINE('',#10654,#2177);
#1687=LINE('',#10656,#2178);
#1688=LINE('',#10657,#2179);
#1689=LINE('',#10660,#2180);
#1690=LINE('',#10664,#2181);
#1691=LINE('',#10668,#2182);
#1692=LINE('',#10682,#2183);
#1693=LINE('',#10683,#2184);
#1694=LINE('',#10686,#2185);
#1695=LINE('',#10687,#2186);
#1696=LINE('',#10691,#2187);
#1697=LINE('',#10695,#2188);
#1698=LINE('',#10699,#2189);
#1699=LINE('',#10703,#2190);
#1700=LINE('',#10707,#2191);
#1701=LINE('',#10711,#2192);
#1702=LINE('',#10713,#2193);
#1703=LINE('',#10715,#2194);
#1704=VECTOR('',#5850,10.);
#1705=VECTOR('',#5851,10.);
#1706=VECTOR('',#5852,10.);
#1707=VECTOR('',#5853,10.);
#1708=VECTOR('',#5856,10.);
#1709=VECTOR('',#5857,10.);
#1710=VECTOR('',#5858,10.);
#1711=VECTOR('',#5859,10.);
#1712=VECTOR('',#5860,10.);
#1713=VECTOR('',#5863,10.);
#1714=VECTOR('',#5864,10.);
#1715=VECTOR('',#5867,10.);
#1716=VECTOR('',#5868,10.);
#1717=VECTOR('',#5869,10.);
#1718=VECTOR('',#5870,10.);
#1719=VECTOR('',#5873,10.);
#1720=VECTOR('',#5874,10.);
#1721=VECTOR('',#5875,10.);
#1722=VECTOR('',#5878,10.);
#1723=VECTOR('',#5879,10.);
#1724=VECTOR('',#5880,10.);
#1725=VECTOR('',#5883,10.);
#1726=VECTOR('',#5884,10.);
#1727=VECTOR('',#5885,10.);
#1728=VECTOR('',#5888,10.);
#1729=VECTOR('',#5889,10.);
#1730=VECTOR('',#5890,10.);
#1731=VECTOR('',#5893,10.);
#1732=VECTOR('',#5894,10.);
#1733=VECTOR('',#5895,10.);
#1734=VECTOR('',#5898,10.);
#1735=VECTOR('',#5899,10.);
#1736=VECTOR('',#5900,10.);
#1737=VECTOR('',#5903,10.);
#1738=VECTOR('',#5904,10.);
#1739=VECTOR('',#5909,10.);
#1740=VECTOR('',#5910,10.);
#1741=VECTOR('',#5911,10.);
#1742=VECTOR('',#5912,10.);
#1743=VECTOR('',#5913,10.);
#1744=VECTOR('',#5914,10.);
#1745=VECTOR('',#5915,10.);
#1746=VECTOR('',#5916,10.);
#1747=VECTOR('',#5917,10.);
#1748=VECTOR('',#5918,10.);
#1749=VECTOR('',#5919,10.);
#1750=VECTOR('',#5920,10.);
#1751=VECTOR('',#5921,10.);
#1752=VECTOR('',#5922,10.);
#1753=VECTOR('',#5923,10.);
#1754=VECTOR('',#5924,10.);
#1755=VECTOR('',#5925,10.);
#1756=VECTOR('',#5932,10.);
#1757=VECTOR('',#5933,10.);
#1758=VECTOR('',#5934,10.);
#1759=VECTOR('',#5935,10.);
#1760=VECTOR('',#5938,10.);
#1761=VECTOR('',#5939,10.);
#1762=VECTOR('',#5940,10.);
#1763=VECTOR('',#5943,10.);
#1764=VECTOR('',#5944,10.);
#1765=VECTOR('',#5945,10.);
#1766=VECTOR('',#5948,10.);
#1767=VECTOR('',#5949,10.);
#1768=VECTOR('',#5954,10.);
#1769=VECTOR('',#5955,10.);
#1770=VECTOR('',#5956,10.);
#1771=VECTOR('',#5957,10.);
#1772=VECTOR('',#5960,10.);
#1773=VECTOR('',#5961,10.);
#1774=VECTOR('',#5962,10.);
#1775=VECTOR('',#5965,10.);
#1776=VECTOR('',#5966,10.);
#1777=VECTOR('',#5967,10.);
#1778=VECTOR('',#5970,10.);
#1779=VECTOR('',#5971,10.);
#1780=VECTOR('',#5976,10.);
#1781=VECTOR('',#5977,10.);
#1782=VECTOR('',#5978,10.);
#1783=VECTOR('',#5979,10.);
#1784=VECTOR('',#5982,10.);
#1785=VECTOR('',#5983,10.);
#1786=VECTOR('',#5984,10.);
#1787=VECTOR('',#5987,10.);
#1788=VECTOR('',#5988,10.);
#1789=VECTOR('',#5989,10.);
#1790=VECTOR('',#5990,10.);
#1791=VECTOR('',#5991,10.);
#1792=VECTOR('',#5992,10.);
#1793=VECTOR('',#5993,10.);
#1794=VECTOR('',#5996,10.);
#1795=VECTOR('',#5997,10.);
#1796=VECTOR('',#5998,10.);
#1797=VECTOR('',#6001,10.);
#1798=VECTOR('',#6002,10.);
#1799=VECTOR('',#6003,10.);
#1800=VECTOR('',#6006,10.);
#1801=VECTOR('',#6007,10.);
#1802=VECTOR('',#6008,10.);
#1803=VECTOR('',#6009,10.);
#1804=VECTOR('',#6010,10.);
#1805=VECTOR('',#6011,10.);
#1806=VECTOR('',#6012,10.);
#1807=VECTOR('',#6013,10.);
#1808=VECTOR('',#6016,10.);
#1809=VECTOR('',#6017,10.);
#1810=VECTOR('',#6018,10.);
#1811=VECTOR('',#6021,10.);
#1812=VECTOR('',#6022,10.);
#1813=VECTOR('',#6025,10.);
#1814=VECTOR('',#6026,10.);
#1815=VECTOR('',#6027,10.);
#1816=VECTOR('',#6028,10.);
#1817=VECTOR('',#6029,10.);
#1818=VECTOR('',#6030,10.);
#1819=VECTOR('',#6031,10.);
#1820=VECTOR('',#6032,10.);
#1821=VECTOR('',#6033,10.);
#1822=VECTOR('',#6034,10.);
#1823=VECTOR('',#6037,10.);
#1824=VECTOR('',#6038,10.);
#1825=VECTOR('',#6039,10.);
#1826=VECTOR('',#6040,10.);
#1827=VECTOR('',#6041,10.);
#1828=VECTOR('',#6042,10.);
#1829=VECTOR('',#6043,10.);
#1830=VECTOR('',#6044,10.);
#1831=VECTOR('',#6045,10.);
#1832=VECTOR('',#6046,10.);
#1833=VECTOR('',#6047,10.);
#1834=VECTOR('',#6048,10.);
#1835=VECTOR('',#6049,10.);
#1836=VECTOR('',#6050,10.);
#1837=VECTOR('',#6051,10.);
#1838=VECTOR('',#6052,10.);
#1839=VECTOR('',#6053,10.);
#1840=VECTOR('',#6056,10.);
#1841=VECTOR('',#6057,10.);
#1842=VECTOR('',#6058,10.);
#1843=VECTOR('',#6059,10.);
#1844=VECTOR('',#6060,10.);
#1845=VECTOR('',#6061,10.);
#1846=VECTOR('',#6062,10.);
#1847=VECTOR('',#6063,10.);
#1848=VECTOR('',#6064,10.);
#1849=VECTOR('',#6065,10.);
#1850=VECTOR('',#6068,10.);
#1851=VECTOR('',#6069,10.);
#1852=VECTOR('',#6070,10.);
#1853=VECTOR('',#6071,10.);
#1854=VECTOR('',#6072,10.);
#1855=VECTOR('',#6075,10.);
#1856=VECTOR('',#6076,10.);
#1857=VECTOR('',#6077,10.);
#1858=VECTOR('',#6084,10.);
#1859=VECTOR('',#6085,10.);
#1860=VECTOR('',#6086,10.);
#1861=VECTOR('',#6087,10.);
#1862=VECTOR('',#6088,10.);
#1863=VECTOR('',#6089,10.);
#1864=VECTOR('',#6090,10.);
#1865=VECTOR('',#6091,10.);
#1866=VECTOR('',#6092,10.);
#1867=VECTOR('',#6093,10.);
#1868=VECTOR('',#6094,10.);
#1869=VECTOR('',#6095,10.);
#1870=VECTOR('',#6096,10.);
#1871=VECTOR('',#6097,10.);
#1872=VECTOR('',#6098,10.);
#1873=VECTOR('',#6099,10.);
#1874=VECTOR('',#6100,10.);
#1875=VECTOR('',#6101,10.);
#1876=VECTOR('',#6102,10.);
#1877=VECTOR('',#6103,10.);
#1878=VECTOR('',#6106,10.);
#1879=VECTOR('',#6107,10.);
#1880=VECTOR('',#6108,10.);
#1881=VECTOR('',#6109,10.);
#1882=VECTOR('',#6110,10.);
#1883=VECTOR('',#6111,10.);
#1884=VECTOR('',#6112,10.);
#1885=VECTOR('',#6113,10.);
#1886=VECTOR('',#6114,10.);
#1887=VECTOR('',#6115,10.);
#1888=VECTOR('',#6116,10.);
#1889=VECTOR('',#6117,10.);
#1890=VECTOR('',#6118,10.);
#1891=VECTOR('',#6119,10.);
#1892=VECTOR('',#6120,10.);
#1893=VECTOR('',#6121,10.);
#1894=VECTOR('',#6122,10.);
#1895=VECTOR('',#6127,10.);
#1896=VECTOR('',#6128,10.);
#1897=VECTOR('',#6129,10.);
#1898=VECTOR('',#6130,10.);
#1899=VECTOR('',#6133,10.);
#1900=VECTOR('',#6134,10.);
#1901=VECTOR('',#6135,10.);
#1902=VECTOR('',#6138,10.);
#1903=VECTOR('',#6139,10.);
#1904=VECTOR('',#6140,10.);
#1905=VECTOR('',#6141,10.);
#1906=VECTOR('',#6142,10.);
#1907=VECTOR('',#6143,10.);
#1908=VECTOR('',#6144,10.);
#1909=VECTOR('',#6145,10.);
#1910=VECTOR('',#6146,10.);
#1911=VECTOR('',#6147,10.);
#1912=VECTOR('',#6150,10.);
#1913=VECTOR('',#6151,10.);
#1914=VECTOR('',#6152,10.);
#1915=VECTOR('',#6155,10.);
#1916=VECTOR('',#6156,10.);
#1917=VECTOR('',#6157,10.);
#1918=VECTOR('',#6160,10.);
#1919=VECTOR('',#6161,10.);
#1920=VECTOR('',#6162,10.);
#1921=VECTOR('',#6163,10.);
#1922=VECTOR('',#6164,10.);
#1923=VECTOR('',#6165,10.);
#1924=VECTOR('',#6166,10.);
#1925=VECTOR('',#6167,10.);
#1926=VECTOR('',#6170,10.);
#1927=VECTOR('',#6171,10.);
#1928=VECTOR('',#6172,10.);
#1929=VECTOR('',#6175,10.);
#1930=VECTOR('',#6176,10.);
#1931=VECTOR('',#6177,10.);
#1932=VECTOR('',#6180,10.);
#1933=VECTOR('',#6181,10.);
#1934=VECTOR('',#6182,10.);
#1935=VECTOR('',#6183,10.);
#1936=VECTOR('',#6184,10.);
#1937=VECTOR('',#6185,10.);
#1938=VECTOR('',#6186,10.);
#1939=VECTOR('',#6187,10.);
#1940=VECTOR('',#6190,10.);
#1941=VECTOR('',#6191,10.);
#1942=VECTOR('',#6192,10.);
#1943=VECTOR('',#6195,10.);
#1944=VECTOR('',#6196,10.);
#1945=VECTOR('',#6201,10.);
#1946=VECTOR('',#6202,10.);
#1947=VECTOR('',#6203,10.);
#1948=VECTOR('',#6204,10.);
#1949=VECTOR('',#6207,10.);
#1950=VECTOR('',#6208,10.);
#1951=VECTOR('',#6209,10.);
#1952=VECTOR('',#6212,10.);
#1953=VECTOR('',#6213,10.);
#1954=VECTOR('',#6214,10.);
#1955=VECTOR('',#6215,10.);
#1956=VECTOR('',#6216,10.);
#1957=VECTOR('',#6217,10.);
#1958=VECTOR('',#6218,10.);
#1959=VECTOR('',#6221,10.);
#1960=VECTOR('',#6222,10.);
#1961=VECTOR('',#6223,10.);
#1962=VECTOR('',#6226,10.);
#1963=VECTOR('',#6227,10.);
#1964=VECTOR('',#6228,10.);
#1965=VECTOR('',#6231,10.);
#1966=VECTOR('',#6232,10.);
#1967=VECTOR('',#6233,10.);
#1968=VECTOR('',#6234,10.);
#1969=VECTOR('',#6235,10.);
#1970=VECTOR('',#6236,10.);
#1971=VECTOR('',#6237,10.);
#1972=VECTOR('',#6238,10.);
#1973=VECTOR('',#6241,10.);
#1974=VECTOR('',#6242,10.);
#1975=VECTOR('',#6243,10.);
#1976=VECTOR('',#6246,10.);
#1977=VECTOR('',#6247,10.);
#1978=VECTOR('',#6250,10.);
#1979=VECTOR('',#6251,10.);
#1980=VECTOR('',#6252,10.);
#1981=VECTOR('',#6253,10.);
#1982=VECTOR('',#6254,10.);
#1983=VECTOR('',#6255,10.);
#1984=VECTOR('',#6256,10.);
#1985=VECTOR('',#6257,10.);
#1986=VECTOR('',#6260,10.);
#1987=VECTOR('',#6261,10.);
#1988=VECTOR('',#6262,10.);
#1989=VECTOR('',#6263,10.);
#1990=VECTOR('',#6266,10.);
#1991=VECTOR('',#6267,10.);
#1992=VECTOR('',#6268,10.);
#1993=VECTOR('',#6271,10.);
#1994=VECTOR('',#6272,10.);
#1995=VECTOR('',#6273,10.);
#1996=VECTOR('',#6276,10.);
#1997=VECTOR('',#6277,10.);
#1998=VECTOR('',#6278,10.);
#1999=VECTOR('',#6279,10.);
#2000=VECTOR('',#6280,10.);
#2001=VECTOR('',#6281,10.);
#2002=VECTOR('',#6282,10.);
#2003=VECTOR('',#6283,10.);
#2004=VECTOR('',#6284,10.);
#2005=VECTOR('',#6285,10.);
#2006=VECTOR('',#6286,10.);
#2007=VECTOR('',#6289,10.);
#2008=VECTOR('',#6290,10.);
#2009=VECTOR('',#6299,10.);
#2010=VECTOR('',#6302,10.);
#2011=VECTOR('',#6305,10.);
#2012=VECTOR('',#6306,10.);
#2013=VECTOR('',#6307,10.);
#2014=VECTOR('',#6310,10.);
#2015=VECTOR('',#6313,10.);
#2016=VECTOR('',#6316,10.);
#2017=VECTOR('',#6319,10.);
#2018=VECTOR('',#6320,10.);
#2019=VECTOR('',#6321,10.);
#2020=VECTOR('',#6322,10.);
#2021=VECTOR('',#6335,10.);
#2022=VECTOR('',#6338,10.);
#2023=VECTOR('',#6339,10.);
#2024=VECTOR('',#6344,10.);
#2025=VECTOR('',#6347,10.);
#2026=VECTOR('',#6348,10.);
#2027=VECTOR('',#6353,10.);
#2028=VECTOR('',#6356,10.);
#2029=VECTOR('',#6357,10.);
#2030=VECTOR('',#6358,10.);
#2031=VECTOR('',#6361,10.);
#2032=VECTOR('',#6362,10.);
#2033=VECTOR('',#6365,10.);
#2034=VECTOR('',#6366,10.);
#2035=VECTOR('',#6369,10.);
#2036=VECTOR('',#6372,10.);
#2037=VECTOR('',#6373,10.);
#2038=VECTOR('',#6374,10.);
#2039=VECTOR('',#6375,10.);
#2040=VECTOR('',#6378,10.);
#2041=VECTOR('',#6379,10.);
#2042=VECTOR('',#6380,10.);
#2043=VECTOR('',#6383,10.);
#2044=VECTOR('',#6384,10.);
#2045=VECTOR('',#6389,1.74999999999997);
#2046=VECTOR('',#6394,1.74999999999997);
#2047=VECTOR('',#6399,1.74999999999997);
#2048=VECTOR('',#6402,10.);
#2049=VECTOR('',#6403,10.);
#2050=VECTOR('',#6406,10.);
#2051=VECTOR('',#6411,1.74999999999997);
#2052=VECTOR('',#6414,10.);
#2053=VECTOR('',#6419,10.);
#2054=VECTOR('',#6420,10.);
#2055=VECTOR('',#6421,10.);
#2056=VECTOR('',#6422,10.);
#2057=VECTOR('',#6425,10.);
#2058=VECTOR('',#6426,10.);
#2059=VECTOR('',#6427,10.);
#2060=VECTOR('',#6428,10.);
#2061=VECTOR('',#6429,10.);
#2062=VECTOR('',#6430,10.);
#2063=VECTOR('',#6431,10.);
#2064=VECTOR('',#6432,10.);
#2065=VECTOR('',#6435,10.);
#2066=VECTOR('',#6438,10.);
#2067=VECTOR('',#6441,10.);
#2068=VECTOR('',#6444,10.);
#2069=VECTOR('',#6447,10.);
#2070=VECTOR('',#6450,10.);
#2071=VECTOR('',#6453,10.);
#2072=VECTOR('',#6456,10.);
#2073=VECTOR('',#6459,10.);
#2074=VECTOR('',#6462,10.);
#2075=VECTOR('',#6465,10.);
#2076=VECTOR('',#6470,10.);
#2077=VECTOR('',#6471,10.);
#2078=VECTOR('',#6472,10.);
#2079=VECTOR('',#6475,10.);
#2080=VECTOR('',#6476,10.);
#2081=VECTOR('',#6477,10.);
#2082=VECTOR('',#6478,10.);
#2083=VECTOR('',#6483,10.);
#2084=VECTOR('',#6484,10.);
#2085=VECTOR('',#6485,10.);
#2086=VECTOR('',#6488,10.);
#2087=VECTOR('',#6489,10.);
#2088=VECTOR('',#6490,10.);
#2089=VECTOR('',#6493,10.);
#2090=VECTOR('',#6494,10.);
#2091=VECTOR('',#6495,10.);
#2092=VECTOR('',#6498,10.);
#2093=VECTOR('',#6503,10.);
#2094=VECTOR('',#6504,10.);
#2095=VECTOR('',#6505,10.);
#2096=VECTOR('',#6508,10.);
#2097=VECTOR('',#6513,10.);
#2098=VECTOR('',#6514,10.);
#2099=VECTOR('',#6515,10.);
#2100=VECTOR('',#6518,10.);
#2101=VECTOR('',#6523,10.);
#2102=VECTOR('',#6524,10.);
#2103=VECTOR('',#6525,10.);
#2104=VECTOR('',#6528,10.);
#2105=VECTOR('',#6533,10.);
#2106=VECTOR('',#6534,10.);
#2107=VECTOR('',#6535,10.);
#2108=VECTOR('',#6538,10.);
#2109=VECTOR('',#6543,10.);
#2110=VECTOR('',#6544,10.);
#2111=VECTOR('',#6545,10.);
#2112=VECTOR('',#6548,10.);
#2113=VECTOR('',#6553,10.);
#2114=VECTOR('',#6554,10.);
#2115=VECTOR('',#6555,10.);
#2116=VECTOR('',#6558,10.);
#2117=VECTOR('',#6559,10.);
#2118=VECTOR('',#6562,10.);
#2119=VECTOR('',#6563,10.);
#2120=VECTOR('',#6564,10.);
#2121=VECTOR('',#6567,10.);
#2122=VECTOR('',#6568,10.);
#2123=VECTOR('',#6569,10.);
#2124=VECTOR('',#6572,10.);
#2125=VECTOR('',#6573,10.);
#2126=VECTOR('',#6574,10.);
#2127=VECTOR('',#6577,10.);
#2128=VECTOR('',#6578,10.);
#2129=VECTOR('',#6579,10.);
#2130=VECTOR('',#6582,10.);
#2131=VECTOR('',#6583,10.);
#2132=VECTOR('',#6590,10.);
#2133=VECTOR('',#6591,10.);
#2134=VECTOR('',#6598,10.);
#2135=VECTOR('',#6599,10.);
#2136=VECTOR('',#6606,10.);
#2137=VECTOR('',#6607,10.);
#2138=VECTOR('',#6614,10.);
#2139=VECTOR('',#6615,10.);
#2140=VECTOR('',#6622,10.);
#2141=VECTOR('',#6623,10.);
#2142=VECTOR('',#6632,7.);
#2143=VECTOR('',#6635,10.);
#2144=VECTOR('',#6636,10.);
#2145=VECTOR('',#6637,10.);
#2146=VECTOR('',#6638,10.);
#2147=VECTOR('',#6641,10.);
#2148=VECTOR('',#6642,10.);
#2149=VECTOR('',#6643,10.);
#2150=VECTOR('',#6646,10.);
#2151=VECTOR('',#6647,10.);
#2152=VECTOR('',#6648,10.);
#2153=VECTOR('',#6651,10.);
#2154=VECTOR('',#6652,10.);
#2155=VECTOR('',#6657,3.);
#2156=VECTOR('',#6662,10.);
#2157=VECTOR('',#6663,10.);
#2158=VECTOR('',#6664,10.);
#2159=VECTOR('',#6665,10.);
#2160=VECTOR('',#6668,10.);
#2161=VECTOR('',#6669,10.);
#2162=VECTOR('',#6670,10.);
#2163=VECTOR('',#6673,10.);
#2164=VECTOR('',#6674,10.);
#2165=VECTOR('',#6675,10.);
#2166=VECTOR('',#6678,10.);
#2167=VECTOR('',#6679,10.);
#2168=VECTOR('',#6682,10.);
#2169=VECTOR('',#6683,10.);
#2170=VECTOR('',#6686,10.);
#2171=VECTOR('',#6689,10.);
#2172=VECTOR('',#6690,10.);
#2173=VECTOR('',#6693,10.);
#2174=VECTOR('',#6694,10.);
#2175=VECTOR('',#6701,10.);
#2176=VECTOR('',#6704,10.);
#2177=VECTOR('',#6707,10.);
#2178=VECTOR('',#6708,10.);
#2179=VECTOR('',#6709,10.);
#2180=VECTOR('',#6712,10.);
#2181=VECTOR('',#6715,10.);
#2182=VECTOR('',#6718,10.);
#2183=VECTOR('',#6733,10.);
#2184=VECTOR('',#6734,10.);
#2185=VECTOR('',#6737,10.);
#2186=VECTOR('',#6738,10.);
#2187=VECTOR('',#6743,10.);
#2188=VECTOR('',#6748,10.);
#2189=VECTOR('',#6753,1.5);
#2190=VECTOR('',#6758,1.5);
#2191=VECTOR('',#6763,1.5);
#2192=VECTOR('',#6768,1.5);
#2193=VECTOR('',#6771,10.);
#2194=VECTOR('',#6774,10.);
#2195=VERTEX_POINT('',#6782);
#2196=VERTEX_POINT('',#6783);
#2197=VERTEX_POINT('',#6785);
#2198=VERTEX_POINT('',#6787);
#2199=VERTEX_POINT('',#6791);
#2200=VERTEX_POINT('',#6793);
#2201=VERTEX_POINT('',#6806);
#2202=VERTEX_POINT('',#6812);
#2203=VERTEX_POINT('',#6829);
#2204=VERTEX_POINT('',#6835);
#2205=VERTEX_POINT('',#6846);
#2206=VERTEX_POINT('',#6847);
#2207=VERTEX_POINT('',#6849);
#2208=VERTEX_POINT('',#6851);
#2209=VERTEX_POINT('',#6855);
#2210=VERTEX_POINT('',#6857);
#2211=VERTEX_POINT('',#6861);
#2212=VERTEX_POINT('',#6863);
#2213=VERTEX_POINT('',#6867);
#2214=VERTEX_POINT('',#6869);
#2215=VERTEX_POINT('',#6873);
#2216=VERTEX_POINT('',#6875);
#2217=VERTEX_POINT('',#6879);
#2218=VERTEX_POINT('',#6881);
#2219=VERTEX_POINT('',#6885);
#2220=VERTEX_POINT('',#6887);
#2221=VERTEX_POINT('',#6905);
#2222=VERTEX_POINT('',#6906);
#2223=VERTEX_POINT('',#6912);
#2224=VERTEX_POINT('',#6914);
#2225=VERTEX_POINT('',#6931);
#2226=VERTEX_POINT('',#6937);
#2227=VERTEX_POINT('',#6954);
#2228=VERTEX_POINT('',#6960);
#2229=VERTEX_POINT('',#6977);
#2230=VERTEX_POINT('',#6983);
#2231=VERTEX_POINT('',#7000);
#2232=VERTEX_POINT('',#7006);
#2233=VERTEX_POINT('',#7023);
#2234=VERTEX_POINT('',#7029);
#2235=VERTEX_POINT('',#7046);
#2236=VERTEX_POINT('',#7052);
#2237=VERTEX_POINT('',#7089);
#2238=VERTEX_POINT('',#7090);
#2239=VERTEX_POINT('',#7096);
#2240=VERTEX_POINT('',#7098);
#2241=VERTEX_POINT('',#7115);
#2242=VERTEX_POINT('',#7121);
#2243=VERTEX_POINT('',#7138);
#2244=VERTEX_POINT('',#7144);
#2245=VERTEX_POINT('',#7161);
#2246=VERTEX_POINT('',#7167);
#2247=VERTEX_POINT('',#7184);
#2248=VERTEX_POINT('',#7190);
#2249=VERTEX_POINT('',#7207);
#2250=VERTEX_POINT('',#7213);
#2251=VERTEX_POINT('',#7230);
#2252=VERTEX_POINT('',#7236);
#2253=VERTEX_POINT('',#7253);
#2254=VERTEX_POINT('',#7259);
#2255=VERTEX_POINT('',#7289);
#2256=VERTEX_POINT('',#7290);
#2257=VERTEX_POINT('',#7292);
#2258=VERTEX_POINT('',#7294);
#2259=VERTEX_POINT('',#7298);
#2260=VERTEX_POINT('',#7300);
#2261=VERTEX_POINT('',#7304);
#2262=VERTEX_POINT('',#7306);
#2263=VERTEX_POINT('',#7314);
#2264=VERTEX_POINT('',#7315);
#2265=VERTEX_POINT('',#7317);
#2266=VERTEX_POINT('',#7319);
#2267=VERTEX_POINT('',#7323);
#2268=VERTEX_POINT('',#7325);
#2269=VERTEX_POINT('',#7329);
#2270=VERTEX_POINT('',#7331);
#2271=VERTEX_POINT('',#7339);
#2272=VERTEX_POINT('',#7340);
#2273=VERTEX_POINT('',#7342);
#2274=VERTEX_POINT('',#7344);
#2275=VERTEX_POINT('',#7348);
#2276=VERTEX_POINT('',#7350);
#2277=VERTEX_POINT('',#7354);
#2278=VERTEX_POINT('',#7356);
#2279=VERTEX_POINT('',#7369);
#2280=VERTEX_POINT('',#7375);
#2281=VERTEX_POINT('',#7392);
#2282=VERTEX_POINT('',#7398);
#2283=VERTEX_POINT('',#7415);
#2284=VERTEX_POINT('',#7421);
#2285=VERTEX_POINT('',#7438);
#2286=VERTEX_POINT('',#7444);
#2287=VERTEX_POINT('',#7452);
#2288=VERTEX_POINT('',#7454);
#2289=VERTEX_POINT('',#7458);
#2290=VERTEX_POINT('',#7460);
#2291=VERTEX_POINT('',#7464);
#2292=VERTEX_POINT('',#7466);
#2293=VERTEX_POINT('',#7479);
#2294=VERTEX_POINT('',#7485);
#2295=VERTEX_POINT('',#7502);
#2296=VERTEX_POINT('',#7508);
#2297=VERTEX_POINT('',#7525);
#2298=VERTEX_POINT('',#7531);
#2299=VERTEX_POINT('',#7548);
#2300=VERTEX_POINT('',#7554);
#2301=VERTEX_POINT('',#7571);
#2302=VERTEX_POINT('',#7577);
#2303=VERTEX_POINT('',#7585);
#2304=VERTEX_POINT('',#7587);
#2305=VERTEX_POINT('',#7604);
#2306=VERTEX_POINT('',#7605);
#2307=VERTEX_POINT('',#7611);
#2308=VERTEX_POINT('',#7613);
#2309=VERTEX_POINT('',#7630);
#2310=VERTEX_POINT('',#7636);
#2311=VERTEX_POINT('',#7653);
#2312=VERTEX_POINT('',#7659);
#2313=VERTEX_POINT('',#7676);
#2314=VERTEX_POINT('',#7682);
#2315=VERTEX_POINT('',#7699);
#2316=VERTEX_POINT('',#7705);
#2317=VERTEX_POINT('',#7722);
#2318=VERTEX_POINT('',#7728);
#2319=VERTEX_POINT('',#7745);
#2320=VERTEX_POINT('',#7751);
#2321=VERTEX_POINT('',#7768);
#2322=VERTEX_POINT('',#7774);
#2323=VERTEX_POINT('',#7791);
#2324=VERTEX_POINT('',#7797);
#2325=VERTEX_POINT('',#7817);
#2326=VERTEX_POINT('',#7818);
#2327=VERTEX_POINT('',#7824);
#2328=VERTEX_POINT('',#7826);
#2329=VERTEX_POINT('',#7843);
#2330=VERTEX_POINT('',#7849);
#2331=VERTEX_POINT('',#7866);
#2332=VERTEX_POINT('',#7872);
#2333=VERTEX_POINT('',#7889);
#2334=VERTEX_POINT('',#7895);
#2335=VERTEX_POINT('',#7912);
#2336=VERTEX_POINT('',#7918);
#2337=VERTEX_POINT('',#7935);
#2338=VERTEX_POINT('',#7941);
#2339=VERTEX_POINT('',#7958);
#2340=VERTEX_POINT('',#7964);
#2341=VERTEX_POINT('',#7981);
#2342=VERTEX_POINT('',#7987);
#2343=VERTEX_POINT('',#8004);
#2344=VERTEX_POINT('',#8010);
#2345=VERTEX_POINT('',#8027);
#2346=VERTEX_POINT('',#8033);
#2347=VERTEX_POINT('',#8050);
#2348=VERTEX_POINT('',#8056);
#2349=VERTEX_POINT('',#8073);
#2350=VERTEX_POINT('',#8079);
#2351=VERTEX_POINT('',#8096);
#2352=VERTEX_POINT('',#8102);
#2353=VERTEX_POINT('',#8119);
#2354=VERTEX_POINT('',#8125);
#2355=VERTEX_POINT('',#8133);
#2356=VERTEX_POINT('',#8135);
#2357=VERTEX_POINT('',#8148);
#2358=VERTEX_POINT('',#8154);
#2359=VERTEX_POINT('',#8171);
#2360=VERTEX_POINT('',#8177);
#2361=VERTEX_POINT('',#8194);
#2362=VERTEX_POINT('',#8200);
#2363=VERTEX_POINT('',#8217);
#2364=VERTEX_POINT('',#8223);
#2365=VERTEX_POINT('',#8240);
#2366=VERTEX_POINT('',#8246);
#2367=VERTEX_POINT('',#8263);
#2368=VERTEX_POINT('',#8269);
#2369=VERTEX_POINT('',#8286);
#2370=VERTEX_POINT('',#8292);
#2371=VERTEX_POINT('',#8300);
#2372=VERTEX_POINT('',#8302);
#2373=VERTEX_POINT('',#8315);
#2374=VERTEX_POINT('',#8321);
#2375=VERTEX_POINT('',#8338);
#2376=VERTEX_POINT('',#8344);
#2377=VERTEX_POINT('',#8352);
#2378=VERTEX_POINT('',#8354);
#2379=VERTEX_POINT('',#8380);
#2380=VERTEX_POINT('',#8381);
#2381=VERTEX_POINT('',#8383);
#2382=VERTEX_POINT('',#8385);
#2383=VERTEX_POINT('',#8398);
#2384=VERTEX_POINT('',#8404);
#2385=VERTEX_POINT('',#8421);
#2386=VERTEX_POINT('',#8427);
#2387=VERTEX_POINT('',#8444);
#2388=VERTEX_POINT('',#8450);
#2389=VERTEX_POINT('',#8467);
#2390=VERTEX_POINT('',#8473);
#2391=VERTEX_POINT('',#8490);
#2392=VERTEX_POINT('',#8496);
#2393=VERTEX_POINT('',#8513);
#2394=VERTEX_POINT('',#8519);
#2395=VERTEX_POINT('',#8536);
#2396=VERTEX_POINT('',#8542);
#2397=VERTEX_POINT('',#8559);
#2398=VERTEX_POINT('',#8565);
#2399=VERTEX_POINT('',#8582);
#2400=VERTEX_POINT('',#8588);
#2401=VERTEX_POINT('',#8605);
#2402=VERTEX_POINT('',#8611);
#2403=VERTEX_POINT('',#8628);
#2404=VERTEX_POINT('',#8634);
#2405=VERTEX_POINT('',#8651);
#2406=VERTEX_POINT('',#8657);
#2407=VERTEX_POINT('',#8674);
#2408=VERTEX_POINT('',#8680);
#2409=VERTEX_POINT('',#8697);
#2410=VERTEX_POINT('',#8703);
#2411=VERTEX_POINT('',#8720);
#2412=VERTEX_POINT('',#8726);
#2413=VERTEX_POINT('',#8743);
#2414=VERTEX_POINT('',#8749);
#2415=VERTEX_POINT('',#8757);
#2416=VERTEX_POINT('',#8759);
#2417=VERTEX_POINT('',#8772);
#2418=VERTEX_POINT('',#8778);
#2419=VERTEX_POINT('',#8795);
#2420=VERTEX_POINT('',#8801);
#2421=VERTEX_POINT('',#8818);
#2422=VERTEX_POINT('',#8824);
#2423=VERTEX_POINT('',#8841);
#2424=VERTEX_POINT('',#8847);
#2425=VERTEX_POINT('',#8864);
#2426=VERTEX_POINT('',#8870);
#2427=VERTEX_POINT('',#8887);
#2428=VERTEX_POINT('',#8893);
#2429=VERTEX_POINT('',#8910);
#2430=VERTEX_POINT('',#8916);
#2431=VERTEX_POINT('',#8933);
#2432=VERTEX_POINT('',#8939);
#2433=VERTEX_POINT('',#8956);
#2434=VERTEX_POINT('',#8962);
#2435=VERTEX_POINT('',#8979);
#2436=VERTEX_POINT('',#8985);
#2437=VERTEX_POINT('',#9002);
#2438=VERTEX_POINT('',#9008);
#2439=VERTEX_POINT('',#9025);
#2440=VERTEX_POINT('',#9031);
#2441=VERTEX_POINT('',#9048);
#2442=VERTEX_POINT('',#9054);
#2443=VERTEX_POINT('',#9071);
#2444=VERTEX_POINT('',#9077);
#2445=VERTEX_POINT('',#9106);
#2446=VERTEX_POINT('',#9107);
#2447=VERTEX_POINT('',#9109);
#2448=VERTEX_POINT('',#9111);
#2449=VERTEX_POINT('',#9115);
#2450=VERTEX_POINT('',#9117);
#2451=VERTEX_POINT('',#9121);
#2452=VERTEX_POINT('',#9123);
#2453=VERTEX_POINT('',#9136);
#2454=VERTEX_POINT('',#9142);
#2455=VERTEX_POINT('',#9159);
#2456=VERTEX_POINT('',#9165);
#2457=VERTEX_POINT('',#9182);
#2458=VERTEX_POINT('',#9188);
#2459=VERTEX_POINT('',#9205);
#2460=VERTEX_POINT('',#9211);
#2461=VERTEX_POINT('',#9228);
#2462=VERTEX_POINT('',#9234);
#2463=VERTEX_POINT('',#9251);
#2464=VERTEX_POINT('',#9257);
#2465=VERTEX_POINT('',#9274);
#2466=VERTEX_POINT('',#9280);
#2467=VERTEX_POINT('',#9288);
#2468=VERTEX_POINT('',#9290);
#2469=VERTEX_POINT('',#9294);
#2470=VERTEX_POINT('',#9296);
#2471=VERTEX_POINT('',#9300);
#2472=VERTEX_POINT('',#9302);
#2473=VERTEX_POINT('',#9315);
#2474=VERTEX_POINT('',#9321);
#2475=VERTEX_POINT('',#9338);
#2476=VERTEX_POINT('',#9344);
#2477=VERTEX_POINT('',#9361);
#2478=VERTEX_POINT('',#9367);
#2479=VERTEX_POINT('',#9384);
#2480=VERTEX_POINT('',#9390);
#2481=VERTEX_POINT('',#9407);
#2482=VERTEX_POINT('',#9413);
#2483=VERTEX_POINT('',#9421);
#2484=VERTEX_POINT('',#9423);
#2485=VERTEX_POINT('',#9427);
#2486=VERTEX_POINT('',#9429);
#2487=VERTEX_POINT('',#9433);
#2488=VERTEX_POINT('',#9435);
#2489=VERTEX_POINT('',#9448);
#2490=VERTEX_POINT('',#9454);
#2491=VERTEX_POINT('',#9471);
#2492=VERTEX_POINT('',#9477);
#2493=VERTEX_POINT('',#9494);
#2494=VERTEX_POINT('',#9500);
#2495=VERTEX_POINT('',#9517);
#2496=VERTEX_POINT('',#9523);
#2497=VERTEX_POINT('',#9540);
#2498=VERTEX_POINT('',#9546);
#2499=VERTEX_POINT('',#9554);
#2500=VERTEX_POINT('',#9556);
#2501=VERTEX_POINT('',#9564);
#2502=VERTEX_POINT('',#9565);
#2503=VERTEX_POINT('',#9567);
#2504=VERTEX_POINT('',#9569);
#2505=VERTEX_POINT('',#9573);
#2506=VERTEX_POINT('',#9575);
#2507=VERTEX_POINT('',#9579);
#2508=VERTEX_POINT('',#9581);
#2509=VERTEX_POINT('',#9594);
#2510=VERTEX_POINT('',#9600);
#2511=VERTEX_POINT('',#9617);
#2512=VERTEX_POINT('',#9623);
#2513=VERTEX_POINT('',#9640);
#2514=VERTEX_POINT('',#9646);
#2515=VERTEX_POINT('',#9663);
#2516=VERTEX_POINT('',#9669);
#2517=VERTEX_POINT('',#9677);
#2518=VERTEX_POINT('',#9679);
#2519=VERTEX_POINT('',#9683);
#2520=VERTEX_POINT('',#9685);
#2521=VERTEX_POINT('',#9689);
#2522=VERTEX_POINT('',#9691);
#2523=VERTEX_POINT('',#9704);
#2524=VERTEX_POINT('',#9710);
#2525=VERTEX_POINT('',#9727);
#2526=VERTEX_POINT('',#9733);
#2527=VERTEX_POINT('',#9750);
#2528=VERTEX_POINT('',#9756);
#2529=VERTEX_POINT('',#9773);
#2530=VERTEX_POINT('',#9779);
#2531=VERTEX_POINT('',#9796);
#2532=VERTEX_POINT('',#9802);
#2533=VERTEX_POINT('',#9810);
#2534=VERTEX_POINT('',#9812);
#2535=VERTEX_POINT('',#9829);
#2536=VERTEX_POINT('',#9830);
#2537=VERTEX_POINT('',#9836);
#2538=VERTEX_POINT('',#9838);
#2539=VERTEX_POINT('',#9855);
#2540=VERTEX_POINT('',#9861);
#2541=VERTEX_POINT('',#9878);
#2542=VERTEX_POINT('',#9884);
#2543=VERTEX_POINT('',#9901);
#2544=VERTEX_POINT('',#9907);
#2545=VERTEX_POINT('',#9924);
#2546=VERTEX_POINT('',#9930);
#2547=VERTEX_POINT('',#9947);
#2548=VERTEX_POINT('',#9953);
#2549=VERTEX_POINT('',#9970);
#2550=VERTEX_POINT('',#9976);
#2551=VERTEX_POINT('',#10004);
#2552=VERTEX_POINT('',#10005);
#2553=VERTEX_POINT('',#10007);
#2554=VERTEX_POINT('',#10009);
#2555=VERTEX_POINT('',#10013);
#2556=VERTEX_POINT('',#10015);
#2557=VERTEX_POINT('',#10019);
#2558=VERTEX_POINT('',#10021);
#2559=VERTEX_POINT('',#10025);
#2560=VERTEX_POINT('',#10027);
#2561=VERTEX_POINT('',#10040);
#2562=VERTEX_POINT('',#10046);
#2563=VERTEX_POINT('',#10063);
#2564=VERTEX_POINT('',#10069);
#2565=VERTEX_POINT('',#10086);
#2566=VERTEX_POINT('',#10092);
#2567=VERTEX_POINT('',#10109);
#2568=VERTEX_POINT('',#10115);
#2569=VERTEX_POINT('',#10132);
#2570=VERTEX_POINT('',#10138);
#2571=VERTEX_POINT('',#10155);
#2572=VERTEX_POINT('',#10161);
#2573=VERTEX_POINT('',#10178);
#2574=VERTEX_POINT('',#10184);
#2575=VERTEX_POINT('',#10201);
#2576=VERTEX_POINT('',#10207);
#2577=VERTEX_POINT('',#10220);
#2578=VERTEX_POINT('',#10221);
#2579=VERTEX_POINT('',#10223);
#2580=VERTEX_POINT('',#10225);
#2581=VERTEX_POINT('',#10229);
#2582=VERTEX_POINT('',#10231);
#2583=VERTEX_POINT('',#10235);
#2584=VERTEX_POINT('',#10237);
#2585=VERTEX_POINT('',#10239);
#2586=VERTEX_POINT('',#10241);
#2587=VERTEX_POINT('',#10243);
#2588=VERTEX_POINT('',#10246);
#2589=VERTEX_POINT('',#10247);
#2590=VERTEX_POINT('',#10249);
#2591=VERTEX_POINT('',#10251);
#2592=VERTEX_POINT('',#10254);
#2593=VERTEX_POINT('',#10256);
#2594=VERTEX_POINT('',#10258);
#2595=VERTEX_POINT('',#10260);
#2596=VERTEX_POINT('',#10263);
#2597=VERTEX_POINT('',#10267);
#2598=VERTEX_POINT('',#10271);
#2599=VERTEX_POINT('',#10275);
#2600=VERTEX_POINT('',#10279);
#2601=VERTEX_POINT('',#10283);
#2602=VERTEX_POINT('',#10285);
#2603=VERTEX_POINT('',#10289);
#2604=VERTEX_POINT('',#10293);
#2605=VERTEX_POINT('',#10299);
#2606=VERTEX_POINT('',#10300);
#2607=VERTEX_POINT('',#10302);
#2608=VERTEX_POINT('',#10304);
#2609=VERTEX_POINT('',#10308);
#2610=VERTEX_POINT('',#10310);
#2611=VERTEX_POINT('',#10314);
#2612=VERTEX_POINT('',#10318);
#2613=VERTEX_POINT('',#10322);
#2614=VERTEX_POINT('',#10326);
#2615=VERTEX_POINT('',#10330);
#2616=VERTEX_POINT('',#10336);
#2617=VERTEX_POINT('',#10343);
#2618=VERTEX_POINT('',#10344);
#2619=VERTEX_POINT('',#10346);
#2620=VERTEX_POINT('',#10348);
#2621=VERTEX_POINT('',#10352);
#2622=VERTEX_POINT('',#10354);
#2623=VERTEX_POINT('',#10357);
#2624=VERTEX_POINT('',#10358);
#2625=VERTEX_POINT('',#10360);
#2626=VERTEX_POINT('',#10362);
#2627=VERTEX_POINT('',#10365);
#2628=VERTEX_POINT('',#10366);
#2629=VERTEX_POINT('',#10368);
#2630=VERTEX_POINT('',#10370);
#2631=VERTEX_POINT('',#10373);
#2632=VERTEX_POINT('',#10374);
#2633=VERTEX_POINT('',#10376);
#2634=VERTEX_POINT('',#10378);
#2635=VERTEX_POINT('',#10381);
#2636=VERTEX_POINT('',#10382);
#2637=VERTEX_POINT('',#10384);
#2638=VERTEX_POINT('',#10386);
#2639=VERTEX_POINT('',#10389);
#2640=VERTEX_POINT('',#10390);
#2641=VERTEX_POINT('',#10392);
#2642=VERTEX_POINT('',#10394);
#2643=VERTEX_POINT('',#10397);
#2644=VERTEX_POINT('',#10398);
#2645=VERTEX_POINT('',#10400);
#2646=VERTEX_POINT('',#10402);
#2647=VERTEX_POINT('',#10405);
#2648=VERTEX_POINT('',#10406);
#2649=VERTEX_POINT('',#10408);
#2650=VERTEX_POINT('',#10410);
#2651=VERTEX_POINT('',#10414);
#2652=VERTEX_POINT('',#10416);
#2653=VERTEX_POINT('',#10420);
#2654=VERTEX_POINT('',#10421);
#2655=VERTEX_POINT('',#10423);
#2656=VERTEX_POINT('',#10425);
#2657=VERTEX_POINT('',#10428);
#2658=VERTEX_POINT('',#10431);
#2659=VERTEX_POINT('',#10433);
#2660=VERTEX_POINT('',#10437);
#2661=VERTEX_POINT('',#10439);
#2662=VERTEX_POINT('',#10443);
#2663=VERTEX_POINT('',#10445);
#2664=VERTEX_POINT('',#10449);
#2665=VERTEX_POINT('',#10453);
#2666=VERTEX_POINT('',#10455);
#2667=VERTEX_POINT('',#10459);
#2668=VERTEX_POINT('',#10463);
#2669=VERTEX_POINT('',#10465);
#2670=VERTEX_POINT('',#10469);
#2671=VERTEX_POINT('',#10473);
#2672=VERTEX_POINT('',#10475);
#2673=VERTEX_POINT('',#10479);
#2674=VERTEX_POINT('',#10483);
#2675=VERTEX_POINT('',#10485);
#2676=VERTEX_POINT('',#10489);
#2677=VERTEX_POINT('',#10493);
#2678=VERTEX_POINT('',#10495);
#2679=VERTEX_POINT('',#10499);
#2680=VERTEX_POINT('',#10503);
#2681=VERTEX_POINT('',#10505);
#2682=VERTEX_POINT('',#10509);
#2683=VERTEX_POINT('',#10513);
#2684=VERTEX_POINT('',#10515);
#2685=VERTEX_POINT('',#10519);
#2686=VERTEX_POINT('',#10521);
#2687=VERTEX_POINT('',#10525);
#2688=VERTEX_POINT('',#10527);
#2689=VERTEX_POINT('',#10531);
#2690=VERTEX_POINT('',#10533);
#2691=VERTEX_POINT('',#10537);
#2692=VERTEX_POINT('',#10543);
#2693=VERTEX_POINT('',#10549);
#2694=VERTEX_POINT('',#10555);
#2695=VERTEX_POINT('',#10561);
#2696=VERTEX_POINT('',#10567);
#2697=VERTEX_POINT('',#10573);
#2698=VERTEX_POINT('',#10577);
#2699=VERTEX_POINT('',#10578);
#2700=VERTEX_POINT('',#10580);
#2701=VERTEX_POINT('',#10582);
#2702=VERTEX_POINT('',#10586);
#2703=VERTEX_POINT('',#10588);
#2704=VERTEX_POINT('',#10592);
#2705=VERTEX_POINT('',#10594);
#2706=VERTEX_POINT('',#10601);
#2707=VERTEX_POINT('',#10603);
#2708=VERTEX_POINT('',#10607);
#2709=VERTEX_POINT('',#10608);
#2710=VERTEX_POINT('',#10610);
#2711=VERTEX_POINT('',#10612);
#2712=VERTEX_POINT('',#10616);
#2713=VERTEX_POINT('',#10618);
#2714=VERTEX_POINT('',#10622);
#2715=VERTEX_POINT('',#10624);
#2716=VERTEX_POINT('',#10631);
#2717=VERTEX_POINT('',#10644);
#2718=VERTEX_POINT('',#10645);
#2719=VERTEX_POINT('',#10647);
#2720=VERTEX_POINT('',#10649);
#2721=VERTEX_POINT('',#10653);
#2722=VERTEX_POINT('',#10655);
#2723=VERTEX_POINT('',#10659);
#2724=VERTEX_POINT('',#10661);
#2725=VERTEX_POINT('',#10663);
#2726=VERTEX_POINT('',#10665);
#2727=VERTEX_POINT('',#10667);
#2728=VERTEX_POINT('',#10670);
#2729=VERTEX_POINT('',#10672);
#2730=VERTEX_POINT('',#10674);
#2731=VERTEX_POINT('',#10676);
#2732=VERTEX_POINT('',#10679);
#2733=VERTEX_POINT('',#10680);
#2734=VERTEX_POINT('',#10685);
#2735=VERTEX_POINT('',#10689);
#2736=VERTEX_POINT('',#10693);
#2737=VERTEX_POINT('',#10697);
#2738=VERTEX_POINT('',#10701);
#2739=VERTEX_POINT('',#10705);
#2740=VERTEX_POINT('',#10709);
#2741=EDGE_CURVE('',#2195,#2196,#1213,.T.);
#2742=EDGE_CURVE('',#2195,#2197,#1214,.T.);
#2743=EDGE_CURVE('',#2198,#2197,#1215,.T.);
#2744=EDGE_CURVE('',#2196,#2198,#1216,.T.);
#2745=EDGE_CURVE('',#2196,#2199,#1217,.T.);
#2746=EDGE_CURVE('',#2200,#2198,#1218,.T.);
#2747=EDGE_CURVE('',#2199,#2200,#1219,.T.);
#2748=EDGE_CURVE('',#2199,#2201,#169,.T.);
#2749=EDGE_CURVE('',#2202,#2200,#170,.T.);
#2750=EDGE_CURVE('',#2201,#2202,#1220,.T.);
#2751=EDGE_CURVE('',#2201,#2203,#171,.T.);
#2752=EDGE_CURVE('',#2204,#2202,#172,.T.);
#2753=EDGE_CURVE('',#2203,#2204,#1221,.T.);
#2754=EDGE_CURVE('',#2203,#2195,#1222,.T.);
#2755=EDGE_CURVE('',#2197,#2204,#1223,.T.);
#2756=EDGE_CURVE('',#2205,#2206,#1224,.T.);
#2757=EDGE_CURVE('',#2205,#2207,#1225,.T.);
#2758=EDGE_CURVE('',#2208,#2207,#1226,.T.);
#2759=EDGE_CURVE('',#2206,#2208,#1227,.T.);
#2760=EDGE_CURVE('',#2206,#2209,#1228,.T.);
#2761=EDGE_CURVE('',#2210,#2208,#1229,.T.);
#2762=EDGE_CURVE('',#2209,#2210,#1230,.T.);
#2763=EDGE_CURVE('',#2209,#2211,#1231,.T.);
#2764=EDGE_CURVE('',#2212,#2210,#1232,.T.);
#2765=EDGE_CURVE('',#2211,#2212,#1233,.T.);
#2766=EDGE_CURVE('',#2211,#2213,#1234,.T.);
#2767=EDGE_CURVE('',#2214,#2212,#1235,.T.);
#2768=EDGE_CURVE('',#2213,#2214,#1236,.T.);
#2769=EDGE_CURVE('',#2213,#2215,#1237,.T.);
#2770=EDGE_CURVE('',#2216,#2214,#1238,.T.);
#2771=EDGE_CURVE('',#2215,#2216,#1239,.T.);
#2772=EDGE_CURVE('',#2215,#2217,#1240,.T.);
#2773=EDGE_CURVE('',#2218,#2216,#1241,.T.);
#2774=EDGE_CURVE('',#2217,#2218,#1242,.T.);
#2775=EDGE_CURVE('',#2217,#2219,#1243,.T.);
#2776=EDGE_CURVE('',#2220,#2218,#1244,.T.);
#2777=EDGE_CURVE('',#2219,#2220,#1245,.T.);
#2778=EDGE_CURVE('',#2219,#2205,#1246,.T.);
#2779=EDGE_CURVE('',#2207,#2220,#1247,.T.);
#2780=EDGE_CURVE('',#2221,#2222,#173,.T.);
#2781=EDGE_CURVE('',#2221,#2223,#1248,.T.);
#2782=EDGE_CURVE('',#2224,#2223,#174,.T.);
#2783=EDGE_CURVE('',#2222,#2224,#1249,.T.);
#2784=EDGE_CURVE('',#2222,#2225,#175,.T.);
#2785=EDGE_CURVE('',#2226,#2224,#176,.T.);
#2786=EDGE_CURVE('',#2225,#2226,#1250,.T.);
#2787=EDGE_CURVE('',#2225,#2227,#177,.T.);
#2788=EDGE_CURVE('',#2228,#2226,#178,.T.);
#2789=EDGE_CURVE('',#2227,#2228,#1251,.T.);
#2790=EDGE_CURVE('',#2227,#2229,#179,.T.);
#2791=EDGE_CURVE('',#2230,#2228,#180,.T.);
#2792=EDGE_CURVE('',#2229,#2230,#1252,.T.);
#2793=EDGE_CURVE('',#2229,#2231,#181,.T.);
#2794=EDGE_CURVE('',#2232,#2230,#182,.T.);
#2795=EDGE_CURVE('',#2231,#2232,#1253,.T.);
#2796=EDGE_CURVE('',#2231,#2233,#183,.T.);
#2797=EDGE_CURVE('',#2234,#2232,#184,.T.);
#2798=EDGE_CURVE('',#2233,#2234,#1254,.T.);
#2799=EDGE_CURVE('',#2233,#2235,#185,.T.);
#2800=EDGE_CURVE('',#2236,#2234,#186,.T.);
#2801=EDGE_CURVE('',#2235,#2236,#1255,.T.);
#2802=EDGE_CURVE('',#2235,#2221,#187,.T.);
#2803=EDGE_CURVE('',#2223,#2236,#188,.T.);
#2804=EDGE_CURVE('',#2237,#2238,#189,.T.);
#2805=EDGE_CURVE('',#2237,#2239,#1256,.T.);
#2806=EDGE_CURVE('',#2240,#2239,#190,.T.);
#2807=EDGE_CURVE('',#2238,#2240,#1257,.T.);
#2808=EDGE_CURVE('',#2238,#2241,#191,.T.);
#2809=EDGE_CURVE('',#2242,#2240,#192,.T.);
#2810=EDGE_CURVE('',#2241,#2242,#1258,.T.);
#2811=EDGE_CURVE('',#2241,#2243,#193,.T.);
#2812=EDGE_CURVE('',#2244,#2242,#194,.T.);
#2813=EDGE_CURVE('',#2243,#2244,#1259,.T.);
#2814=EDGE_CURVE('',#2243,#2245,#195,.T.);
#2815=EDGE_CURVE('',#2246,#2244,#196,.T.);
#2816=EDGE_CURVE('',#2245,#2246,#1260,.T.);
#2817=EDGE_CURVE('',#2245,#2247,#197,.T.);
#2818=EDGE_CURVE('',#2248,#2246,#198,.T.);
#2819=EDGE_CURVE('',#2247,#2248,#1261,.T.);
#2820=EDGE_CURVE('',#2247,#2249,#199,.T.);
#2821=EDGE_CURVE('',#2250,#2248,#200,.T.);
#2822=EDGE_CURVE('',#2249,#2250,#1262,.T.);
#2823=EDGE_CURVE('',#2249,#2251,#201,.T.);
#2824=EDGE_CURVE('',#2252,#2250,#202,.T.);
#2825=EDGE_CURVE('',#2251,#2252,#1263,.T.);
#2826=EDGE_CURVE('',#2251,#2253,#203,.T.);
#2827=EDGE_CURVE('',#2254,#2252,#204,.T.);
#2828=EDGE_CURVE('',#2253,#2254,#1264,.T.);
#2829=EDGE_CURVE('',#2253,#2237,#205,.T.);
#2830=EDGE_CURVE('',#2239,#2254,#206,.T.);
#2831=EDGE_CURVE('',#2255,#2256,#1265,.T.);
#2832=EDGE_CURVE('',#2255,#2257,#1266,.T.);
#2833=EDGE_CURVE('',#2258,#2257,#1267,.T.);
#2834=EDGE_CURVE('',#2256,#2258,#1268,.T.);
#2835=EDGE_CURVE('',#2256,#2259,#1269,.T.);
#2836=EDGE_CURVE('',#2260,#2258,#1270,.T.);
#2837=EDGE_CURVE('',#2259,#2260,#1271,.T.);
#2838=EDGE_CURVE('',#2259,#2261,#1272,.T.);
#2839=EDGE_CURVE('',#2262,#2260,#1273,.T.);
#2840=EDGE_CURVE('',#2261,#2262,#1274,.T.);
#2841=EDGE_CURVE('',#2261,#2255,#1275,.T.);
#2842=EDGE_CURVE('',#2257,#2262,#1276,.T.);
#2843=EDGE_CURVE('',#2263,#2264,#1277,.T.);
#2844=EDGE_CURVE('',#2263,#2265,#1278,.T.);
#2845=EDGE_CURVE('',#2266,#2265,#1279,.T.);
#2846=EDGE_CURVE('',#2264,#2266,#1280,.T.);
#2847=EDGE_CURVE('',#2264,#2267,#1281,.T.);
#2848=EDGE_CURVE('',#2268,#2266,#1282,.T.);
#2849=EDGE_CURVE('',#2267,#2268,#1283,.T.);
#2850=EDGE_CURVE('',#2267,#2269,#1284,.T.);
#2851=EDGE_CURVE('',#2270,#2268,#1285,.T.);
#2852=EDGE_CURVE('',#2269,#2270,#1286,.T.);
#2853=EDGE_CURVE('',#2269,#2263,#1287,.T.);
#2854=EDGE_CURVE('',#2265,#2270,#1288,.T.);
#2855=EDGE_CURVE('',#2271,#2272,#1289,.T.);
#2856=EDGE_CURVE('',#2271,#2273,#1290,.T.);
#2857=EDGE_CURVE('',#2274,#2273,#1291,.T.);
#2858=EDGE_CURVE('',#2272,#2274,#1292,.T.);
#2859=EDGE_CURVE('',#2272,#2275,#1293,.T.);
#2860=EDGE_CURVE('',#2276,#2274,#1294,.T.);
#2861=EDGE_CURVE('',#2275,#2276,#1295,.T.);
#2862=EDGE_CURVE('',#2275,#2277,#1296,.T.);
#2863=EDGE_CURVE('',#2278,#2276,#1297,.T.);
#2864=EDGE_CURVE('',#2277,#2278,#1298,.T.);
#2865=EDGE_CURVE('',#2277,#2279,#207,.T.);
#2866=EDGE_CURVE('',#2280,#2278,#208,.T.);
#2867=EDGE_CURVE('',#2279,#2280,#1299,.T.);
#2868=EDGE_CURVE('',#2279,#2281,#209,.T.);
#2869=EDGE_CURVE('',#2282,#2280,#210,.T.);
#2870=EDGE_CURVE('',#2281,#2282,#1300,.T.);
#2871=EDGE_CURVE('',#2281,#2283,#211,.T.);
#2872=EDGE_CURVE('',#2284,#2282,#212,.T.);
#2873=EDGE_CURVE('',#2283,#2284,#1301,.T.);
#2874=EDGE_CURVE('',#2283,#2285,#213,.T.);
#2875=EDGE_CURVE('',#2286,#2284,#214,.T.);
#2876=EDGE_CURVE('',#2285,#2286,#1302,.T.);
#2877=EDGE_CURVE('',#2285,#2287,#1303,.T.);
#2878=EDGE_CURVE('',#2288,#2286,#1304,.T.);
#2879=EDGE_CURVE('',#2287,#2288,#1305,.T.);
#2880=EDGE_CURVE('',#2287,#2289,#1306,.T.);
#2881=EDGE_CURVE('',#2290,#2288,#1307,.T.);
#2882=EDGE_CURVE('',#2289,#2290,#1308,.T.);
#2883=EDGE_CURVE('',#2289,#2291,#1309,.T.);
#2884=EDGE_CURVE('',#2292,#2290,#1310,.T.);
#2885=EDGE_CURVE('',#2291,#2292,#1311,.T.);
#2886=EDGE_CURVE('',#2291,#2293,#215,.T.);
#2887=EDGE_CURVE('',#2294,#2292,#216,.T.);
#2888=EDGE_CURVE('',#2293,#2294,#1312,.T.);
#2889=EDGE_CURVE('',#2293,#2295,#217,.T.);
#2890=EDGE_CURVE('',#2296,#2294,#218,.T.);
#2891=EDGE_CURVE('',#2295,#2296,#1313,.T.);
#2892=EDGE_CURVE('',#2295,#2297,#219,.T.);
#2893=EDGE_CURVE('',#2298,#2296,#220,.T.);
#2894=EDGE_CURVE('',#2297,#2298,#1314,.T.);
#2895=EDGE_CURVE('',#2297,#2299,#221,.T.);
#2896=EDGE_CURVE('',#2300,#2298,#222,.T.);
#2897=EDGE_CURVE('',#2299,#2300,#1315,.T.);
#2898=EDGE_CURVE('',#2299,#2301,#223,.T.);
#2899=EDGE_CURVE('',#2302,#2300,#224,.T.);
#2900=EDGE_CURVE('',#2301,#2302,#1316,.T.);
#2901=EDGE_CURVE('',#2301,#2303,#1317,.T.);
#2902=EDGE_CURVE('',#2304,#2302,#1318,.T.);
#2903=EDGE_CURVE('',#2303,#2304,#1319,.T.);
#2904=EDGE_CURVE('',#2303,#2271,#1320,.T.);
#2905=EDGE_CURVE('',#2273,#2304,#1321,.T.);
#2906=EDGE_CURVE('',#2305,#2306,#225,.T.);
#2907=EDGE_CURVE('',#2305,#2307,#1322,.T.);
#2908=EDGE_CURVE('',#2308,#2307,#226,.T.);
#2909=EDGE_CURVE('',#2306,#2308,#1323,.T.);
#2910=EDGE_CURVE('',#2306,#2309,#227,.T.);
#2911=EDGE_CURVE('',#2310,#2308,#228,.T.);
#2912=EDGE_CURVE('',#2309,#2310,#1324,.T.);
#2913=EDGE_CURVE('',#2309,#2311,#229,.T.);
#2914=EDGE_CURVE('',#2312,#2310,#230,.T.);
#2915=EDGE_CURVE('',#2311,#2312,#1325,.T.);
#2916=EDGE_CURVE('',#2311,#2313,#231,.T.);
#2917=EDGE_CURVE('',#2314,#2312,#232,.T.);
#2918=EDGE_CURVE('',#2313,#2314,#1326,.T.);
#2919=EDGE_CURVE('',#2313,#2315,#233,.T.);
#2920=EDGE_CURVE('',#2316,#2314,#234,.T.);
#2921=EDGE_CURVE('',#2315,#2316,#1327,.T.);
#2922=EDGE_CURVE('',#2315,#2317,#235,.T.);
#2923=EDGE_CURVE('',#2318,#2316,#236,.T.);
#2924=EDGE_CURVE('',#2317,#2318,#1328,.T.);
#2925=EDGE_CURVE('',#2317,#2319,#237,.T.);
#2926=EDGE_CURVE('',#2320,#2318,#238,.T.);
#2927=EDGE_CURVE('',#2319,#2320,#1329,.T.);
#2928=EDGE_CURVE('',#2319,#2321,#239,.T.);
#2929=EDGE_CURVE('',#2322,#2320,#240,.T.);
#2930=EDGE_CURVE('',#2321,#2322,#1330,.T.);
#2931=EDGE_CURVE('',#2321,#2323,#241,.T.);
#2932=EDGE_CURVE('',#2324,#2322,#242,.T.);
#2933=EDGE_CURVE('',#2323,#2324,#1331,.T.);
#2934=EDGE_CURVE('',#2323,#2305,#1332,.T.);
#2935=EDGE_CURVE('',#2307,#2324,#1333,.T.);
#2936=EDGE_CURVE('',#2325,#2326,#243,.T.);
#2937=EDGE_CURVE('',#2325,#2327,#1334,.T.);
#2938=EDGE_CURVE('',#2328,#2327,#244,.T.);
#2939=EDGE_CURVE('',#2326,#2328,#1335,.T.);
#2940=EDGE_CURVE('',#2326,#2329,#245,.T.);
#2941=EDGE_CURVE('',#2330,#2328,#246,.T.);
#2942=EDGE_CURVE('',#2329,#2330,#1336,.T.);
#2943=EDGE_CURVE('',#2329,#2331,#247,.T.);
#2944=EDGE_CURVE('',#2332,#2330,#248,.T.);
#2945=EDGE_CURVE('',#2331,#2332,#1337,.T.);
#2946=EDGE_CURVE('',#2331,#2333,#249,.T.);
#2947=EDGE_CURVE('',#2334,#2332,#250,.T.);
#2948=EDGE_CURVE('',#2333,#2334,#1338,.T.);
#2949=EDGE_CURVE('',#2333,#2335,#251,.T.);
#2950=EDGE_CURVE('',#2336,#2334,#252,.T.);
#2951=EDGE_CURVE('',#2335,#2336,#1339,.T.);
#2952=EDGE_CURVE('',#2335,#2337,#253,.T.);
#2953=EDGE_CURVE('',#2338,#2336,#254,.T.);
#2954=EDGE_CURVE('',#2337,#2338,#1340,.T.);
#2955=EDGE_CURVE('',#2337,#2339,#255,.T.);
#2956=EDGE_CURVE('',#2340,#2338,#256,.T.);
#2957=EDGE_CURVE('',#2339,#2340,#1341,.T.);
#2958=EDGE_CURVE('',#2339,#2341,#257,.T.);
#2959=EDGE_CURVE('',#2342,#2340,#258,.T.);
#2960=EDGE_CURVE('',#2341,#2342,#1342,.T.);
#2961=EDGE_CURVE('',#2341,#2343,#259,.T.);
#2962=EDGE_CURVE('',#2344,#2342,#260,.T.);
#2963=EDGE_CURVE('',#2343,#2344,#1343,.T.);
#2964=EDGE_CURVE('',#2343,#2345,#261,.T.);
#2965=EDGE_CURVE('',#2346,#2344,#262,.T.);
#2966=EDGE_CURVE('',#2345,#2346,#1344,.T.);
#2967=EDGE_CURVE('',#2345,#2347,#263,.T.);
#2968=EDGE_CURVE('',#2348,#2346,#264,.T.);
#2969=EDGE_CURVE('',#2347,#2348,#1345,.T.);
#2970=EDGE_CURVE('',#2347,#2349,#265,.T.);
#2971=EDGE_CURVE('',#2350,#2348,#266,.T.);
#2972=EDGE_CURVE('',#2349,#2350,#1346,.T.);
#2973=EDGE_CURVE('',#2349,#2351,#267,.T.);
#2974=EDGE_CURVE('',#2352,#2350,#268,.T.);
#2975=EDGE_CURVE('',#2351,#2352,#1347,.T.);
#2976=EDGE_CURVE('',#2351,#2353,#269,.T.);
#2977=EDGE_CURVE('',#2354,#2352,#270,.T.);
#2978=EDGE_CURVE('',#2353,#2354,#1348,.T.);
#2979=EDGE_CURVE('',#2353,#2355,#1349,.T.);
#2980=EDGE_CURVE('',#2356,#2354,#1350,.T.);
#2981=EDGE_CURVE('',#2355,#2356,#1351,.T.);
#2982=EDGE_CURVE('',#2355,#2357,#271,.T.);
#2983=EDGE_CURVE('',#2358,#2356,#272,.T.);
#2984=EDGE_CURVE('',#2357,#2358,#1352,.T.);
#2985=EDGE_CURVE('',#2357,#2359,#273,.T.);
#2986=EDGE_CURVE('',#2360,#2358,#274,.T.);
#2987=EDGE_CURVE('',#2359,#2360,#1353,.T.);
#2988=EDGE_CURVE('',#2359,#2361,#275,.T.);
#2989=EDGE_CURVE('',#2362,#2360,#276,.T.);
#2990=EDGE_CURVE('',#2361,#2362,#1354,.T.);
#2991=EDGE_CURVE('',#2361,#2363,#277,.T.);
#2992=EDGE_CURVE('',#2364,#2362,#278,.T.);
#2993=EDGE_CURVE('',#2363,#2364,#1355,.T.);
#2994=EDGE_CURVE('',#2363,#2365,#279,.T.);
#2995=EDGE_CURVE('',#2366,#2364,#280,.T.);
#2996=EDGE_CURVE('',#2365,#2366,#1356,.T.);
#2997=EDGE_CURVE('',#2365,#2367,#281,.T.);
#2998=EDGE_CURVE('',#2368,#2366,#282,.T.);
#2999=EDGE_CURVE('',#2367,#2368,#1357,.T.);
#3000=EDGE_CURVE('',#2367,#2369,#283,.T.);
#3001=EDGE_CURVE('',#2370,#2368,#284,.T.);
#3002=EDGE_CURVE('',#2369,#2370,#1358,.T.);
#3003=EDGE_CURVE('',#2369,#2371,#1359,.T.);
#3004=EDGE_CURVE('',#2372,#2370,#1360,.T.);
#3005=EDGE_CURVE('',#2371,#2372,#1361,.T.);
#3006=EDGE_CURVE('',#2371,#2373,#285,.T.);
#3007=EDGE_CURVE('',#2374,#2372,#286,.T.);
#3008=EDGE_CURVE('',#2373,#2374,#1362,.T.);
#3009=EDGE_CURVE('',#2373,#2375,#287,.T.);
#3010=EDGE_CURVE('',#2376,#2374,#288,.T.);
#3011=EDGE_CURVE('',#2375,#2376,#1363,.T.);
#3012=EDGE_CURVE('',#2375,#2377,#1364,.T.);
#3013=EDGE_CURVE('',#2378,#2376,#1365,.T.);
#3014=EDGE_CURVE('',#2377,#2378,#1366,.T.);
#3015=EDGE_CURVE('',#2377,#2325,#289,.T.);
#3016=EDGE_CURVE('',#2327,#2378,#290,.T.);
#3017=EDGE_CURVE('',#2379,#2380,#1367,.T.);
#3018=EDGE_CURVE('',#2379,#2381,#1368,.T.);
#3019=EDGE_CURVE('',#2382,#2381,#1369,.T.);
#3020=EDGE_CURVE('',#2380,#2382,#1370,.T.);
#3021=EDGE_CURVE('',#2380,#2383,#291,.T.);
#3022=EDGE_CURVE('',#2384,#2382,#292,.T.);
#3023=EDGE_CURVE('',#2383,#2384,#1371,.T.);
#3024=EDGE_CURVE('',#2383,#2385,#293,.T.);
#3025=EDGE_CURVE('',#2386,#2384,#294,.T.);
#3026=EDGE_CURVE('',#2385,#2386,#1372,.T.);
#3027=EDGE_CURVE('',#2385,#2387,#295,.T.);
#3028=EDGE_CURVE('',#2388,#2386,#296,.T.);
#3029=EDGE_CURVE('',#2387,#2388,#1373,.T.);
#3030=EDGE_CURVE('',#2387,#2389,#297,.T.);
#3031=EDGE_CURVE('',#2390,#2388,#298,.T.);
#3032=EDGE_CURVE('',#2389,#2390,#1374,.T.);
#3033=EDGE_CURVE('',#2389,#2391,#299,.T.);
#3034=EDGE_CURVE('',#2392,#2390,#300,.T.);
#3035=EDGE_CURVE('',#2391,#2392,#1375,.T.);
#3036=EDGE_CURVE('',#2391,#2393,#301,.T.);
#3037=EDGE_CURVE('',#2394,#2392,#302,.T.);
#3038=EDGE_CURVE('',#2393,#2394,#1376,.T.);
#3039=EDGE_CURVE('',#2393,#2395,#303,.T.);
#3040=EDGE_CURVE('',#2396,#2394,#304,.T.);
#3041=EDGE_CURVE('',#2395,#2396,#1377,.T.);
#3042=EDGE_CURVE('',#2395,#2397,#305,.T.);
#3043=EDGE_CURVE('',#2398,#2396,#306,.T.);
#3044=EDGE_CURVE('',#2397,#2398,#1378,.T.);
#3045=EDGE_CURVE('',#2397,#2399,#307,.T.);
#3046=EDGE_CURVE('',#2400,#2398,#308,.T.);
#3047=EDGE_CURVE('',#2399,#2400,#1379,.T.);
#3048=EDGE_CURVE('',#2399,#2401,#309,.T.);
#3049=EDGE_CURVE('',#2402,#2400,#310,.T.);
#3050=EDGE_CURVE('',#2401,#2402,#1380,.T.);
#3051=EDGE_CURVE('',#2401,#2403,#311,.T.);
#3052=EDGE_CURVE('',#2404,#2402,#312,.T.);
#3053=EDGE_CURVE('',#2403,#2404,#1381,.T.);
#3054=EDGE_CURVE('',#2403,#2405,#313,.T.);
#3055=EDGE_CURVE('',#2406,#2404,#314,.T.);
#3056=EDGE_CURVE('',#2405,#2406,#1382,.T.);
#3057=EDGE_CURVE('',#2405,#2407,#315,.T.);
#3058=EDGE_CURVE('',#2408,#2406,#316,.T.);
#3059=EDGE_CURVE('',#2407,#2408,#1383,.T.);
#3060=EDGE_CURVE('',#2407,#2409,#317,.T.);
#3061=EDGE_CURVE('',#2410,#2408,#318,.T.);
#3062=EDGE_CURVE('',#2409,#2410,#1384,.T.);
#3063=EDGE_CURVE('',#2409,#2411,#319,.T.);
#3064=EDGE_CURVE('',#2412,#2410,#320,.T.);
#3065=EDGE_CURVE('',#2411,#2412,#1385,.T.);
#3066=EDGE_CURVE('',#2411,#2413,#321,.T.);
#3067=EDGE_CURVE('',#2414,#2412,#322,.T.);
#3068=EDGE_CURVE('',#2413,#2414,#1386,.T.);
#3069=EDGE_CURVE('',#2413,#2415,#1387,.T.);
#3070=EDGE_CURVE('',#2416,#2414,#1388,.T.);
#3071=EDGE_CURVE('',#2415,#2416,#1389,.T.);
#3072=EDGE_CURVE('',#2415,#2417,#323,.T.);
#3073=EDGE_CURVE('',#2418,#2416,#324,.T.);
#3074=EDGE_CURVE('',#2417,#2418,#1390,.T.);
#3075=EDGE_CURVE('',#2417,#2419,#325,.T.);
#3076=EDGE_CURVE('',#2420,#2418,#326,.T.);
#3077=EDGE_CURVE('',#2419,#2420,#1391,.T.);
#3078=EDGE_CURVE('',#2419,#2421,#327,.T.);
#3079=EDGE_CURVE('',#2422,#2420,#328,.T.);
#3080=EDGE_CURVE('',#2421,#2422,#1392,.T.);
#3081=EDGE_CURVE('',#2421,#2423,#329,.T.);
#3082=EDGE_CURVE('',#2424,#2422,#330,.T.);
#3083=EDGE_CURVE('',#2423,#2424,#1393,.T.);
#3084=EDGE_CURVE('',#2423,#2425,#331,.T.);
#3085=EDGE_CURVE('',#2426,#2424,#332,.T.);
#3086=EDGE_CURVE('',#2425,#2426,#1394,.T.);
#3087=EDGE_CURVE('',#2425,#2427,#333,.T.);
#3088=EDGE_CURVE('',#2428,#2426,#334,.T.);
#3089=EDGE_CURVE('',#2427,#2428,#1395,.T.);
#3090=EDGE_CURVE('',#2427,#2429,#335,.T.);
#3091=EDGE_CURVE('',#2430,#2428,#336,.T.);
#3092=EDGE_CURVE('',#2429,#2430,#1396,.T.);
#3093=EDGE_CURVE('',#2429,#2431,#337,.T.);
#3094=EDGE_CURVE('',#2432,#2430,#338,.T.);
#3095=EDGE_CURVE('',#2431,#2432,#1397,.T.);
#3096=EDGE_CURVE('',#2431,#2433,#339,.T.);
#3097=EDGE_CURVE('',#2434,#2432,#340,.T.);
#3098=EDGE_CURVE('',#2433,#2434,#1398,.T.);
#3099=EDGE_CURVE('',#2433,#2435,#341,.T.);
#3100=EDGE_CURVE('',#2436,#2434,#342,.T.);
#3101=EDGE_CURVE('',#2435,#2436,#1399,.T.);
#3102=EDGE_CURVE('',#2435,#2437,#343,.T.);
#3103=EDGE_CURVE('',#2438,#2436,#344,.T.);
#3104=EDGE_CURVE('',#2437,#2438,#1400,.T.);
#3105=EDGE_CURVE('',#2437,#2439,#345,.T.);
#3106=EDGE_CURVE('',#2440,#2438,#346,.T.);
#3107=EDGE_CURVE('',#2439,#2440,#1401,.T.);
#3108=EDGE_CURVE('',#2439,#2441,#347,.T.);
#3109=EDGE_CURVE('',#2442,#2440,#348,.T.);
#3110=EDGE_CURVE('',#2441,#2442,#1402,.T.);
#3111=EDGE_CURVE('',#2441,#2443,#349,.T.);
#3112=EDGE_CURVE('',#2444,#2442,#350,.T.);
#3113=EDGE_CURVE('',#2443,#2444,#1403,.T.);
#3114=EDGE_CURVE('',#2443,#2379,#351,.T.);
#3115=EDGE_CURVE('',#2381,#2444,#352,.T.);
#3116=EDGE_CURVE('',#2445,#2446,#1404,.T.);
#3117=EDGE_CURVE('',#2445,#2447,#1405,.T.);
#3118=EDGE_CURVE('',#2448,#2447,#1406,.T.);
#3119=EDGE_CURVE('',#2446,#2448,#1407,.T.);
#3120=EDGE_CURVE('',#2446,#2449,#1408,.T.);
#3121=EDGE_CURVE('',#2450,#2448,#1409,.T.);
#3122=EDGE_CURVE('',#2449,#2450,#1410,.T.);
#3123=EDGE_CURVE('',#2449,#2451,#1411,.T.);
#3124=EDGE_CURVE('',#2452,#2450,#1412,.T.);
#3125=EDGE_CURVE('',#2451,#2452,#1413,.T.);
#3126=EDGE_CURVE('',#2451,#2453,#353,.T.);
#3127=EDGE_CURVE('',#2454,#2452,#354,.T.);
#3128=EDGE_CURVE('',#2453,#2454,#1414,.T.);
#3129=EDGE_CURVE('',#2453,#2455,#355,.T.);
#3130=EDGE_CURVE('',#2456,#2454,#356,.T.);
#3131=EDGE_CURVE('',#2455,#2456,#1415,.T.);
#3132=EDGE_CURVE('',#2455,#2457,#357,.T.);
#3133=EDGE_CURVE('',#2458,#2456,#358,.T.);
#3134=EDGE_CURVE('',#2457,#2458,#1416,.T.);
#3135=EDGE_CURVE('',#2457,#2459,#359,.T.);
#3136=EDGE_CURVE('',#2460,#2458,#360,.T.);
#3137=EDGE_CURVE('',#2459,#2460,#1417,.T.);
#3138=EDGE_CURVE('',#2459,#2461,#361,.T.);
#3139=EDGE_CURVE('',#2462,#2460,#362,.T.);
#3140=EDGE_CURVE('',#2461,#2462,#1418,.T.);
#3141=EDGE_CURVE('',#2461,#2463,#363,.T.);
#3142=EDGE_CURVE('',#2464,#2462,#364,.T.);
#3143=EDGE_CURVE('',#2463,#2464,#1419,.T.);
#3144=EDGE_CURVE('',#2463,#2465,#365,.T.);
#3145=EDGE_CURVE('',#2466,#2464,#366,.T.);
#3146=EDGE_CURVE('',#2465,#2466,#1420,.T.);
#3147=EDGE_CURVE('',#2465,#2467,#1421,.T.);
#3148=EDGE_CURVE('',#2468,#2466,#1422,.T.);
#3149=EDGE_CURVE('',#2467,#2468,#1423,.T.);
#3150=EDGE_CURVE('',#2467,#2469,#1424,.T.);
#3151=EDGE_CURVE('',#2470,#2468,#1425,.T.);
#3152=EDGE_CURVE('',#2469,#2470,#1426,.T.);
#3153=EDGE_CURVE('',#2469,#2471,#1427,.T.);
#3154=EDGE_CURVE('',#2472,#2470,#1428,.T.);
#3155=EDGE_CURVE('',#2471,#2472,#1429,.T.);
#3156=EDGE_CURVE('',#2471,#2473,#367,.T.);
#3157=EDGE_CURVE('',#2474,#2472,#368,.T.);
#3158=EDGE_CURVE('',#2473,#2474,#1430,.T.);
#3159=EDGE_CURVE('',#2473,#2475,#369,.T.);
#3160=EDGE_CURVE('',#2476,#2474,#370,.T.);
#3161=EDGE_CURVE('',#2475,#2476,#1431,.T.);
#3162=EDGE_CURVE('',#2475,#2477,#371,.T.);
#3163=EDGE_CURVE('',#2478,#2476,#372,.T.);
#3164=EDGE_CURVE('',#2477,#2478,#1432,.T.);
#3165=EDGE_CURVE('',#2477,#2479,#373,.T.);
#3166=EDGE_CURVE('',#2480,#2478,#374,.T.);
#3167=EDGE_CURVE('',#2479,#2480,#1433,.T.);
#3168=EDGE_CURVE('',#2479,#2481,#375,.T.);
#3169=EDGE_CURVE('',#2482,#2480,#376,.T.);
#3170=EDGE_CURVE('',#2481,#2482,#1434,.T.);
#3171=EDGE_CURVE('',#2481,#2483,#1435,.T.);
#3172=EDGE_CURVE('',#2484,#2482,#1436,.T.);
#3173=EDGE_CURVE('',#2483,#2484,#1437,.T.);
#3174=EDGE_CURVE('',#2483,#2485,#1438,.T.);
#3175=EDGE_CURVE('',#2486,#2484,#1439,.T.);
#3176=EDGE_CURVE('',#2485,#2486,#1440,.T.);
#3177=EDGE_CURVE('',#2485,#2487,#1441,.T.);
#3178=EDGE_CURVE('',#2488,#2486,#1442,.T.);
#3179=EDGE_CURVE('',#2487,#2488,#1443,.T.);
#3180=EDGE_CURVE('',#2487,#2489,#377,.T.);
#3181=EDGE_CURVE('',#2490,#2488,#378,.T.);
#3182=EDGE_CURVE('',#2489,#2490,#1444,.T.);
#3183=EDGE_CURVE('',#2489,#2491,#379,.T.);
#3184=EDGE_CURVE('',#2492,#2490,#380,.T.);
#3185=EDGE_CURVE('',#2491,#2492,#1445,.T.);
#3186=EDGE_CURVE('',#2491,#2493,#381,.T.);
#3187=EDGE_CURVE('',#2494,#2492,#382,.T.);
#3188=EDGE_CURVE('',#2493,#2494,#1446,.T.);
#3189=EDGE_CURVE('',#2493,#2495,#383,.T.);
#3190=EDGE_CURVE('',#2496,#2494,#384,.T.);
#3191=EDGE_CURVE('',#2495,#2496,#1447,.T.);
#3192=EDGE_CURVE('',#2495,#2497,#385,.T.);
#3193=EDGE_CURVE('',#2498,#2496,#386,.T.);
#3194=EDGE_CURVE('',#2497,#2498,#1448,.T.);
#3195=EDGE_CURVE('',#2497,#2499,#1449,.T.);
#3196=EDGE_CURVE('',#2500,#2498,#1450,.T.);
#3197=EDGE_CURVE('',#2499,#2500,#1451,.T.);
#3198=EDGE_CURVE('',#2499,#2445,#1452,.T.);
#3199=EDGE_CURVE('',#2447,#2500,#1453,.T.);
#3200=EDGE_CURVE('',#2501,#2502,#1454,.T.);
#3201=EDGE_CURVE('',#2501,#2503,#1455,.T.);
#3202=EDGE_CURVE('',#2504,#2503,#1456,.T.);
#3203=EDGE_CURVE('',#2502,#2504,#1457,.T.);
#3204=EDGE_CURVE('',#2502,#2505,#1458,.T.);
#3205=EDGE_CURVE('',#2506,#2504,#1459,.T.);
#3206=EDGE_CURVE('',#2505,#2506,#1460,.T.);
#3207=EDGE_CURVE('',#2505,#2507,#1461,.T.);
#3208=EDGE_CURVE('',#2508,#2506,#1462,.T.);
#3209=EDGE_CURVE('',#2507,#2508,#1463,.T.);
#3210=EDGE_CURVE('',#2507,#2509,#387,.T.);
#3211=EDGE_CURVE('',#2510,#2508,#388,.T.);
#3212=EDGE_CURVE('',#2509,#2510,#1464,.T.);
#3213=EDGE_CURVE('',#2509,#2511,#389,.T.);
#3214=EDGE_CURVE('',#2512,#2510,#390,.T.);
#3215=EDGE_CURVE('',#2511,#2512,#1465,.T.);
#3216=EDGE_CURVE('',#2511,#2513,#391,.T.);
#3217=EDGE_CURVE('',#2514,#2512,#392,.T.);
#3218=EDGE_CURVE('',#2513,#2514,#1466,.T.);
#3219=EDGE_CURVE('',#2513,#2515,#393,.T.);
#3220=EDGE_CURVE('',#2516,#2514,#394,.T.);
#3221=EDGE_CURVE('',#2515,#2516,#1467,.T.);
#3222=EDGE_CURVE('',#2515,#2517,#1468,.T.);
#3223=EDGE_CURVE('',#2518,#2516,#1469,.T.);
#3224=EDGE_CURVE('',#2517,#2518,#1470,.T.);
#3225=EDGE_CURVE('',#2517,#2519,#1471,.T.);
#3226=EDGE_CURVE('',#2520,#2518,#1472,.T.);
#3227=EDGE_CURVE('',#2519,#2520,#1473,.T.);
#3228=EDGE_CURVE('',#2519,#2521,#1474,.T.);
#3229=EDGE_CURVE('',#2522,#2520,#1475,.T.);
#3230=EDGE_CURVE('',#2521,#2522,#1476,.T.);
#3231=EDGE_CURVE('',#2521,#2523,#395,.T.);
#3232=EDGE_CURVE('',#2524,#2522,#396,.T.);
#3233=EDGE_CURVE('',#2523,#2524,#1477,.T.);
#3234=EDGE_CURVE('',#2523,#2525,#397,.T.);
#3235=EDGE_CURVE('',#2526,#2524,#398,.T.);
#3236=EDGE_CURVE('',#2525,#2526,#1478,.T.);
#3237=EDGE_CURVE('',#2525,#2527,#399,.T.);
#3238=EDGE_CURVE('',#2528,#2526,#400,.T.);
#3239=EDGE_CURVE('',#2527,#2528,#1479,.T.);
#3240=EDGE_CURVE('',#2527,#2529,#401,.T.);
#3241=EDGE_CURVE('',#2530,#2528,#402,.T.);
#3242=EDGE_CURVE('',#2529,#2530,#1480,.T.);
#3243=EDGE_CURVE('',#2529,#2531,#403,.T.);
#3244=EDGE_CURVE('',#2532,#2530,#404,.T.);
#3245=EDGE_CURVE('',#2531,#2532,#1481,.T.);
#3246=EDGE_CURVE('',#2531,#2533,#1482,.T.);
#3247=EDGE_CURVE('',#2534,#2532,#1483,.T.);
#3248=EDGE_CURVE('',#2533,#2534,#1484,.T.);
#3249=EDGE_CURVE('',#2533,#2501,#1485,.T.);
#3250=EDGE_CURVE('',#2503,#2534,#1486,.T.);
#3251=EDGE_CURVE('',#2535,#2536,#405,.T.);
#3252=EDGE_CURVE('',#2535,#2537,#1487,.T.);
#3253=EDGE_CURVE('',#2538,#2537,#406,.T.);
#3254=EDGE_CURVE('',#2536,#2538,#1488,.T.);
#3255=EDGE_CURVE('',#2536,#2539,#407,.T.);
#3256=EDGE_CURVE('',#2540,#2538,#408,.T.);
#3257=EDGE_CURVE('',#2539,#2540,#1489,.T.);
#3258=EDGE_CURVE('',#2539,#2541,#409,.T.);
#3259=EDGE_CURVE('',#2542,#2540,#410,.T.);
#3260=EDGE_CURVE('',#2541,#2542,#1490,.T.);
#3261=EDGE_CURVE('',#2541,#2543,#411,.T.);
#3262=EDGE_CURVE('',#2544,#2542,#412,.T.);
#3263=EDGE_CURVE('',#2543,#2544,#1491,.T.);
#3264=EDGE_CURVE('',#2543,#2545,#413,.T.);
#3265=EDGE_CURVE('',#2546,#2544,#414,.T.);
#3266=EDGE_CURVE('',#2545,#2546,#1492,.T.);
#3267=EDGE_CURVE('',#2545,#2547,#415,.T.);
#3268=EDGE_CURVE('',#2548,#2546,#416,.T.);
#3269=EDGE_CURVE('',#2547,#2548,#1493,.T.);
#3270=EDGE_CURVE('',#2547,#2549,#417,.T.);
#3271=EDGE_CURVE('',#2550,#2548,#418,.T.);
#3272=EDGE_CURVE('',#2549,#2550,#1494,.T.);
#3273=EDGE_CURVE('',#2549,#2535,#419,.T.);
#3274=EDGE_CURVE('',#2537,#2550,#420,.T.);
#3275=EDGE_CURVE('',#2551,#2552,#1495,.T.);
#3276=EDGE_CURVE('',#2551,#2553,#1496,.T.);
#3277=EDGE_CURVE('',#2554,#2553,#1497,.T.);
#3278=EDGE_CURVE('',#2552,#2554,#1498,.T.);
#3279=EDGE_CURVE('',#2552,#2555,#1499,.T.);
#3280=EDGE_CURVE('',#2556,#2554,#1500,.T.);
#3281=EDGE_CURVE('',#2555,#2556,#1501,.T.);
#3282=EDGE_CURVE('',#2555,#2557,#1502,.T.);
#3283=EDGE_CURVE('',#2558,#2556,#1503,.T.);
#3284=EDGE_CURVE('',#2557,#2558,#1504,.T.);
#3285=EDGE_CURVE('',#2557,#2559,#1505,.T.);
#3286=EDGE_CURVE('',#2560,#2558,#1506,.T.);
#3287=EDGE_CURVE('',#2559,#2560,#1507,.T.);
#3288=EDGE_CURVE('',#2559,#2561,#421,.T.);
#3289=EDGE_CURVE('',#2562,#2560,#422,.T.);
#3290=EDGE_CURVE('',#2561,#2562,#1508,.T.);
#3291=EDGE_CURVE('',#2561,#2563,#423,.T.);
#3292=EDGE_CURVE('',#2564,#2562,#424,.T.);
#3293=EDGE_CURVE('',#2563,#2564,#1509,.T.);
#3294=EDGE_CURVE('',#2563,#2565,#425,.T.);
#3295=EDGE_CURVE('',#2566,#2564,#426,.T.);
#3296=EDGE_CURVE('',#2565,#2566,#1510,.T.);
#3297=EDGE_CURVE('',#2565,#2567,#427,.T.);
#3298=EDGE_CURVE('',#2568,#2566,#428,.T.);
#3299=EDGE_CURVE('',#2567,#2568,#1511,.T.);
#3300=EDGE_CURVE('',#2567,#2569,#429,.T.);
#3301=EDGE_CURVE('',#2570,#2568,#430,.T.);
#3302=EDGE_CURVE('',#2569,#2570,#1512,.T.);
#3303=EDGE_CURVE('',#2569,#2571,#431,.T.);
#3304=EDGE_CURVE('',#2572,#2570,#432,.T.);
#3305=EDGE_CURVE('',#2571,#2572,#1513,.T.);
#3306=EDGE_CURVE('',#2571,#2573,#433,.T.);
#3307=EDGE_CURVE('',#2574,#2572,#434,.T.);
#3308=EDGE_CURVE('',#2573,#2574,#1514,.T.);
#3309=EDGE_CURVE('',#2573,#2575,#435,.T.);
#3310=EDGE_CURVE('',#2576,#2574,#436,.T.);
#3311=EDGE_CURVE('',#2575,#2576,#1515,.T.);
#3312=EDGE_CURVE('',#2575,#2551,#1516,.T.);
#3313=EDGE_CURVE('',#2553,#2576,#1517,.T.);
#3314=EDGE_CURVE('',#2577,#2578,#23,.T.);
#3315=EDGE_CURVE('',#2578,#2579,#1518,.T.);
#3316=EDGE_CURVE('',#2579,#2580,#24,.T.);
#3317=EDGE_CURVE('',#2580,#2577,#1519,.T.);
#3318=EDGE_CURVE('',#2581,#2580,#1520,.T.);
#3319=EDGE_CURVE('',#2582,#2581,#1521,.T.);
#3320=EDGE_CURVE('',#2577,#2582,#1522,.T.);
#3321=EDGE_CURVE('',#2579,#2583,#1523,.T.);
#3322=EDGE_CURVE('',#2584,#2583,#25,.T.);
#3323=EDGE_CURVE('',#2584,#2585,#1524,.T.);
#3324=EDGE_CURVE('',#2586,#2585,#26,.T.);
#3325=EDGE_CURVE('',#2586,#2587,#1525,.T.);
#3326=EDGE_CURVE('',#2581,#2587,#27,.T.);
#3327=EDGE_CURVE('',#2588,#2589,#1526,.T.);
#3328=EDGE_CURVE('',#2589,#2590,#1527,.T.);
#3329=EDGE_CURVE('',#2590,#2591,#1528,.T.);
#3330=EDGE_CURVE('',#2591,#2588,#1529,.T.);
#3331=EDGE_CURVE('',#2592,#2592,#28,.T.);
#3332=EDGE_CURVE('',#2593,#2593,#29,.T.);
#3333=EDGE_CURVE('',#2594,#2594,#30,.T.);
#3334=EDGE_CURVE('',#2595,#2595,#31,.T.);
#3335=EDGE_CURVE('',#2596,#2582,#32,.T.);
#3336=EDGE_CURVE('',#2587,#2596,#1530,.T.);
#3337=EDGE_CURVE('',#2597,#2586,#1531,.T.);
#3338=EDGE_CURVE('',#2596,#2597,#1532,.T.);
#3339=EDGE_CURVE('',#2598,#2597,#33,.T.);
#3340=EDGE_CURVE('',#2585,#2598,#1533,.T.);
#3341=EDGE_CURVE('',#2599,#2584,#1534,.T.);
#3342=EDGE_CURVE('',#2598,#2599,#1535,.T.);
#3343=EDGE_CURVE('',#2600,#2599,#34,.T.);
#3344=EDGE_CURVE('',#2583,#2600,#1536,.T.);
#3345=EDGE_CURVE('',#2588,#2601,#1537,.T.);
#3346=EDGE_CURVE('',#2601,#2602,#1538,.T.);
#3347=EDGE_CURVE('',#2589,#2602,#1539,.T.);
#3348=EDGE_CURVE('',#2591,#2603,#1540,.T.);
#3349=EDGE_CURVE('',#2603,#2601,#1541,.T.);
#3350=EDGE_CURVE('',#2590,#2604,#1542,.T.);
#3351=EDGE_CURVE('',#2604,#2603,#1543,.T.);
#3352=EDGE_CURVE('',#2602,#2604,#1544,.T.);
#3353=EDGE_CURVE('',#2605,#2606,#1545,.T.);
#3354=EDGE_CURVE('',#2607,#2605,#1546,.T.);
#3355=EDGE_CURVE('',#2608,#2607,#1547,.T.);
#3356=EDGE_CURVE('',#2606,#2608,#1548,.T.);
#3357=EDGE_CURVE('',#2605,#2609,#1549,.T.);
#3358=EDGE_CURVE('',#2610,#2609,#1550,.T.);
#3359=EDGE_CURVE('',#2607,#2610,#1551,.T.);
#3360=EDGE_CURVE('',#2606,#2611,#1552,.T.);
#3361=EDGE_CURVE('',#2609,#2611,#1553,.T.);
#3362=EDGE_CURVE('',#2612,#2612,#35,.T.);
#3363=EDGE_CURVE('',#2612,#2595,#1554,.T.);
#3364=EDGE_CURVE('',#2613,#2613,#36,.T.);
#3365=EDGE_CURVE('',#2613,#2594,#1555,.T.);
#3366=EDGE_CURVE('',#2614,#2614,#37,.T.);
#3367=EDGE_CURVE('',#2614,#2593,#1556,.T.);
#3368=EDGE_CURVE('',#2608,#2615,#1557,.T.);
#3369=EDGE_CURVE('',#2611,#2615,#1558,.T.);
#3370=EDGE_CURVE('',#2615,#2610,#1559,.T.);
#3371=EDGE_CURVE('',#2616,#2616,#38,.T.);
#3372=EDGE_CURVE('',#2616,#2592,#1560,.T.);
#3373=EDGE_CURVE('',#2600,#2578,#1561,.T.);
#3374=EDGE_CURVE('',#2617,#2618,#1562,.T.);
#3375=EDGE_CURVE('',#2617,#2619,#1563,.T.);
#3376=EDGE_CURVE('',#2619,#2620,#1564,.T.);
#3377=EDGE_CURVE('',#2618,#2620,#1565,.T.);
#3378=EDGE_CURVE('',#2621,#2617,#1566,.T.);
#3379=EDGE_CURVE('',#2621,#2622,#1567,.T.);
#3380=EDGE_CURVE('',#2622,#2619,#1568,.T.);
#3381=EDGE_CURVE('',#2623,#2624,#1569,.T.);
#3382=EDGE_CURVE('',#2625,#2623,#1570,.T.);
#3383=EDGE_CURVE('',#2626,#2625,#1571,.T.);
#3384=EDGE_CURVE('',#2624,#2626,#1572,.T.);
#3385=EDGE_CURVE('',#2627,#2628,#1573,.T.);
#3386=EDGE_CURVE('',#2629,#2627,#39,.T.);
#3387=EDGE_CURVE('',#2630,#2629,#1574,.T.);
#3388=EDGE_CURVE('',#2628,#2630,#40,.T.);
#3389=EDGE_CURVE('',#2631,#2632,#1575,.T.);
#3390=EDGE_CURVE('',#2633,#2631,#41,.T.);
#3391=EDGE_CURVE('',#2634,#2633,#1576,.T.);
#3392=EDGE_CURVE('',#2632,#2634,#42,.T.);
#3393=EDGE_CURVE('',#2635,#2636,#1577,.T.);
#3394=EDGE_CURVE('',#2637,#2635,#43,.T.);
#3395=EDGE_CURVE('',#2638,#2637,#1578,.T.);
#3396=EDGE_CURVE('',#2636,#2638,#44,.T.);
#3397=EDGE_CURVE('',#2639,#2640,#1579,.T.);
#3398=EDGE_CURVE('',#2641,#2639,#45,.T.);
#3399=EDGE_CURVE('',#2642,#2641,#1580,.T.);
#3400=EDGE_CURVE('',#2640,#2642,#46,.T.);
#3401=EDGE_CURVE('',#2643,#2644,#1581,.T.);
#3402=EDGE_CURVE('',#2645,#2643,#47,.T.);
#3403=EDGE_CURVE('',#2646,#2645,#1582,.T.);
#3404=EDGE_CURVE('',#2644,#2646,#48,.T.);
#3405=EDGE_CURVE('',#2647,#2648,#1583,.T.);
#3406=EDGE_CURVE('',#2649,#2647,#49,.T.);
#3407=EDGE_CURVE('',#2650,#2649,#1584,.T.);
#3408=EDGE_CURVE('',#2648,#2650,#50,.T.);
#3409=EDGE_CURVE('',#2651,#2621,#1585,.T.);
#3410=EDGE_CURVE('',#2652,#2651,#1586,.T.);
#3411=EDGE_CURVE('',#2652,#2622,#1587,.T.);
#3412=EDGE_CURVE('',#2653,#2654,#1588,.T.);
#3413=EDGE_CURVE('',#2653,#2655,#1589,.T.);
#3414=EDGE_CURVE('',#2655,#2656,#1590,.T.);
#3415=EDGE_CURVE('',#2654,#2656,#1591,.T.);
#3416=EDGE_CURVE('',#2657,#2657,#51,.T.);
#3417=EDGE_CURVE('',#2658,#2653,#1592,.T.);
#3418=EDGE_CURVE('',#2659,#2658,#1593,.T.);
#3419=EDGE_CURVE('',#2659,#2655,#1594,.T.);
#3420=EDGE_CURVE('',#2654,#2660,#1595,.T.);
#3421=EDGE_CURVE('',#2656,#2661,#1596,.T.);
#3422=EDGE_CURVE('',#2660,#2661,#1597,.T.);
#3423=EDGE_CURVE('',#2662,#2649,#1598,.T.);
#3424=EDGE_CURVE('',#2663,#2662,#1599,.T.);
#3425=EDGE_CURVE('',#2663,#2650,#1600,.T.);
#3426=EDGE_CURVE('',#2664,#2647,#1601,.T.);
#3427=EDGE_CURVE('',#2662,#2664,#52,.T.);
#3428=EDGE_CURVE('',#2665,#2645,#1602,.T.);
#3429=EDGE_CURVE('',#2666,#2665,#1603,.T.);
#3430=EDGE_CURVE('',#2666,#2646,#1604,.T.);
#3431=EDGE_CURVE('',#2667,#2643,#1605,.T.);
#3432=EDGE_CURVE('',#2665,#2667,#53,.T.);
#3433=EDGE_CURVE('',#2668,#2641,#1606,.T.);
#3434=EDGE_CURVE('',#2669,#2668,#1607,.T.);
#3435=EDGE_CURVE('',#2669,#2642,#1608,.T.);
#3436=EDGE_CURVE('',#2670,#2639,#1609,.T.);
#3437=EDGE_CURVE('',#2668,#2670,#54,.T.);
#3438=EDGE_CURVE('',#2671,#2637,#1610,.T.);
#3439=EDGE_CURVE('',#2672,#2671,#1611,.T.);
#3440=EDGE_CURVE('',#2672,#2638,#1612,.T.);
#3441=EDGE_CURVE('',#2673,#2635,#1613,.T.);
#3442=EDGE_CURVE('',#2671,#2673,#55,.T.);
#3443=EDGE_CURVE('',#2674,#2633,#1614,.T.);
#3444=EDGE_CURVE('',#2675,#2674,#1615,.T.);
#3445=EDGE_CURVE('',#2675,#2634,#1616,.T.);
#3446=EDGE_CURVE('',#2676,#2631,#1617,.T.);
#3447=EDGE_CURVE('',#2674,#2676,#56,.T.);
#3448=EDGE_CURVE('',#2677,#2629,#1618,.T.);
#3449=EDGE_CURVE('',#2678,#2677,#1619,.T.);
#3450=EDGE_CURVE('',#2678,#2630,#1620,.T.);
#3451=EDGE_CURVE('',#2679,#2627,#1621,.T.);
#3452=EDGE_CURVE('',#2677,#2679,#57,.T.);
#3453=EDGE_CURVE('',#2680,#2625,#1622,.T.);
#3454=EDGE_CURVE('',#2681,#2680,#1623,.T.);
#3455=EDGE_CURVE('',#2681,#2626,#1624,.T.);
#3456=EDGE_CURVE('',#2682,#2623,#1625,.T.);
#3457=EDGE_CURVE('',#2680,#2682,#1626,.T.);
#3458=EDGE_CURVE('',#2683,#2651,#1627,.T.);
#3459=EDGE_CURVE('',#2683,#2684,#1628,.T.);
#3460=EDGE_CURVE('',#2684,#2652,#1629,.T.);
#3461=EDGE_CURVE('',#2620,#2685,#1630,.T.);
#3462=EDGE_CURVE('',#2686,#2685,#1631,.T.);
#3463=EDGE_CURVE('',#2618,#2686,#1632,.T.);
#3464=EDGE_CURVE('',#2687,#2658,#1633,.T.);
#3465=EDGE_CURVE('',#2687,#2688,#1634,.T.);
#3466=EDGE_CURVE('',#2688,#2659,#1635,.T.);
#3467=EDGE_CURVE('',#2661,#2689,#1636,.T.);
#3468=EDGE_CURVE('',#2690,#2689,#1637,.T.);
#3469=EDGE_CURVE('',#2660,#2690,#1638,.T.);
#3470=EDGE_CURVE('',#2691,#2648,#1639,.T.);
#3471=EDGE_CURVE('',#2664,#2691,#1640,.T.);
#3472=EDGE_CURVE('',#2691,#2663,#58,.T.);
#3473=EDGE_CURVE('',#2692,#2644,#1641,.T.);
#3474=EDGE_CURVE('',#2667,#2692,#1642,.T.);
#3475=EDGE_CURVE('',#2692,#2666,#59,.T.);
#3476=EDGE_CURVE('',#2693,#2640,#1643,.T.);
#3477=EDGE_CURVE('',#2670,#2693,#1644,.T.);
#3478=EDGE_CURVE('',#2693,#2669,#60,.T.);
#3479=EDGE_CURVE('',#2694,#2636,#1645,.T.);
#3480=EDGE_CURVE('',#2673,#2694,#1646,.T.);
#3481=EDGE_CURVE('',#2694,#2672,#61,.T.);
#3482=EDGE_CURVE('',#2695,#2632,#1647,.T.);
#3483=EDGE_CURVE('',#2676,#2695,#1648,.T.);
#3484=EDGE_CURVE('',#2695,#2675,#62,.T.);
#3485=EDGE_CURVE('',#2696,#2628,#1649,.T.);
#3486=EDGE_CURVE('',#2679,#2696,#1650,.T.);
#3487=EDGE_CURVE('',#2696,#2678,#63,.T.);
#3488=EDGE_CURVE('',#2697,#2697,#64,.T.);
#3489=EDGE_CURVE('',#2697,#2657,#1651,.T.);
#3490=EDGE_CURVE('',#2698,#2699,#1652,.T.);
#3491=EDGE_CURVE('',#2700,#2698,#1653,.T.);
#3492=EDGE_CURVE('',#2701,#2700,#1654,.T.);
#3493=EDGE_CURVE('',#2701,#2699,#1655,.T.);
#3494=EDGE_CURVE('',#2699,#2702,#1656,.T.);
#3495=EDGE_CURVE('',#2703,#2701,#1657,.T.);
#3496=EDGE_CURVE('',#2703,#2702,#1658,.T.);
#3497=EDGE_CURVE('',#2702,#2704,#1659,.T.);
#3498=EDGE_CURVE('',#2705,#2703,#1660,.T.);
#3499=EDGE_CURVE('',#2705,#2704,#1661,.T.);
#3500=EDGE_CURVE('',#2704,#2698,#1662,.T.);
#3501=EDGE_CURVE('',#2700,#2705,#1663,.T.);
#3502=EDGE_CURVE('',#2706,#2706,#65,.T.);
#3503=EDGE_CURVE('',#2706,#2707,#1664,.T.);
#3504=EDGE_CURVE('',#2707,#2707,#66,.T.);
#3505=EDGE_CURVE('',#2708,#2709,#1665,.T.);
#3506=EDGE_CURVE('',#2710,#2708,#1666,.T.);
#3507=EDGE_CURVE('',#2711,#2710,#1667,.T.);
#3508=EDGE_CURVE('',#2711,#2709,#1668,.T.);
#3509=EDGE_CURVE('',#2709,#2712,#1669,.T.);
#3510=EDGE_CURVE('',#2713,#2711,#1670,.T.);
#3511=EDGE_CURVE('',#2713,#2712,#1671,.T.);
#3512=EDGE_CURVE('',#2712,#2714,#1672,.T.);
#3513=EDGE_CURVE('',#2715,#2713,#1673,.T.);
#3514=EDGE_CURVE('',#2715,#2714,#1674,.T.);
#3515=EDGE_CURVE('',#2714,#2708,#1675,.T.);
#3516=EDGE_CURVE('',#2710,#2715,#1676,.T.);
#3517=EDGE_CURVE('',#2716,#2624,#1677,.T.);
#3518=EDGE_CURVE('',#2682,#2716,#1678,.T.);
#3519=EDGE_CURVE('',#2716,#2681,#1679,.T.);
#3520=EDGE_CURVE('',#2686,#2687,#1680,.T.);
#3521=EDGE_CURVE('',#2685,#2688,#1681,.T.);
#3522=EDGE_CURVE('',#2690,#2683,#1682,.T.);
#3523=EDGE_CURVE('',#2689,#2684,#1683,.T.);
#3524=EDGE_CURVE('',#2717,#2718,#67,.T.);
#3525=EDGE_CURVE('',#2718,#2719,#1684,.T.);
#3526=EDGE_CURVE('',#2719,#2720,#68,.T.);
#3527=EDGE_CURVE('',#2720,#2717,#1685,.T.);
#3528=EDGE_CURVE('',#2721,#2720,#1686,.T.);
#3529=EDGE_CURVE('',#2722,#2721,#1687,.T.);
#3530=EDGE_CURVE('',#2717,#2722,#1688,.T.);
#3531=EDGE_CURVE('',#2719,#2723,#1689,.T.);
#3532=EDGE_CURVE('',#2724,#2723,#69,.T.);
#3533=EDGE_CURVE('',#2724,#2725,#1690,.T.);
#3534=EDGE_CURVE('',#2726,#2725,#70,.T.);
#3535=EDGE_CURVE('',#2726,#2727,#1691,.T.);
#3536=EDGE_CURVE('',#2721,#2727,#71,.T.);
#3537=EDGE_CURVE('',#2728,#2728,#72,.T.);
#3538=EDGE_CURVE('',#2729,#2729,#73,.T.);
#3539=EDGE_CURVE('',#2730,#2730,#74,.T.);
#3540=EDGE_CURVE('',#2731,#2731,#75,.T.);
#3541=EDGE_CURVE('',#2732,#2733,#76,.T.);
#3542=EDGE_CURVE('',#2733,#2724,#1692,.T.);
#3543=EDGE_CURVE('',#2723,#2732,#1693,.T.);
#3544=EDGE_CURVE('',#2734,#2733,#1694,.T.);
#3545=EDGE_CURVE('',#2725,#2734,#1695,.T.);
#3546=EDGE_CURVE('',#2734,#2735,#77,.T.);
#3547=EDGE_CURVE('',#2735,#2726,#1696,.T.);
#3548=EDGE_CURVE('',#2736,#2722,#78,.T.);
#3549=EDGE_CURVE('',#2727,#2736,#1697,.T.);
#3550=EDGE_CURVE('',#2737,#2737,#79,.T.);
#3551=EDGE_CURVE('',#2737,#2731,#1698,.T.);
#3552=EDGE_CURVE('',#2738,#2738,#80,.T.);
#3553=EDGE_CURVE('',#2738,#2730,#1699,.T.);
#3554=EDGE_CURVE('',#2739,#2739,#81,.T.);
#3555=EDGE_CURVE('',#2739,#2729,#1700,.T.);
#3556=EDGE_CURVE('',#2740,#2740,#82,.T.);
#3557=EDGE_CURVE('',#2740,#2728,#1701,.T.);
#3558=EDGE_CURVE('',#2736,#2735,#1702,.T.);
#3559=EDGE_CURVE('',#2732,#2718,#1703,.T.);
#3560=ORIENTED_EDGE('',*,*,#2741,.F.);
#3561=ORIENTED_EDGE('',*,*,#2742,.T.);
#3562=ORIENTED_EDGE('',*,*,#2743,.F.);
#3563=ORIENTED_EDGE('',*,*,#2744,.F.);
#3564=ORIENTED_EDGE('',*,*,#2745,.F.);
#3565=ORIENTED_EDGE('',*,*,#2744,.T.);
#3566=ORIENTED_EDGE('',*,*,#2746,.F.);
#3567=ORIENTED_EDGE('',*,*,#2747,.F.);
#3568=ORIENTED_EDGE('',*,*,#2748,.F.);
#3569=ORIENTED_EDGE('',*,*,#2747,.T.);
#3570=ORIENTED_EDGE('',*,*,#2749,.F.);
#3571=ORIENTED_EDGE('',*,*,#2750,.F.);
#3572=ORIENTED_EDGE('',*,*,#2751,.F.);
#3573=ORIENTED_EDGE('',*,*,#2750,.T.);
#3574=ORIENTED_EDGE('',*,*,#2752,.F.);
#3575=ORIENTED_EDGE('',*,*,#2753,.F.);
#3576=ORIENTED_EDGE('',*,*,#2754,.F.);
#3577=ORIENTED_EDGE('',*,*,#2753,.T.);
#3578=ORIENTED_EDGE('',*,*,#2755,.F.);
#3579=ORIENTED_EDGE('',*,*,#2742,.F.);
#3580=ORIENTED_EDGE('',*,*,#2756,.F.);
#3581=ORIENTED_EDGE('',*,*,#2757,.T.);
#3582=ORIENTED_EDGE('',*,*,#2758,.F.);
#3583=ORIENTED_EDGE('',*,*,#2759,.F.);
#3584=ORIENTED_EDGE('',*,*,#2760,.F.);
#3585=ORIENTED_EDGE('',*,*,#2759,.T.);
#3586=ORIENTED_EDGE('',*,*,#2761,.F.);
#3587=ORIENTED_EDGE('',*,*,#2762,.F.);
#3588=ORIENTED_EDGE('',*,*,#2763,.F.);
#3589=ORIENTED_EDGE('',*,*,#2762,.T.);
#3590=ORIENTED_EDGE('',*,*,#2764,.F.);
#3591=ORIENTED_EDGE('',*,*,#2765,.F.);
#3592=ORIENTED_EDGE('',*,*,#2766,.F.);
#3593=ORIENTED_EDGE('',*,*,#2765,.T.);
#3594=ORIENTED_EDGE('',*,*,#2767,.F.);
#3595=ORIENTED_EDGE('',*,*,#2768,.F.);
#3596=ORIENTED_EDGE('',*,*,#2769,.F.);
#3597=ORIENTED_EDGE('',*,*,#2768,.T.);
#3598=ORIENTED_EDGE('',*,*,#2770,.F.);
#3599=ORIENTED_EDGE('',*,*,#2771,.F.);
#3600=ORIENTED_EDGE('',*,*,#2772,.F.);
#3601=ORIENTED_EDGE('',*,*,#2771,.T.);
#3602=ORIENTED_EDGE('',*,*,#2773,.F.);
#3603=ORIENTED_EDGE('',*,*,#2774,.F.);
#3604=ORIENTED_EDGE('',*,*,#2775,.F.);
#3605=ORIENTED_EDGE('',*,*,#2774,.T.);
#3606=ORIENTED_EDGE('',*,*,#2776,.F.);
#3607=ORIENTED_EDGE('',*,*,#2777,.F.);
#3608=ORIENTED_EDGE('',*,*,#2778,.F.);
#3609=ORIENTED_EDGE('',*,*,#2777,.T.);
#3610=ORIENTED_EDGE('',*,*,#2779,.F.);
#3611=ORIENTED_EDGE('',*,*,#2757,.F.);
#3612=ORIENTED_EDGE('',*,*,#2779,.T.);
#3613=ORIENTED_EDGE('',*,*,#2776,.T.);
#3614=ORIENTED_EDGE('',*,*,#2773,.T.);
#3615=ORIENTED_EDGE('',*,*,#2770,.T.);
#3616=ORIENTED_EDGE('',*,*,#2767,.T.);
#3617=ORIENTED_EDGE('',*,*,#2764,.T.);
#3618=ORIENTED_EDGE('',*,*,#2761,.T.);
#3619=ORIENTED_EDGE('',*,*,#2758,.T.);
#3620=ORIENTED_EDGE('',*,*,#2755,.T.);
#3621=ORIENTED_EDGE('',*,*,#2752,.T.);
#3622=ORIENTED_EDGE('',*,*,#2749,.T.);
#3623=ORIENTED_EDGE('',*,*,#2746,.T.);
#3624=ORIENTED_EDGE('',*,*,#2743,.T.);
#3625=ORIENTED_EDGE('',*,*,#2741,.T.);
#3626=ORIENTED_EDGE('',*,*,#2745,.T.);
#3627=ORIENTED_EDGE('',*,*,#2748,.T.);
#3628=ORIENTED_EDGE('',*,*,#2751,.T.);
#3629=ORIENTED_EDGE('',*,*,#2754,.T.);
#3630=ORIENTED_EDGE('',*,*,#2780,.F.);
#3631=ORIENTED_EDGE('',*,*,#2781,.T.);
#3632=ORIENTED_EDGE('',*,*,#2782,.F.);
#3633=ORIENTED_EDGE('',*,*,#2783,.F.);
#3634=ORIENTED_EDGE('',*,*,#2784,.F.);
#3635=ORIENTED_EDGE('',*,*,#2783,.T.);
#3636=ORIENTED_EDGE('',*,*,#2785,.F.);
#3637=ORIENTED_EDGE('',*,*,#2786,.F.);
#3638=ORIENTED_EDGE('',*,*,#2787,.F.);
#3639=ORIENTED_EDGE('',*,*,#2786,.T.);
#3640=ORIENTED_EDGE('',*,*,#2788,.F.);
#3641=ORIENTED_EDGE('',*,*,#2789,.F.);
#3642=ORIENTED_EDGE('',*,*,#2790,.F.);
#3643=ORIENTED_EDGE('',*,*,#2789,.T.);
#3644=ORIENTED_EDGE('',*,*,#2791,.F.);
#3645=ORIENTED_EDGE('',*,*,#2792,.F.);
#3646=ORIENTED_EDGE('',*,*,#2793,.F.);
#3647=ORIENTED_EDGE('',*,*,#2792,.T.);
#3648=ORIENTED_EDGE('',*,*,#2794,.F.);
#3649=ORIENTED_EDGE('',*,*,#2795,.F.);
#3650=ORIENTED_EDGE('',*,*,#2796,.F.);
#3651=ORIENTED_EDGE('',*,*,#2795,.T.);
#3652=ORIENTED_EDGE('',*,*,#2797,.F.);
#3653=ORIENTED_EDGE('',*,*,#2798,.F.);
#3654=ORIENTED_EDGE('',*,*,#2799,.F.);
#3655=ORIENTED_EDGE('',*,*,#2798,.T.);
#3656=ORIENTED_EDGE('',*,*,#2800,.F.);
#3657=ORIENTED_EDGE('',*,*,#2801,.F.);
#3658=ORIENTED_EDGE('',*,*,#2802,.F.);
#3659=ORIENTED_EDGE('',*,*,#2801,.T.);
#3660=ORIENTED_EDGE('',*,*,#2803,.F.);
#3661=ORIENTED_EDGE('',*,*,#2781,.F.);
#3662=ORIENTED_EDGE('',*,*,#2804,.F.);
#3663=ORIENTED_EDGE('',*,*,#2805,.T.);
#3664=ORIENTED_EDGE('',*,*,#2806,.F.);
#3665=ORIENTED_EDGE('',*,*,#2807,.F.);
#3666=ORIENTED_EDGE('',*,*,#2808,.F.);
#3667=ORIENTED_EDGE('',*,*,#2807,.T.);
#3668=ORIENTED_EDGE('',*,*,#2809,.F.);
#3669=ORIENTED_EDGE('',*,*,#2810,.F.);
#3670=ORIENTED_EDGE('',*,*,#2811,.F.);
#3671=ORIENTED_EDGE('',*,*,#2810,.T.);
#3672=ORIENTED_EDGE('',*,*,#2812,.F.);
#3673=ORIENTED_EDGE('',*,*,#2813,.F.);
#3674=ORIENTED_EDGE('',*,*,#2814,.F.);
#3675=ORIENTED_EDGE('',*,*,#2813,.T.);
#3676=ORIENTED_EDGE('',*,*,#2815,.F.);
#3677=ORIENTED_EDGE('',*,*,#2816,.F.);
#3678=ORIENTED_EDGE('',*,*,#2817,.F.);
#3679=ORIENTED_EDGE('',*,*,#2816,.T.);
#3680=ORIENTED_EDGE('',*,*,#2818,.F.);
#3681=ORIENTED_EDGE('',*,*,#2819,.F.);
#3682=ORIENTED_EDGE('',*,*,#2820,.F.);
#3683=ORIENTED_EDGE('',*,*,#2819,.T.);
#3684=ORIENTED_EDGE('',*,*,#2821,.F.);
#3685=ORIENTED_EDGE('',*,*,#2822,.F.);
#3686=ORIENTED_EDGE('',*,*,#2823,.F.);
#3687=ORIENTED_EDGE('',*,*,#2822,.T.);
#3688=ORIENTED_EDGE('',*,*,#2824,.F.);
#3689=ORIENTED_EDGE('',*,*,#2825,.F.);
#3690=ORIENTED_EDGE('',*,*,#2826,.F.);
#3691=ORIENTED_EDGE('',*,*,#2825,.T.);
#3692=ORIENTED_EDGE('',*,*,#2827,.F.);
#3693=ORIENTED_EDGE('',*,*,#2828,.F.);
#3694=ORIENTED_EDGE('',*,*,#2829,.F.);
#3695=ORIENTED_EDGE('',*,*,#2828,.T.);
#3696=ORIENTED_EDGE('',*,*,#2830,.F.);
#3697=ORIENTED_EDGE('',*,*,#2805,.F.);
#3698=ORIENTED_EDGE('',*,*,#2830,.T.);
#3699=ORIENTED_EDGE('',*,*,#2827,.T.);
#3700=ORIENTED_EDGE('',*,*,#2824,.T.);
#3701=ORIENTED_EDGE('',*,*,#2821,.T.);
#3702=ORIENTED_EDGE('',*,*,#2818,.T.);
#3703=ORIENTED_EDGE('',*,*,#2815,.T.);
#3704=ORIENTED_EDGE('',*,*,#2812,.T.);
#3705=ORIENTED_EDGE('',*,*,#2809,.T.);
#3706=ORIENTED_EDGE('',*,*,#2806,.T.);
#3707=ORIENTED_EDGE('',*,*,#2803,.T.);
#3708=ORIENTED_EDGE('',*,*,#2800,.T.);
#3709=ORIENTED_EDGE('',*,*,#2797,.T.);
#3710=ORIENTED_EDGE('',*,*,#2794,.T.);
#3711=ORIENTED_EDGE('',*,*,#2791,.T.);
#3712=ORIENTED_EDGE('',*,*,#2788,.T.);
#3713=ORIENTED_EDGE('',*,*,#2785,.T.);
#3714=ORIENTED_EDGE('',*,*,#2782,.T.);
#3715=ORIENTED_EDGE('',*,*,#2780,.T.);
#3716=ORIENTED_EDGE('',*,*,#2784,.T.);
#3717=ORIENTED_EDGE('',*,*,#2787,.T.);
#3718=ORIENTED_EDGE('',*,*,#2790,.T.);
#3719=ORIENTED_EDGE('',*,*,#2793,.T.);
#3720=ORIENTED_EDGE('',*,*,#2796,.T.);
#3721=ORIENTED_EDGE('',*,*,#2799,.T.);
#3722=ORIENTED_EDGE('',*,*,#2802,.T.);
#3723=ORIENTED_EDGE('',*,*,#2831,.F.);
#3724=ORIENTED_EDGE('',*,*,#2832,.T.);
#3725=ORIENTED_EDGE('',*,*,#2833,.F.);
#3726=ORIENTED_EDGE('',*,*,#2834,.F.);
#3727=ORIENTED_EDGE('',*,*,#2835,.F.);
#3728=ORIENTED_EDGE('',*,*,#2834,.T.);
#3729=ORIENTED_EDGE('',*,*,#2836,.F.);
#3730=ORIENTED_EDGE('',*,*,#2837,.F.);
#3731=ORIENTED_EDGE('',*,*,#2838,.F.);
#3732=ORIENTED_EDGE('',*,*,#2837,.T.);
#3733=ORIENTED_EDGE('',*,*,#2839,.F.);
#3734=ORIENTED_EDGE('',*,*,#2840,.F.);
#3735=ORIENTED_EDGE('',*,*,#2841,.F.);
#3736=ORIENTED_EDGE('',*,*,#2840,.T.);
#3737=ORIENTED_EDGE('',*,*,#2842,.F.);
#3738=ORIENTED_EDGE('',*,*,#2832,.F.);
#3739=ORIENTED_EDGE('',*,*,#2842,.T.);
#3740=ORIENTED_EDGE('',*,*,#2839,.T.);
#3741=ORIENTED_EDGE('',*,*,#2836,.T.);
#3742=ORIENTED_EDGE('',*,*,#2833,.T.);
#3743=ORIENTED_EDGE('',*,*,#2843,.F.);
#3744=ORIENTED_EDGE('',*,*,#2844,.T.);
#3745=ORIENTED_EDGE('',*,*,#2845,.F.);
#3746=ORIENTED_EDGE('',*,*,#2846,.F.);
#3747=ORIENTED_EDGE('',*,*,#2847,.F.);
#3748=ORIENTED_EDGE('',*,*,#2846,.T.);
#3749=ORIENTED_EDGE('',*,*,#2848,.F.);
#3750=ORIENTED_EDGE('',*,*,#2849,.F.);
#3751=ORIENTED_EDGE('',*,*,#2850,.F.);
#3752=ORIENTED_EDGE('',*,*,#2849,.T.);
#3753=ORIENTED_EDGE('',*,*,#2851,.F.);
#3754=ORIENTED_EDGE('',*,*,#2852,.F.);
#3755=ORIENTED_EDGE('',*,*,#2853,.F.);
#3756=ORIENTED_EDGE('',*,*,#2852,.T.);
#3757=ORIENTED_EDGE('',*,*,#2854,.F.);
#3758=ORIENTED_EDGE('',*,*,#2844,.F.);
#3759=ORIENTED_EDGE('',*,*,#2854,.T.);
#3760=ORIENTED_EDGE('',*,*,#2851,.T.);
#3761=ORIENTED_EDGE('',*,*,#2848,.T.);
#3762=ORIENTED_EDGE('',*,*,#2845,.T.);
#3763=ORIENTED_EDGE('',*,*,#2855,.F.);
#3764=ORIENTED_EDGE('',*,*,#2856,.T.);
#3765=ORIENTED_EDGE('',*,*,#2857,.F.);
#3766=ORIENTED_EDGE('',*,*,#2858,.F.);
#3767=ORIENTED_EDGE('',*,*,#2859,.F.);
#3768=ORIENTED_EDGE('',*,*,#2858,.T.);
#3769=ORIENTED_EDGE('',*,*,#2860,.F.);
#3770=ORIENTED_EDGE('',*,*,#2861,.F.);
#3771=ORIENTED_EDGE('',*,*,#2862,.F.);
#3772=ORIENTED_EDGE('',*,*,#2861,.T.);
#3773=ORIENTED_EDGE('',*,*,#2863,.F.);
#3774=ORIENTED_EDGE('',*,*,#2864,.F.);
#3775=ORIENTED_EDGE('',*,*,#2865,.F.);
#3776=ORIENTED_EDGE('',*,*,#2864,.T.);
#3777=ORIENTED_EDGE('',*,*,#2866,.F.);
#3778=ORIENTED_EDGE('',*,*,#2867,.F.);
#3779=ORIENTED_EDGE('',*,*,#2868,.F.);
#3780=ORIENTED_EDGE('',*,*,#2867,.T.);
#3781=ORIENTED_EDGE('',*,*,#2869,.F.);
#3782=ORIENTED_EDGE('',*,*,#2870,.F.);
#3783=ORIENTED_EDGE('',*,*,#2871,.F.);
#3784=ORIENTED_EDGE('',*,*,#2870,.T.);
#3785=ORIENTED_EDGE('',*,*,#2872,.F.);
#3786=ORIENTED_EDGE('',*,*,#2873,.F.);
#3787=ORIENTED_EDGE('',*,*,#2874,.F.);
#3788=ORIENTED_EDGE('',*,*,#2873,.T.);
#3789=ORIENTED_EDGE('',*,*,#2875,.F.);
#3790=ORIENTED_EDGE('',*,*,#2876,.F.);
#3791=ORIENTED_EDGE('',*,*,#2877,.F.);
#3792=ORIENTED_EDGE('',*,*,#2876,.T.);
#3793=ORIENTED_EDGE('',*,*,#2878,.F.);
#3794=ORIENTED_EDGE('',*,*,#2879,.F.);
#3795=ORIENTED_EDGE('',*,*,#2880,.F.);
#3796=ORIENTED_EDGE('',*,*,#2879,.T.);
#3797=ORIENTED_EDGE('',*,*,#2881,.F.);
#3798=ORIENTED_EDGE('',*,*,#2882,.F.);
#3799=ORIENTED_EDGE('',*,*,#2883,.F.);
#3800=ORIENTED_EDGE('',*,*,#2882,.T.);
#3801=ORIENTED_EDGE('',*,*,#2884,.F.);
#3802=ORIENTED_EDGE('',*,*,#2885,.F.);
#3803=ORIENTED_EDGE('',*,*,#2886,.F.);
#3804=ORIENTED_EDGE('',*,*,#2885,.T.);
#3805=ORIENTED_EDGE('',*,*,#2887,.F.);
#3806=ORIENTED_EDGE('',*,*,#2888,.F.);
#3807=ORIENTED_EDGE('',*,*,#2889,.F.);
#3808=ORIENTED_EDGE('',*,*,#2888,.T.);
#3809=ORIENTED_EDGE('',*,*,#2890,.F.);
#3810=ORIENTED_EDGE('',*,*,#2891,.F.);
#3811=ORIENTED_EDGE('',*,*,#2892,.F.);
#3812=ORIENTED_EDGE('',*,*,#2891,.T.);
#3813=ORIENTED_EDGE('',*,*,#2893,.F.);
#3814=ORIENTED_EDGE('',*,*,#2894,.F.);
#3815=ORIENTED_EDGE('',*,*,#2895,.F.);
#3816=ORIENTED_EDGE('',*,*,#2894,.T.);
#3817=ORIENTED_EDGE('',*,*,#2896,.F.);
#3818=ORIENTED_EDGE('',*,*,#2897,.F.);
#3819=ORIENTED_EDGE('',*,*,#2898,.F.);
#3820=ORIENTED_EDGE('',*,*,#2897,.T.);
#3821=ORIENTED_EDGE('',*,*,#2899,.F.);
#3822=ORIENTED_EDGE('',*,*,#2900,.F.);
#3823=ORIENTED_EDGE('',*,*,#2901,.F.);
#3824=ORIENTED_EDGE('',*,*,#2900,.T.);
#3825=ORIENTED_EDGE('',*,*,#2902,.F.);
#3826=ORIENTED_EDGE('',*,*,#2903,.F.);
#3827=ORIENTED_EDGE('',*,*,#2904,.F.);
#3828=ORIENTED_EDGE('',*,*,#2903,.T.);
#3829=ORIENTED_EDGE('',*,*,#2905,.F.);
#3830=ORIENTED_EDGE('',*,*,#2856,.F.);
#3831=ORIENTED_EDGE('',*,*,#2905,.T.);
#3832=ORIENTED_EDGE('',*,*,#2902,.T.);
#3833=ORIENTED_EDGE('',*,*,#2899,.T.);
#3834=ORIENTED_EDGE('',*,*,#2896,.T.);
#3835=ORIENTED_EDGE('',*,*,#2893,.T.);
#3836=ORIENTED_EDGE('',*,*,#2890,.T.);
#3837=ORIENTED_EDGE('',*,*,#2887,.T.);
#3838=ORIENTED_EDGE('',*,*,#2884,.T.);
#3839=ORIENTED_EDGE('',*,*,#2881,.T.);
#3840=ORIENTED_EDGE('',*,*,#2878,.T.);
#3841=ORIENTED_EDGE('',*,*,#2875,.T.);
#3842=ORIENTED_EDGE('',*,*,#2872,.T.);
#3843=ORIENTED_EDGE('',*,*,#2869,.T.);
#3844=ORIENTED_EDGE('',*,*,#2866,.T.);
#3845=ORIENTED_EDGE('',*,*,#2863,.T.);
#3846=ORIENTED_EDGE('',*,*,#2860,.T.);
#3847=ORIENTED_EDGE('',*,*,#2857,.T.);
#3848=ORIENTED_EDGE('',*,*,#2906,.F.);
#3849=ORIENTED_EDGE('',*,*,#2907,.T.);
#3850=ORIENTED_EDGE('',*,*,#2908,.F.);
#3851=ORIENTED_EDGE('',*,*,#2909,.F.);
#3852=ORIENTED_EDGE('',*,*,#2910,.F.);
#3853=ORIENTED_EDGE('',*,*,#2909,.T.);
#3854=ORIENTED_EDGE('',*,*,#2911,.F.);
#3855=ORIENTED_EDGE('',*,*,#2912,.F.);
#3856=ORIENTED_EDGE('',*,*,#2913,.F.);
#3857=ORIENTED_EDGE('',*,*,#2912,.T.);
#3858=ORIENTED_EDGE('',*,*,#2914,.F.);
#3859=ORIENTED_EDGE('',*,*,#2915,.F.);
#3860=ORIENTED_EDGE('',*,*,#2916,.F.);
#3861=ORIENTED_EDGE('',*,*,#2915,.T.);
#3862=ORIENTED_EDGE('',*,*,#2917,.F.);
#3863=ORIENTED_EDGE('',*,*,#2918,.F.);
#3864=ORIENTED_EDGE('',*,*,#2919,.F.);
#3865=ORIENTED_EDGE('',*,*,#2918,.T.);
#3866=ORIENTED_EDGE('',*,*,#2920,.F.);
#3867=ORIENTED_EDGE('',*,*,#2921,.F.);
#3868=ORIENTED_EDGE('',*,*,#2922,.F.);
#3869=ORIENTED_EDGE('',*,*,#2921,.T.);
#3870=ORIENTED_EDGE('',*,*,#2923,.F.);
#3871=ORIENTED_EDGE('',*,*,#2924,.F.);
#3872=ORIENTED_EDGE('',*,*,#2925,.F.);
#3873=ORIENTED_EDGE('',*,*,#2924,.T.);
#3874=ORIENTED_EDGE('',*,*,#2926,.F.);
#3875=ORIENTED_EDGE('',*,*,#2927,.F.);
#3876=ORIENTED_EDGE('',*,*,#2928,.F.);
#3877=ORIENTED_EDGE('',*,*,#2927,.T.);
#3878=ORIENTED_EDGE('',*,*,#2929,.F.);
#3879=ORIENTED_EDGE('',*,*,#2930,.F.);
#3880=ORIENTED_EDGE('',*,*,#2931,.F.);
#3881=ORIENTED_EDGE('',*,*,#2930,.T.);
#3882=ORIENTED_EDGE('',*,*,#2932,.F.);
#3883=ORIENTED_EDGE('',*,*,#2933,.F.);
#3884=ORIENTED_EDGE('',*,*,#2934,.F.);
#3885=ORIENTED_EDGE('',*,*,#2933,.T.);
#3886=ORIENTED_EDGE('',*,*,#2935,.F.);
#3887=ORIENTED_EDGE('',*,*,#2907,.F.);
#3888=ORIENTED_EDGE('',*,*,#2936,.F.);
#3889=ORIENTED_EDGE('',*,*,#2937,.T.);
#3890=ORIENTED_EDGE('',*,*,#2938,.F.);
#3891=ORIENTED_EDGE('',*,*,#2939,.F.);
#3892=ORIENTED_EDGE('',*,*,#2940,.F.);
#3893=ORIENTED_EDGE('',*,*,#2939,.T.);
#3894=ORIENTED_EDGE('',*,*,#2941,.F.);
#3895=ORIENTED_EDGE('',*,*,#2942,.F.);
#3896=ORIENTED_EDGE('',*,*,#2943,.F.);
#3897=ORIENTED_EDGE('',*,*,#2942,.T.);
#3898=ORIENTED_EDGE('',*,*,#2944,.F.);
#3899=ORIENTED_EDGE('',*,*,#2945,.F.);
#3900=ORIENTED_EDGE('',*,*,#2946,.F.);
#3901=ORIENTED_EDGE('',*,*,#2945,.T.);
#3902=ORIENTED_EDGE('',*,*,#2947,.F.);
#3903=ORIENTED_EDGE('',*,*,#2948,.F.);
#3904=ORIENTED_EDGE('',*,*,#2949,.F.);
#3905=ORIENTED_EDGE('',*,*,#2948,.T.);
#3906=ORIENTED_EDGE('',*,*,#2950,.F.);
#3907=ORIENTED_EDGE('',*,*,#2951,.F.);
#3908=ORIENTED_EDGE('',*,*,#2952,.F.);
#3909=ORIENTED_EDGE('',*,*,#2951,.T.);
#3910=ORIENTED_EDGE('',*,*,#2953,.F.);
#3911=ORIENTED_EDGE('',*,*,#2954,.F.);
#3912=ORIENTED_EDGE('',*,*,#2955,.F.);
#3913=ORIENTED_EDGE('',*,*,#2954,.T.);
#3914=ORIENTED_EDGE('',*,*,#2956,.F.);
#3915=ORIENTED_EDGE('',*,*,#2957,.F.);
#3916=ORIENTED_EDGE('',*,*,#2958,.F.);
#3917=ORIENTED_EDGE('',*,*,#2957,.T.);
#3918=ORIENTED_EDGE('',*,*,#2959,.F.);
#3919=ORIENTED_EDGE('',*,*,#2960,.F.);
#3920=ORIENTED_EDGE('',*,*,#2961,.F.);
#3921=ORIENTED_EDGE('',*,*,#2960,.T.);
#3922=ORIENTED_EDGE('',*,*,#2962,.F.);
#3923=ORIENTED_EDGE('',*,*,#2963,.F.);
#3924=ORIENTED_EDGE('',*,*,#2964,.F.);
#3925=ORIENTED_EDGE('',*,*,#2963,.T.);
#3926=ORIENTED_EDGE('',*,*,#2965,.F.);
#3927=ORIENTED_EDGE('',*,*,#2966,.F.);
#3928=ORIENTED_EDGE('',*,*,#2967,.F.);
#3929=ORIENTED_EDGE('',*,*,#2966,.T.);
#3930=ORIENTED_EDGE('',*,*,#2968,.F.);
#3931=ORIENTED_EDGE('',*,*,#2969,.F.);
#3932=ORIENTED_EDGE('',*,*,#2970,.F.);
#3933=ORIENTED_EDGE('',*,*,#2969,.T.);
#3934=ORIENTED_EDGE('',*,*,#2971,.F.);
#3935=ORIENTED_EDGE('',*,*,#2972,.F.);
#3936=ORIENTED_EDGE('',*,*,#2973,.F.);
#3937=ORIENTED_EDGE('',*,*,#2972,.T.);
#3938=ORIENTED_EDGE('',*,*,#2974,.F.);
#3939=ORIENTED_EDGE('',*,*,#2975,.F.);
#3940=ORIENTED_EDGE('',*,*,#2976,.F.);
#3941=ORIENTED_EDGE('',*,*,#2975,.T.);
#3942=ORIENTED_EDGE('',*,*,#2977,.F.);
#3943=ORIENTED_EDGE('',*,*,#2978,.F.);
#3944=ORIENTED_EDGE('',*,*,#2979,.F.);
#3945=ORIENTED_EDGE('',*,*,#2978,.T.);
#3946=ORIENTED_EDGE('',*,*,#2980,.F.);
#3947=ORIENTED_EDGE('',*,*,#2981,.F.);
#3948=ORIENTED_EDGE('',*,*,#2982,.F.);
#3949=ORIENTED_EDGE('',*,*,#2981,.T.);
#3950=ORIENTED_EDGE('',*,*,#2983,.F.);
#3951=ORIENTED_EDGE('',*,*,#2984,.F.);
#3952=ORIENTED_EDGE('',*,*,#2985,.F.);
#3953=ORIENTED_EDGE('',*,*,#2984,.T.);
#3954=ORIENTED_EDGE('',*,*,#2986,.F.);
#3955=ORIENTED_EDGE('',*,*,#2987,.F.);
#3956=ORIENTED_EDGE('',*,*,#2988,.F.);
#3957=ORIENTED_EDGE('',*,*,#2987,.T.);
#3958=ORIENTED_EDGE('',*,*,#2989,.F.);
#3959=ORIENTED_EDGE('',*,*,#2990,.F.);
#3960=ORIENTED_EDGE('',*,*,#2991,.F.);
#3961=ORIENTED_EDGE('',*,*,#2990,.T.);
#3962=ORIENTED_EDGE('',*,*,#2992,.F.);
#3963=ORIENTED_EDGE('',*,*,#2993,.F.);
#3964=ORIENTED_EDGE('',*,*,#2994,.F.);
#3965=ORIENTED_EDGE('',*,*,#2993,.T.);
#3966=ORIENTED_EDGE('',*,*,#2995,.F.);
#3967=ORIENTED_EDGE('',*,*,#2996,.F.);
#3968=ORIENTED_EDGE('',*,*,#2997,.F.);
#3969=ORIENTED_EDGE('',*,*,#2996,.T.);
#3970=ORIENTED_EDGE('',*,*,#2998,.F.);
#3971=ORIENTED_EDGE('',*,*,#2999,.F.);
#3972=ORIENTED_EDGE('',*,*,#3000,.F.);
#3973=ORIENTED_EDGE('',*,*,#2999,.T.);
#3974=ORIENTED_EDGE('',*,*,#3001,.F.);
#3975=ORIENTED_EDGE('',*,*,#3002,.F.);
#3976=ORIENTED_EDGE('',*,*,#3003,.F.);
#3977=ORIENTED_EDGE('',*,*,#3002,.T.);
#3978=ORIENTED_EDGE('',*,*,#3004,.F.);
#3979=ORIENTED_EDGE('',*,*,#3005,.F.);
#3980=ORIENTED_EDGE('',*,*,#3006,.F.);
#3981=ORIENTED_EDGE('',*,*,#3005,.T.);
#3982=ORIENTED_EDGE('',*,*,#3007,.F.);
#3983=ORIENTED_EDGE('',*,*,#3008,.F.);
#3984=ORIENTED_EDGE('',*,*,#3009,.F.);
#3985=ORIENTED_EDGE('',*,*,#3008,.T.);
#3986=ORIENTED_EDGE('',*,*,#3010,.F.);
#3987=ORIENTED_EDGE('',*,*,#3011,.F.);
#3988=ORIENTED_EDGE('',*,*,#3012,.F.);
#3989=ORIENTED_EDGE('',*,*,#3011,.T.);
#3990=ORIENTED_EDGE('',*,*,#3013,.F.);
#3991=ORIENTED_EDGE('',*,*,#3014,.F.);
#3992=ORIENTED_EDGE('',*,*,#3015,.F.);
#3993=ORIENTED_EDGE('',*,*,#3014,.T.);
#3994=ORIENTED_EDGE('',*,*,#3016,.F.);
#3995=ORIENTED_EDGE('',*,*,#2937,.F.);
#3996=ORIENTED_EDGE('',*,*,#3016,.T.);
#3997=ORIENTED_EDGE('',*,*,#3013,.T.);
#3998=ORIENTED_EDGE('',*,*,#3010,.T.);
#3999=ORIENTED_EDGE('',*,*,#3007,.T.);
#4000=ORIENTED_EDGE('',*,*,#3004,.T.);
#4001=ORIENTED_EDGE('',*,*,#3001,.T.);
#4002=ORIENTED_EDGE('',*,*,#2998,.T.);
#4003=ORIENTED_EDGE('',*,*,#2995,.T.);
#4004=ORIENTED_EDGE('',*,*,#2992,.T.);
#4005=ORIENTED_EDGE('',*,*,#2989,.T.);
#4006=ORIENTED_EDGE('',*,*,#2986,.T.);
#4007=ORIENTED_EDGE('',*,*,#2983,.T.);
#4008=ORIENTED_EDGE('',*,*,#2980,.T.);
#4009=ORIENTED_EDGE('',*,*,#2977,.T.);
#4010=ORIENTED_EDGE('',*,*,#2974,.T.);
#4011=ORIENTED_EDGE('',*,*,#2971,.T.);
#4012=ORIENTED_EDGE('',*,*,#2968,.T.);
#4013=ORIENTED_EDGE('',*,*,#2965,.T.);
#4014=ORIENTED_EDGE('',*,*,#2962,.T.);
#4015=ORIENTED_EDGE('',*,*,#2959,.T.);
#4016=ORIENTED_EDGE('',*,*,#2956,.T.);
#4017=ORIENTED_EDGE('',*,*,#2953,.T.);
#4018=ORIENTED_EDGE('',*,*,#2950,.T.);
#4019=ORIENTED_EDGE('',*,*,#2947,.T.);
#4020=ORIENTED_EDGE('',*,*,#2944,.T.);
#4021=ORIENTED_EDGE('',*,*,#2941,.T.);
#4022=ORIENTED_EDGE('',*,*,#2938,.T.);
#4023=ORIENTED_EDGE('',*,*,#2935,.T.);
#4024=ORIENTED_EDGE('',*,*,#2932,.T.);
#4025=ORIENTED_EDGE('',*,*,#2929,.T.);
#4026=ORIENTED_EDGE('',*,*,#2926,.T.);
#4027=ORIENTED_EDGE('',*,*,#2923,.T.);
#4028=ORIENTED_EDGE('',*,*,#2920,.T.);
#4029=ORIENTED_EDGE('',*,*,#2917,.T.);
#4030=ORIENTED_EDGE('',*,*,#2914,.T.);
#4031=ORIENTED_EDGE('',*,*,#2911,.T.);
#4032=ORIENTED_EDGE('',*,*,#2908,.T.);
#4033=ORIENTED_EDGE('',*,*,#2906,.T.);
#4034=ORIENTED_EDGE('',*,*,#2910,.T.);
#4035=ORIENTED_EDGE('',*,*,#2913,.T.);
#4036=ORIENTED_EDGE('',*,*,#2916,.T.);
#4037=ORIENTED_EDGE('',*,*,#2919,.T.);
#4038=ORIENTED_EDGE('',*,*,#2922,.T.);
#4039=ORIENTED_EDGE('',*,*,#2925,.T.);
#4040=ORIENTED_EDGE('',*,*,#2928,.T.);
#4041=ORIENTED_EDGE('',*,*,#2931,.T.);
#4042=ORIENTED_EDGE('',*,*,#2934,.T.);
#4043=ORIENTED_EDGE('',*,*,#3017,.F.);
#4044=ORIENTED_EDGE('',*,*,#3018,.T.);
#4045=ORIENTED_EDGE('',*,*,#3019,.F.);
#4046=ORIENTED_EDGE('',*,*,#3020,.F.);
#4047=ORIENTED_EDGE('',*,*,#3021,.F.);
#4048=ORIENTED_EDGE('',*,*,#3020,.T.);
#4049=ORIENTED_EDGE('',*,*,#3022,.F.);
#4050=ORIENTED_EDGE('',*,*,#3023,.F.);
#4051=ORIENTED_EDGE('',*,*,#3024,.F.);
#4052=ORIENTED_EDGE('',*,*,#3023,.T.);
#4053=ORIENTED_EDGE('',*,*,#3025,.F.);
#4054=ORIENTED_EDGE('',*,*,#3026,.F.);
#4055=ORIENTED_EDGE('',*,*,#3027,.F.);
#4056=ORIENTED_EDGE('',*,*,#3026,.T.);
#4057=ORIENTED_EDGE('',*,*,#3028,.F.);
#4058=ORIENTED_EDGE('',*,*,#3029,.F.);
#4059=ORIENTED_EDGE('',*,*,#3030,.F.);
#4060=ORIENTED_EDGE('',*,*,#3029,.T.);
#4061=ORIENTED_EDGE('',*,*,#3031,.F.);
#4062=ORIENTED_EDGE('',*,*,#3032,.F.);
#4063=ORIENTED_EDGE('',*,*,#3033,.F.);
#4064=ORIENTED_EDGE('',*,*,#3032,.T.);
#4065=ORIENTED_EDGE('',*,*,#3034,.F.);
#4066=ORIENTED_EDGE('',*,*,#3035,.F.);
#4067=ORIENTED_EDGE('',*,*,#3036,.F.);
#4068=ORIENTED_EDGE('',*,*,#3035,.T.);
#4069=ORIENTED_EDGE('',*,*,#3037,.F.);
#4070=ORIENTED_EDGE('',*,*,#3038,.F.);
#4071=ORIENTED_EDGE('',*,*,#3039,.F.);
#4072=ORIENTED_EDGE('',*,*,#3038,.T.);
#4073=ORIENTED_EDGE('',*,*,#3040,.F.);
#4074=ORIENTED_EDGE('',*,*,#3041,.F.);
#4075=ORIENTED_EDGE('',*,*,#3042,.F.);
#4076=ORIENTED_EDGE('',*,*,#3041,.T.);
#4077=ORIENTED_EDGE('',*,*,#3043,.F.);
#4078=ORIENTED_EDGE('',*,*,#3044,.F.);
#4079=ORIENTED_EDGE('',*,*,#3045,.F.);
#4080=ORIENTED_EDGE('',*,*,#3044,.T.);
#4081=ORIENTED_EDGE('',*,*,#3046,.F.);
#4082=ORIENTED_EDGE('',*,*,#3047,.F.);
#4083=ORIENTED_EDGE('',*,*,#3048,.F.);
#4084=ORIENTED_EDGE('',*,*,#3047,.T.);
#4085=ORIENTED_EDGE('',*,*,#3049,.F.);
#4086=ORIENTED_EDGE('',*,*,#3050,.F.);
#4087=ORIENTED_EDGE('',*,*,#3051,.F.);
#4088=ORIENTED_EDGE('',*,*,#3050,.T.);
#4089=ORIENTED_EDGE('',*,*,#3052,.F.);
#4090=ORIENTED_EDGE('',*,*,#3053,.F.);
#4091=ORIENTED_EDGE('',*,*,#3054,.F.);
#4092=ORIENTED_EDGE('',*,*,#3053,.T.);
#4093=ORIENTED_EDGE('',*,*,#3055,.F.);
#4094=ORIENTED_EDGE('',*,*,#3056,.F.);
#4095=ORIENTED_EDGE('',*,*,#3057,.F.);
#4096=ORIENTED_EDGE('',*,*,#3056,.T.);
#4097=ORIENTED_EDGE('',*,*,#3058,.F.);
#4098=ORIENTED_EDGE('',*,*,#3059,.F.);
#4099=ORIENTED_EDGE('',*,*,#3060,.F.);
#4100=ORIENTED_EDGE('',*,*,#3059,.T.);
#4101=ORIENTED_EDGE('',*,*,#3061,.F.);
#4102=ORIENTED_EDGE('',*,*,#3062,.F.);
#4103=ORIENTED_EDGE('',*,*,#3063,.F.);
#4104=ORIENTED_EDGE('',*,*,#3062,.T.);
#4105=ORIENTED_EDGE('',*,*,#3064,.F.);
#4106=ORIENTED_EDGE('',*,*,#3065,.F.);
#4107=ORIENTED_EDGE('',*,*,#3066,.F.);
#4108=ORIENTED_EDGE('',*,*,#3065,.T.);
#4109=ORIENTED_EDGE('',*,*,#3067,.F.);
#4110=ORIENTED_EDGE('',*,*,#3068,.F.);
#4111=ORIENTED_EDGE('',*,*,#3069,.F.);
#4112=ORIENTED_EDGE('',*,*,#3068,.T.);
#4113=ORIENTED_EDGE('',*,*,#3070,.F.);
#4114=ORIENTED_EDGE('',*,*,#3071,.F.);
#4115=ORIENTED_EDGE('',*,*,#3072,.F.);
#4116=ORIENTED_EDGE('',*,*,#3071,.T.);
#4117=ORIENTED_EDGE('',*,*,#3073,.F.);
#4118=ORIENTED_EDGE('',*,*,#3074,.F.);
#4119=ORIENTED_EDGE('',*,*,#3075,.F.);
#4120=ORIENTED_EDGE('',*,*,#3074,.T.);
#4121=ORIENTED_EDGE('',*,*,#3076,.F.);
#4122=ORIENTED_EDGE('',*,*,#3077,.F.);
#4123=ORIENTED_EDGE('',*,*,#3078,.F.);
#4124=ORIENTED_EDGE('',*,*,#3077,.T.);
#4125=ORIENTED_EDGE('',*,*,#3079,.F.);
#4126=ORIENTED_EDGE('',*,*,#3080,.F.);
#4127=ORIENTED_EDGE('',*,*,#3081,.F.);
#4128=ORIENTED_EDGE('',*,*,#3080,.T.);
#4129=ORIENTED_EDGE('',*,*,#3082,.F.);
#4130=ORIENTED_EDGE('',*,*,#3083,.F.);
#4131=ORIENTED_EDGE('',*,*,#3084,.F.);
#4132=ORIENTED_EDGE('',*,*,#3083,.T.);
#4133=ORIENTED_EDGE('',*,*,#3085,.F.);
#4134=ORIENTED_EDGE('',*,*,#3086,.F.);
#4135=ORIENTED_EDGE('',*,*,#3087,.F.);
#4136=ORIENTED_EDGE('',*,*,#3086,.T.);
#4137=ORIENTED_EDGE('',*,*,#3088,.F.);
#4138=ORIENTED_EDGE('',*,*,#3089,.F.);
#4139=ORIENTED_EDGE('',*,*,#3090,.F.);
#4140=ORIENTED_EDGE('',*,*,#3089,.T.);
#4141=ORIENTED_EDGE('',*,*,#3091,.F.);
#4142=ORIENTED_EDGE('',*,*,#3092,.F.);
#4143=ORIENTED_EDGE('',*,*,#3093,.F.);
#4144=ORIENTED_EDGE('',*,*,#3092,.T.);
#4145=ORIENTED_EDGE('',*,*,#3094,.F.);
#4146=ORIENTED_EDGE('',*,*,#3095,.F.);
#4147=ORIENTED_EDGE('',*,*,#3096,.F.);
#4148=ORIENTED_EDGE('',*,*,#3095,.T.);
#4149=ORIENTED_EDGE('',*,*,#3097,.F.);
#4150=ORIENTED_EDGE('',*,*,#3098,.F.);
#4151=ORIENTED_EDGE('',*,*,#3099,.F.);
#4152=ORIENTED_EDGE('',*,*,#3098,.T.);
#4153=ORIENTED_EDGE('',*,*,#3100,.F.);
#4154=ORIENTED_EDGE('',*,*,#3101,.F.);
#4155=ORIENTED_EDGE('',*,*,#3102,.F.);
#4156=ORIENTED_EDGE('',*,*,#3101,.T.);
#4157=ORIENTED_EDGE('',*,*,#3103,.F.);
#4158=ORIENTED_EDGE('',*,*,#3104,.F.);
#4159=ORIENTED_EDGE('',*,*,#3105,.F.);
#4160=ORIENTED_EDGE('',*,*,#3104,.T.);
#4161=ORIENTED_EDGE('',*,*,#3106,.F.);
#4162=ORIENTED_EDGE('',*,*,#3107,.F.);
#4163=ORIENTED_EDGE('',*,*,#3108,.F.);
#4164=ORIENTED_EDGE('',*,*,#3107,.T.);
#4165=ORIENTED_EDGE('',*,*,#3109,.F.);
#4166=ORIENTED_EDGE('',*,*,#3110,.F.);
#4167=ORIENTED_EDGE('',*,*,#3111,.F.);
#4168=ORIENTED_EDGE('',*,*,#3110,.T.);
#4169=ORIENTED_EDGE('',*,*,#3112,.F.);
#4170=ORIENTED_EDGE('',*,*,#3113,.F.);
#4171=ORIENTED_EDGE('',*,*,#3114,.F.);
#4172=ORIENTED_EDGE('',*,*,#3113,.T.);
#4173=ORIENTED_EDGE('',*,*,#3115,.F.);
#4174=ORIENTED_EDGE('',*,*,#3018,.F.);
#4175=ORIENTED_EDGE('',*,*,#3115,.T.);
#4176=ORIENTED_EDGE('',*,*,#3112,.T.);
#4177=ORIENTED_EDGE('',*,*,#3109,.T.);
#4178=ORIENTED_EDGE('',*,*,#3106,.T.);
#4179=ORIENTED_EDGE('',*,*,#3103,.T.);
#4180=ORIENTED_EDGE('',*,*,#3100,.T.);
#4181=ORIENTED_EDGE('',*,*,#3097,.T.);
#4182=ORIENTED_EDGE('',*,*,#3094,.T.);
#4183=ORIENTED_EDGE('',*,*,#3091,.T.);
#4184=ORIENTED_EDGE('',*,*,#3088,.T.);
#4185=ORIENTED_EDGE('',*,*,#3085,.T.);
#4186=ORIENTED_EDGE('',*,*,#3082,.T.);
#4187=ORIENTED_EDGE('',*,*,#3079,.T.);
#4188=ORIENTED_EDGE('',*,*,#3076,.T.);
#4189=ORIENTED_EDGE('',*,*,#3073,.T.);
#4190=ORIENTED_EDGE('',*,*,#3070,.T.);
#4191=ORIENTED_EDGE('',*,*,#3067,.T.);
#4192=ORIENTED_EDGE('',*,*,#3064,.T.);
#4193=ORIENTED_EDGE('',*,*,#3061,.T.);
#4194=ORIENTED_EDGE('',*,*,#3058,.T.);
#4195=ORIENTED_EDGE('',*,*,#3055,.T.);
#4196=ORIENTED_EDGE('',*,*,#3052,.T.);
#4197=ORIENTED_EDGE('',*,*,#3049,.T.);
#4198=ORIENTED_EDGE('',*,*,#3046,.T.);
#4199=ORIENTED_EDGE('',*,*,#3043,.T.);
#4200=ORIENTED_EDGE('',*,*,#3040,.T.);
#4201=ORIENTED_EDGE('',*,*,#3037,.T.);
#4202=ORIENTED_EDGE('',*,*,#3034,.T.);
#4203=ORIENTED_EDGE('',*,*,#3031,.T.);
#4204=ORIENTED_EDGE('',*,*,#3028,.T.);
#4205=ORIENTED_EDGE('',*,*,#3025,.T.);
#4206=ORIENTED_EDGE('',*,*,#3022,.T.);
#4207=ORIENTED_EDGE('',*,*,#3019,.T.);
#4208=ORIENTED_EDGE('',*,*,#3116,.F.);
#4209=ORIENTED_EDGE('',*,*,#3117,.T.);
#4210=ORIENTED_EDGE('',*,*,#3118,.F.);
#4211=ORIENTED_EDGE('',*,*,#3119,.F.);
#4212=ORIENTED_EDGE('',*,*,#3120,.F.);
#4213=ORIENTED_EDGE('',*,*,#3119,.T.);
#4214=ORIENTED_EDGE('',*,*,#3121,.F.);
#4215=ORIENTED_EDGE('',*,*,#3122,.F.);
#4216=ORIENTED_EDGE('',*,*,#3123,.F.);
#4217=ORIENTED_EDGE('',*,*,#3122,.T.);
#4218=ORIENTED_EDGE('',*,*,#3124,.F.);
#4219=ORIENTED_EDGE('',*,*,#3125,.F.);
#4220=ORIENTED_EDGE('',*,*,#3126,.F.);
#4221=ORIENTED_EDGE('',*,*,#3125,.T.);
#4222=ORIENTED_EDGE('',*,*,#3127,.F.);
#4223=ORIENTED_EDGE('',*,*,#3128,.F.);
#4224=ORIENTED_EDGE('',*,*,#3129,.F.);
#4225=ORIENTED_EDGE('',*,*,#3128,.T.);
#4226=ORIENTED_EDGE('',*,*,#3130,.F.);
#4227=ORIENTED_EDGE('',*,*,#3131,.F.);
#4228=ORIENTED_EDGE('',*,*,#3132,.F.);
#4229=ORIENTED_EDGE('',*,*,#3131,.T.);
#4230=ORIENTED_EDGE('',*,*,#3133,.F.);
#4231=ORIENTED_EDGE('',*,*,#3134,.F.);
#4232=ORIENTED_EDGE('',*,*,#3135,.F.);
#4233=ORIENTED_EDGE('',*,*,#3134,.T.);
#4234=ORIENTED_EDGE('',*,*,#3136,.F.);
#4235=ORIENTED_EDGE('',*,*,#3137,.F.);
#4236=ORIENTED_EDGE('',*,*,#3138,.F.);
#4237=ORIENTED_EDGE('',*,*,#3137,.T.);
#4238=ORIENTED_EDGE('',*,*,#3139,.F.);
#4239=ORIENTED_EDGE('',*,*,#3140,.F.);
#4240=ORIENTED_EDGE('',*,*,#3141,.F.);
#4241=ORIENTED_EDGE('',*,*,#3140,.T.);
#4242=ORIENTED_EDGE('',*,*,#3142,.F.);
#4243=ORIENTED_EDGE('',*,*,#3143,.F.);
#4244=ORIENTED_EDGE('',*,*,#3144,.F.);
#4245=ORIENTED_EDGE('',*,*,#3143,.T.);
#4246=ORIENTED_EDGE('',*,*,#3145,.F.);
#4247=ORIENTED_EDGE('',*,*,#3146,.F.);
#4248=ORIENTED_EDGE('',*,*,#3147,.F.);
#4249=ORIENTED_EDGE('',*,*,#3146,.T.);
#4250=ORIENTED_EDGE('',*,*,#3148,.F.);
#4251=ORIENTED_EDGE('',*,*,#3149,.F.);
#4252=ORIENTED_EDGE('',*,*,#3150,.F.);
#4253=ORIENTED_EDGE('',*,*,#3149,.T.);
#4254=ORIENTED_EDGE('',*,*,#3151,.F.);
#4255=ORIENTED_EDGE('',*,*,#3152,.F.);
#4256=ORIENTED_EDGE('',*,*,#3153,.F.);
#4257=ORIENTED_EDGE('',*,*,#3152,.T.);
#4258=ORIENTED_EDGE('',*,*,#3154,.F.);
#4259=ORIENTED_EDGE('',*,*,#3155,.F.);
#4260=ORIENTED_EDGE('',*,*,#3156,.F.);
#4261=ORIENTED_EDGE('',*,*,#3155,.T.);
#4262=ORIENTED_EDGE('',*,*,#3157,.F.);
#4263=ORIENTED_EDGE('',*,*,#3158,.F.);
#4264=ORIENTED_EDGE('',*,*,#3159,.F.);
#4265=ORIENTED_EDGE('',*,*,#3158,.T.);
#4266=ORIENTED_EDGE('',*,*,#3160,.F.);
#4267=ORIENTED_EDGE('',*,*,#3161,.F.);
#4268=ORIENTED_EDGE('',*,*,#3162,.F.);
#4269=ORIENTED_EDGE('',*,*,#3161,.T.);
#4270=ORIENTED_EDGE('',*,*,#3163,.F.);
#4271=ORIENTED_EDGE('',*,*,#3164,.F.);
#4272=ORIENTED_EDGE('',*,*,#3165,.F.);
#4273=ORIENTED_EDGE('',*,*,#3164,.T.);
#4274=ORIENTED_EDGE('',*,*,#3166,.F.);
#4275=ORIENTED_EDGE('',*,*,#3167,.F.);
#4276=ORIENTED_EDGE('',*,*,#3168,.F.);
#4277=ORIENTED_EDGE('',*,*,#3167,.T.);
#4278=ORIENTED_EDGE('',*,*,#3169,.F.);
#4279=ORIENTED_EDGE('',*,*,#3170,.F.);
#4280=ORIENTED_EDGE('',*,*,#3171,.F.);
#4281=ORIENTED_EDGE('',*,*,#3170,.T.);
#4282=ORIENTED_EDGE('',*,*,#3172,.F.);
#4283=ORIENTED_EDGE('',*,*,#3173,.F.);
#4284=ORIENTED_EDGE('',*,*,#3174,.F.);
#4285=ORIENTED_EDGE('',*,*,#3173,.T.);
#4286=ORIENTED_EDGE('',*,*,#3175,.F.);
#4287=ORIENTED_EDGE('',*,*,#3176,.F.);
#4288=ORIENTED_EDGE('',*,*,#3177,.F.);
#4289=ORIENTED_EDGE('',*,*,#3176,.T.);
#4290=ORIENTED_EDGE('',*,*,#3178,.F.);
#4291=ORIENTED_EDGE('',*,*,#3179,.F.);
#4292=ORIENTED_EDGE('',*,*,#3180,.F.);
#4293=ORIENTED_EDGE('',*,*,#3179,.T.);
#4294=ORIENTED_EDGE('',*,*,#3181,.F.);
#4295=ORIENTED_EDGE('',*,*,#3182,.F.);
#4296=ORIENTED_EDGE('',*,*,#3183,.F.);
#4297=ORIENTED_EDGE('',*,*,#3182,.T.);
#4298=ORIENTED_EDGE('',*,*,#3184,.F.);
#4299=ORIENTED_EDGE('',*,*,#3185,.F.);
#4300=ORIENTED_EDGE('',*,*,#3186,.F.);
#4301=ORIENTED_EDGE('',*,*,#3185,.T.);
#4302=ORIENTED_EDGE('',*,*,#3187,.F.);
#4303=ORIENTED_EDGE('',*,*,#3188,.F.);
#4304=ORIENTED_EDGE('',*,*,#3189,.F.);
#4305=ORIENTED_EDGE('',*,*,#3188,.T.);
#4306=ORIENTED_EDGE('',*,*,#3190,.F.);
#4307=ORIENTED_EDGE('',*,*,#3191,.F.);
#4308=ORIENTED_EDGE('',*,*,#3192,.F.);
#4309=ORIENTED_EDGE('',*,*,#3191,.T.);
#4310=ORIENTED_EDGE('',*,*,#3193,.F.);
#4311=ORIENTED_EDGE('',*,*,#3194,.F.);
#4312=ORIENTED_EDGE('',*,*,#3195,.F.);
#4313=ORIENTED_EDGE('',*,*,#3194,.T.);
#4314=ORIENTED_EDGE('',*,*,#3196,.F.);
#4315=ORIENTED_EDGE('',*,*,#3197,.F.);
#4316=ORIENTED_EDGE('',*,*,#3198,.F.);
#4317=ORIENTED_EDGE('',*,*,#3197,.T.);
#4318=ORIENTED_EDGE('',*,*,#3199,.F.);
#4319=ORIENTED_EDGE('',*,*,#3117,.F.);
#4320=ORIENTED_EDGE('',*,*,#3199,.T.);
#4321=ORIENTED_EDGE('',*,*,#3196,.T.);
#4322=ORIENTED_EDGE('',*,*,#3193,.T.);
#4323=ORIENTED_EDGE('',*,*,#3190,.T.);
#4324=ORIENTED_EDGE('',*,*,#3187,.T.);
#4325=ORIENTED_EDGE('',*,*,#3184,.T.);
#4326=ORIENTED_EDGE('',*,*,#3181,.T.);
#4327=ORIENTED_EDGE('',*,*,#3178,.T.);
#4328=ORIENTED_EDGE('',*,*,#3175,.T.);
#4329=ORIENTED_EDGE('',*,*,#3172,.T.);
#4330=ORIENTED_EDGE('',*,*,#3169,.T.);
#4331=ORIENTED_EDGE('',*,*,#3166,.T.);
#4332=ORIENTED_EDGE('',*,*,#3163,.T.);
#4333=ORIENTED_EDGE('',*,*,#3160,.T.);
#4334=ORIENTED_EDGE('',*,*,#3157,.T.);
#4335=ORIENTED_EDGE('',*,*,#3154,.T.);
#4336=ORIENTED_EDGE('',*,*,#3151,.T.);
#4337=ORIENTED_EDGE('',*,*,#3148,.T.);
#4338=ORIENTED_EDGE('',*,*,#3145,.T.);
#4339=ORIENTED_EDGE('',*,*,#3142,.T.);
#4340=ORIENTED_EDGE('',*,*,#3139,.T.);
#4341=ORIENTED_EDGE('',*,*,#3136,.T.);
#4342=ORIENTED_EDGE('',*,*,#3133,.T.);
#4343=ORIENTED_EDGE('',*,*,#3130,.T.);
#4344=ORIENTED_EDGE('',*,*,#3127,.T.);
#4345=ORIENTED_EDGE('',*,*,#3124,.T.);
#4346=ORIENTED_EDGE('',*,*,#3121,.T.);
#4347=ORIENTED_EDGE('',*,*,#3118,.T.);
#4348=ORIENTED_EDGE('',*,*,#3200,.F.);
#4349=ORIENTED_EDGE('',*,*,#3201,.T.);
#4350=ORIENTED_EDGE('',*,*,#3202,.F.);
#4351=ORIENTED_EDGE('',*,*,#3203,.F.);
#4352=ORIENTED_EDGE('',*,*,#3204,.F.);
#4353=ORIENTED_EDGE('',*,*,#3203,.T.);
#4354=ORIENTED_EDGE('',*,*,#3205,.F.);
#4355=ORIENTED_EDGE('',*,*,#3206,.F.);
#4356=ORIENTED_EDGE('',*,*,#3207,.F.);
#4357=ORIENTED_EDGE('',*,*,#3206,.T.);
#4358=ORIENTED_EDGE('',*,*,#3208,.F.);
#4359=ORIENTED_EDGE('',*,*,#3209,.F.);
#4360=ORIENTED_EDGE('',*,*,#3210,.F.);
#4361=ORIENTED_EDGE('',*,*,#3209,.T.);
#4362=ORIENTED_EDGE('',*,*,#3211,.F.);
#4363=ORIENTED_EDGE('',*,*,#3212,.F.);
#4364=ORIENTED_EDGE('',*,*,#3213,.F.);
#4365=ORIENTED_EDGE('',*,*,#3212,.T.);
#4366=ORIENTED_EDGE('',*,*,#3214,.F.);
#4367=ORIENTED_EDGE('',*,*,#3215,.F.);
#4368=ORIENTED_EDGE('',*,*,#3216,.F.);
#4369=ORIENTED_EDGE('',*,*,#3215,.T.);
#4370=ORIENTED_EDGE('',*,*,#3217,.F.);
#4371=ORIENTED_EDGE('',*,*,#3218,.F.);
#4372=ORIENTED_EDGE('',*,*,#3219,.F.);
#4373=ORIENTED_EDGE('',*,*,#3218,.T.);
#4374=ORIENTED_EDGE('',*,*,#3220,.F.);
#4375=ORIENTED_EDGE('',*,*,#3221,.F.);
#4376=ORIENTED_EDGE('',*,*,#3222,.F.);
#4377=ORIENTED_EDGE('',*,*,#3221,.T.);
#4378=ORIENTED_EDGE('',*,*,#3223,.F.);
#4379=ORIENTED_EDGE('',*,*,#3224,.F.);
#4380=ORIENTED_EDGE('',*,*,#3225,.F.);
#4381=ORIENTED_EDGE('',*,*,#3224,.T.);
#4382=ORIENTED_EDGE('',*,*,#3226,.F.);
#4383=ORIENTED_EDGE('',*,*,#3227,.F.);
#4384=ORIENTED_EDGE('',*,*,#3228,.F.);
#4385=ORIENTED_EDGE('',*,*,#3227,.T.);
#4386=ORIENTED_EDGE('',*,*,#3229,.F.);
#4387=ORIENTED_EDGE('',*,*,#3230,.F.);
#4388=ORIENTED_EDGE('',*,*,#3231,.F.);
#4389=ORIENTED_EDGE('',*,*,#3230,.T.);
#4390=ORIENTED_EDGE('',*,*,#3232,.F.);
#4391=ORIENTED_EDGE('',*,*,#3233,.F.);
#4392=ORIENTED_EDGE('',*,*,#3234,.F.);
#4393=ORIENTED_EDGE('',*,*,#3233,.T.);
#4394=ORIENTED_EDGE('',*,*,#3235,.F.);
#4395=ORIENTED_EDGE('',*,*,#3236,.F.);
#4396=ORIENTED_EDGE('',*,*,#3237,.F.);
#4397=ORIENTED_EDGE('',*,*,#3236,.T.);
#4398=ORIENTED_EDGE('',*,*,#3238,.F.);
#4399=ORIENTED_EDGE('',*,*,#3239,.F.);
#4400=ORIENTED_EDGE('',*,*,#3240,.F.);
#4401=ORIENTED_EDGE('',*,*,#3239,.T.);
#4402=ORIENTED_EDGE('',*,*,#3241,.F.);
#4403=ORIENTED_EDGE('',*,*,#3242,.F.);
#4404=ORIENTED_EDGE('',*,*,#3243,.F.);
#4405=ORIENTED_EDGE('',*,*,#3242,.T.);
#4406=ORIENTED_EDGE('',*,*,#3244,.F.);
#4407=ORIENTED_EDGE('',*,*,#3245,.F.);
#4408=ORIENTED_EDGE('',*,*,#3246,.F.);
#4409=ORIENTED_EDGE('',*,*,#3245,.T.);
#4410=ORIENTED_EDGE('',*,*,#3247,.F.);
#4411=ORIENTED_EDGE('',*,*,#3248,.F.);
#4412=ORIENTED_EDGE('',*,*,#3249,.F.);
#4413=ORIENTED_EDGE('',*,*,#3248,.T.);
#4414=ORIENTED_EDGE('',*,*,#3250,.F.);
#4415=ORIENTED_EDGE('',*,*,#3201,.F.);
#4416=ORIENTED_EDGE('',*,*,#3250,.T.);
#4417=ORIENTED_EDGE('',*,*,#3247,.T.);
#4418=ORIENTED_EDGE('',*,*,#3244,.T.);
#4419=ORIENTED_EDGE('',*,*,#3241,.T.);
#4420=ORIENTED_EDGE('',*,*,#3238,.T.);
#4421=ORIENTED_EDGE('',*,*,#3235,.T.);
#4422=ORIENTED_EDGE('',*,*,#3232,.T.);
#4423=ORIENTED_EDGE('',*,*,#3229,.T.);
#4424=ORIENTED_EDGE('',*,*,#3226,.T.);
#4425=ORIENTED_EDGE('',*,*,#3223,.T.);
#4426=ORIENTED_EDGE('',*,*,#3220,.T.);
#4427=ORIENTED_EDGE('',*,*,#3217,.T.);
#4428=ORIENTED_EDGE('',*,*,#3214,.T.);
#4429=ORIENTED_EDGE('',*,*,#3211,.T.);
#4430=ORIENTED_EDGE('',*,*,#3208,.T.);
#4431=ORIENTED_EDGE('',*,*,#3205,.T.);
#4432=ORIENTED_EDGE('',*,*,#3202,.T.);
#4433=ORIENTED_EDGE('',*,*,#3251,.F.);
#4434=ORIENTED_EDGE('',*,*,#3252,.T.);
#4435=ORIENTED_EDGE('',*,*,#3253,.F.);
#4436=ORIENTED_EDGE('',*,*,#3254,.F.);
#4437=ORIENTED_EDGE('',*,*,#3255,.F.);
#4438=ORIENTED_EDGE('',*,*,#3254,.T.);
#4439=ORIENTED_EDGE('',*,*,#3256,.F.);
#4440=ORIENTED_EDGE('',*,*,#3257,.F.);
#4441=ORIENTED_EDGE('',*,*,#3258,.F.);
#4442=ORIENTED_EDGE('',*,*,#3257,.T.);
#4443=ORIENTED_EDGE('',*,*,#3259,.F.);
#4444=ORIENTED_EDGE('',*,*,#3260,.F.);
#4445=ORIENTED_EDGE('',*,*,#3261,.F.);
#4446=ORIENTED_EDGE('',*,*,#3260,.T.);
#4447=ORIENTED_EDGE('',*,*,#3262,.F.);
#4448=ORIENTED_EDGE('',*,*,#3263,.F.);
#4449=ORIENTED_EDGE('',*,*,#3264,.F.);
#4450=ORIENTED_EDGE('',*,*,#3263,.T.);
#4451=ORIENTED_EDGE('',*,*,#3265,.F.);
#4452=ORIENTED_EDGE('',*,*,#3266,.F.);
#4453=ORIENTED_EDGE('',*,*,#3267,.F.);
#4454=ORIENTED_EDGE('',*,*,#3266,.T.);
#4455=ORIENTED_EDGE('',*,*,#3268,.F.);
#4456=ORIENTED_EDGE('',*,*,#3269,.F.);
#4457=ORIENTED_EDGE('',*,*,#3270,.F.);
#4458=ORIENTED_EDGE('',*,*,#3269,.T.);
#4459=ORIENTED_EDGE('',*,*,#3271,.F.);
#4460=ORIENTED_EDGE('',*,*,#3272,.F.);
#4461=ORIENTED_EDGE('',*,*,#3273,.F.);
#4462=ORIENTED_EDGE('',*,*,#3272,.T.);
#4463=ORIENTED_EDGE('',*,*,#3274,.F.);
#4464=ORIENTED_EDGE('',*,*,#3252,.F.);
#4465=ORIENTED_EDGE('',*,*,#3275,.F.);
#4466=ORIENTED_EDGE('',*,*,#3276,.T.);
#4467=ORIENTED_EDGE('',*,*,#3277,.F.);
#4468=ORIENTED_EDGE('',*,*,#3278,.F.);
#4469=ORIENTED_EDGE('',*,*,#3279,.F.);
#4470=ORIENTED_EDGE('',*,*,#3278,.T.);
#4471=ORIENTED_EDGE('',*,*,#3280,.F.);
#4472=ORIENTED_EDGE('',*,*,#3281,.F.);
#4473=ORIENTED_EDGE('',*,*,#3282,.F.);
#4474=ORIENTED_EDGE('',*,*,#3281,.T.);
#4475=ORIENTED_EDGE('',*,*,#3283,.F.);
#4476=ORIENTED_EDGE('',*,*,#3284,.F.);
#4477=ORIENTED_EDGE('',*,*,#3285,.F.);
#4478=ORIENTED_EDGE('',*,*,#3284,.T.);
#4479=ORIENTED_EDGE('',*,*,#3286,.F.);
#4480=ORIENTED_EDGE('',*,*,#3287,.F.);
#4481=ORIENTED_EDGE('',*,*,#3288,.F.);
#4482=ORIENTED_EDGE('',*,*,#3287,.T.);
#4483=ORIENTED_EDGE('',*,*,#3289,.F.);
#4484=ORIENTED_EDGE('',*,*,#3290,.F.);
#4485=ORIENTED_EDGE('',*,*,#3291,.F.);
#4486=ORIENTED_EDGE('',*,*,#3290,.T.);
#4487=ORIENTED_EDGE('',*,*,#3292,.F.);
#4488=ORIENTED_EDGE('',*,*,#3293,.F.);
#4489=ORIENTED_EDGE('',*,*,#3294,.F.);
#4490=ORIENTED_EDGE('',*,*,#3293,.T.);
#4491=ORIENTED_EDGE('',*,*,#3295,.F.);
#4492=ORIENTED_EDGE('',*,*,#3296,.F.);
#4493=ORIENTED_EDGE('',*,*,#3297,.F.);
#4494=ORIENTED_EDGE('',*,*,#3296,.T.);
#4495=ORIENTED_EDGE('',*,*,#3298,.F.);
#4496=ORIENTED_EDGE('',*,*,#3299,.F.);
#4497=ORIENTED_EDGE('',*,*,#3300,.F.);
#4498=ORIENTED_EDGE('',*,*,#3299,.T.);
#4499=ORIENTED_EDGE('',*,*,#3301,.F.);
#4500=ORIENTED_EDGE('',*,*,#3302,.F.);
#4501=ORIENTED_EDGE('',*,*,#3303,.F.);
#4502=ORIENTED_EDGE('',*,*,#3302,.T.);
#4503=ORIENTED_EDGE('',*,*,#3304,.F.);
#4504=ORIENTED_EDGE('',*,*,#3305,.F.);
#4505=ORIENTED_EDGE('',*,*,#3306,.F.);
#4506=ORIENTED_EDGE('',*,*,#3305,.T.);
#4507=ORIENTED_EDGE('',*,*,#3307,.F.);
#4508=ORIENTED_EDGE('',*,*,#3308,.F.);
#4509=ORIENTED_EDGE('',*,*,#3309,.F.);
#4510=ORIENTED_EDGE('',*,*,#3308,.T.);
#4511=ORIENTED_EDGE('',*,*,#3310,.F.);
#4512=ORIENTED_EDGE('',*,*,#3311,.F.);
#4513=ORIENTED_EDGE('',*,*,#3312,.F.);
#4514=ORIENTED_EDGE('',*,*,#3311,.T.);
#4515=ORIENTED_EDGE('',*,*,#3313,.F.);
#4516=ORIENTED_EDGE('',*,*,#3276,.F.);
#4517=ORIENTED_EDGE('',*,*,#3313,.T.);
#4518=ORIENTED_EDGE('',*,*,#3310,.T.);
#4519=ORIENTED_EDGE('',*,*,#3307,.T.);
#4520=ORIENTED_EDGE('',*,*,#3304,.T.);
#4521=ORIENTED_EDGE('',*,*,#3301,.T.);
#4522=ORIENTED_EDGE('',*,*,#3298,.T.);
#4523=ORIENTED_EDGE('',*,*,#3295,.T.);
#4524=ORIENTED_EDGE('',*,*,#3292,.T.);
#4525=ORIENTED_EDGE('',*,*,#3289,.T.);
#4526=ORIENTED_EDGE('',*,*,#3286,.T.);
#4527=ORIENTED_EDGE('',*,*,#3283,.T.);
#4528=ORIENTED_EDGE('',*,*,#3280,.T.);
#4529=ORIENTED_EDGE('',*,*,#3277,.T.);
#4530=ORIENTED_EDGE('',*,*,#3274,.T.);
#4531=ORIENTED_EDGE('',*,*,#3271,.T.);
#4532=ORIENTED_EDGE('',*,*,#3268,.T.);
#4533=ORIENTED_EDGE('',*,*,#3265,.T.);
#4534=ORIENTED_EDGE('',*,*,#3262,.T.);
#4535=ORIENTED_EDGE('',*,*,#3259,.T.);
#4536=ORIENTED_EDGE('',*,*,#3256,.T.);
#4537=ORIENTED_EDGE('',*,*,#3253,.T.);
#4538=ORIENTED_EDGE('',*,*,#3251,.T.);
#4539=ORIENTED_EDGE('',*,*,#3255,.T.);
#4540=ORIENTED_EDGE('',*,*,#3258,.T.);
#4541=ORIENTED_EDGE('',*,*,#3261,.T.);
#4542=ORIENTED_EDGE('',*,*,#3264,.T.);
#4543=ORIENTED_EDGE('',*,*,#3267,.T.);
#4544=ORIENTED_EDGE('',*,*,#3270,.T.);
#4545=ORIENTED_EDGE('',*,*,#3273,.T.);
#4546=ORIENTED_EDGE('',*,*,#3314,.T.);
#4547=ORIENTED_EDGE('',*,*,#3315,.T.);
#4548=ORIENTED_EDGE('',*,*,#3316,.T.);
#4549=ORIENTED_EDGE('',*,*,#3317,.T.);
#4550=ORIENTED_EDGE('',*,*,#3317,.F.);
#4551=ORIENTED_EDGE('',*,*,#3318,.F.);
#4552=ORIENTED_EDGE('',*,*,#3319,.F.);
#4553=ORIENTED_EDGE('',*,*,#3320,.F.);
#4554=ORIENTED_EDGE('',*,*,#3316,.F.);
#4555=ORIENTED_EDGE('',*,*,#3321,.T.);
#4556=ORIENTED_EDGE('',*,*,#3322,.F.);
#4557=ORIENTED_EDGE('',*,*,#3323,.T.);
#4558=ORIENTED_EDGE('',*,*,#3324,.F.);
#4559=ORIENTED_EDGE('',*,*,#3325,.T.);
#4560=ORIENTED_EDGE('',*,*,#3326,.F.);
#4561=ORIENTED_EDGE('',*,*,#3318,.T.);
#4562=ORIENTED_EDGE('',*,*,#3327,.T.);
#4563=ORIENTED_EDGE('',*,*,#3328,.T.);
#4564=ORIENTED_EDGE('',*,*,#3329,.T.);
#4565=ORIENTED_EDGE('',*,*,#3330,.T.);
#4566=ORIENTED_EDGE('',*,*,#3331,.F.);
#4567=ORIENTED_EDGE('',*,*,#3332,.F.);
#4568=ORIENTED_EDGE('',*,*,#3333,.F.);
#4569=ORIENTED_EDGE('',*,*,#3334,.F.);
#4570=ORIENTED_EDGE('',*,*,#3335,.T.);
#4571=ORIENTED_EDGE('',*,*,#3319,.T.);
#4572=ORIENTED_EDGE('',*,*,#3326,.T.);
#4573=ORIENTED_EDGE('',*,*,#3336,.T.);
#4574=ORIENTED_EDGE('',*,*,#3336,.F.);
#4575=ORIENTED_EDGE('',*,*,#3325,.F.);
#4576=ORIENTED_EDGE('',*,*,#3337,.F.);
#4577=ORIENTED_EDGE('',*,*,#3338,.F.);
#4578=ORIENTED_EDGE('',*,*,#3339,.T.);
#4579=ORIENTED_EDGE('',*,*,#3337,.T.);
#4580=ORIENTED_EDGE('',*,*,#3324,.T.);
#4581=ORIENTED_EDGE('',*,*,#3340,.T.);
#4582=ORIENTED_EDGE('',*,*,#3340,.F.);
#4583=ORIENTED_EDGE('',*,*,#3323,.F.);
#4584=ORIENTED_EDGE('',*,*,#3341,.F.);
#4585=ORIENTED_EDGE('',*,*,#3342,.F.);
#4586=ORIENTED_EDGE('',*,*,#3343,.T.);
#4587=ORIENTED_EDGE('',*,*,#3341,.T.);
#4588=ORIENTED_EDGE('',*,*,#3322,.T.);
#4589=ORIENTED_EDGE('',*,*,#3344,.T.);
#4590=ORIENTED_EDGE('',*,*,#3327,.F.);
#4591=ORIENTED_EDGE('',*,*,#3345,.T.);
#4592=ORIENTED_EDGE('',*,*,#3346,.T.);
#4593=ORIENTED_EDGE('',*,*,#3347,.F.);
#4594=ORIENTED_EDGE('',*,*,#3330,.F.);
#4595=ORIENTED_EDGE('',*,*,#3348,.T.);
#4596=ORIENTED_EDGE('',*,*,#3349,.T.);
#4597=ORIENTED_EDGE('',*,*,#3345,.F.);
#4598=ORIENTED_EDGE('',*,*,#3329,.F.);
#4599=ORIENTED_EDGE('',*,*,#3350,.T.);
#4600=ORIENTED_EDGE('',*,*,#3351,.T.);
#4601=ORIENTED_EDGE('',*,*,#3348,.F.);
#4602=ORIENTED_EDGE('',*,*,#3328,.F.);
#4603=ORIENTED_EDGE('',*,*,#3347,.T.);
#4604=ORIENTED_EDGE('',*,*,#3352,.T.);
#4605=ORIENTED_EDGE('',*,*,#3350,.F.);
#4606=ORIENTED_EDGE('',*,*,#3352,.F.);
#4607=ORIENTED_EDGE('',*,*,#3346,.F.);
#4608=ORIENTED_EDGE('',*,*,#3349,.F.);
#4609=ORIENTED_EDGE('',*,*,#3351,.F.);
#4610=ORIENTED_EDGE('',*,*,#3353,.F.);
#4611=ORIENTED_EDGE('',*,*,#3354,.F.);
#4612=ORIENTED_EDGE('',*,*,#3355,.F.);
#4613=ORIENTED_EDGE('',*,*,#3356,.F.);
#4614=ORIENTED_EDGE('',*,*,#3354,.T.);
#4615=ORIENTED_EDGE('',*,*,#3357,.T.);
#4616=ORIENTED_EDGE('',*,*,#3358,.F.);
#4617=ORIENTED_EDGE('',*,*,#3359,.F.);
#4618=ORIENTED_EDGE('',*,*,#3353,.T.);
#4619=ORIENTED_EDGE('',*,*,#3360,.T.);
#4620=ORIENTED_EDGE('',*,*,#3361,.F.);
#4621=ORIENTED_EDGE('',*,*,#3357,.F.);
#4622=ORIENTED_EDGE('',*,*,#3362,.F.);
#4623=ORIENTED_EDGE('',*,*,#3363,.T.);
#4624=ORIENTED_EDGE('',*,*,#3334,.T.);
#4625=ORIENTED_EDGE('',*,*,#3363,.F.);
#4626=ORIENTED_EDGE('',*,*,#3364,.F.);
#4627=ORIENTED_EDGE('',*,*,#3365,.T.);
#4628=ORIENTED_EDGE('',*,*,#3333,.T.);
#4629=ORIENTED_EDGE('',*,*,#3365,.F.);
#4630=ORIENTED_EDGE('',*,*,#3366,.F.);
#4631=ORIENTED_EDGE('',*,*,#3367,.T.);
#4632=ORIENTED_EDGE('',*,*,#3332,.T.);
#4633=ORIENTED_EDGE('',*,*,#3367,.F.);
#4634=ORIENTED_EDGE('',*,*,#3356,.T.);
#4635=ORIENTED_EDGE('',*,*,#3368,.T.);
#4636=ORIENTED_EDGE('',*,*,#3369,.F.);
#4637=ORIENTED_EDGE('',*,*,#3360,.F.);
#4638=ORIENTED_EDGE('',*,*,#3355,.T.);
#4639=ORIENTED_EDGE('',*,*,#3359,.T.);
#4640=ORIENTED_EDGE('',*,*,#3370,.F.);
#4641=ORIENTED_EDGE('',*,*,#3368,.F.);
#4642=ORIENTED_EDGE('',*,*,#3371,.F.);
#4643=ORIENTED_EDGE('',*,*,#3372,.T.);
#4644=ORIENTED_EDGE('',*,*,#3331,.T.);
#4645=ORIENTED_EDGE('',*,*,#3372,.F.);
#4646=ORIENTED_EDGE('',*,*,#3315,.F.);
#4647=ORIENTED_EDGE('',*,*,#3373,.F.);
#4648=ORIENTED_EDGE('',*,*,#3344,.F.);
#4649=ORIENTED_EDGE('',*,*,#3321,.F.);
#4650=ORIENTED_EDGE('',*,*,#3314,.F.);
#4651=ORIENTED_EDGE('',*,*,#3320,.T.);
#4652=ORIENTED_EDGE('',*,*,#3335,.F.);
#4653=ORIENTED_EDGE('',*,*,#3338,.T.);
#4654=ORIENTED_EDGE('',*,*,#3339,.F.);
#4655=ORIENTED_EDGE('',*,*,#3342,.T.);
#4656=ORIENTED_EDGE('',*,*,#3343,.F.);
#4657=ORIENTED_EDGE('',*,*,#3373,.T.);
#4658=ORIENTED_EDGE('',*,*,#2804,.T.);
#4659=ORIENTED_EDGE('',*,*,#2808,.T.);
#4660=ORIENTED_EDGE('',*,*,#2811,.T.);
#4661=ORIENTED_EDGE('',*,*,#2814,.T.);
#4662=ORIENTED_EDGE('',*,*,#2817,.T.);
#4663=ORIENTED_EDGE('',*,*,#2820,.T.);
#4664=ORIENTED_EDGE('',*,*,#2823,.T.);
#4665=ORIENTED_EDGE('',*,*,#2826,.T.);
#4666=ORIENTED_EDGE('',*,*,#2829,.T.);
#4667=ORIENTED_EDGE('',*,*,#2843,.T.);
#4668=ORIENTED_EDGE('',*,*,#2847,.T.);
#4669=ORIENTED_EDGE('',*,*,#2850,.T.);
#4670=ORIENTED_EDGE('',*,*,#2853,.T.);
#4671=ORIENTED_EDGE('',*,*,#2936,.T.);
#4672=ORIENTED_EDGE('',*,*,#2940,.T.);
#4673=ORIENTED_EDGE('',*,*,#2943,.T.);
#4674=ORIENTED_EDGE('',*,*,#2946,.T.);
#4675=ORIENTED_EDGE('',*,*,#2949,.T.);
#4676=ORIENTED_EDGE('',*,*,#2952,.T.);
#4677=ORIENTED_EDGE('',*,*,#2955,.T.);
#4678=ORIENTED_EDGE('',*,*,#2958,.T.);
#4679=ORIENTED_EDGE('',*,*,#2961,.T.);
#4680=ORIENTED_EDGE('',*,*,#2964,.T.);
#4681=ORIENTED_EDGE('',*,*,#2967,.T.);
#4682=ORIENTED_EDGE('',*,*,#2970,.T.);
#4683=ORIENTED_EDGE('',*,*,#2973,.T.);
#4684=ORIENTED_EDGE('',*,*,#2976,.T.);
#4685=ORIENTED_EDGE('',*,*,#2979,.T.);
#4686=ORIENTED_EDGE('',*,*,#2982,.T.);
#4687=ORIENTED_EDGE('',*,*,#2985,.T.);
#4688=ORIENTED_EDGE('',*,*,#2988,.T.);
#4689=ORIENTED_EDGE('',*,*,#2991,.T.);
#4690=ORIENTED_EDGE('',*,*,#2994,.T.);
#4691=ORIENTED_EDGE('',*,*,#2997,.T.);
#4692=ORIENTED_EDGE('',*,*,#3000,.T.);
#4693=ORIENTED_EDGE('',*,*,#3003,.T.);
#4694=ORIENTED_EDGE('',*,*,#3006,.T.);
#4695=ORIENTED_EDGE('',*,*,#3009,.T.);
#4696=ORIENTED_EDGE('',*,*,#3012,.T.);
#4697=ORIENTED_EDGE('',*,*,#3015,.T.);
#4698=ORIENTED_EDGE('',*,*,#3116,.T.);
#4699=ORIENTED_EDGE('',*,*,#3120,.T.);
#4700=ORIENTED_EDGE('',*,*,#3123,.T.);
#4701=ORIENTED_EDGE('',*,*,#3126,.T.);
#4702=ORIENTED_EDGE('',*,*,#3129,.T.);
#4703=ORIENTED_EDGE('',*,*,#3132,.T.);
#4704=ORIENTED_EDGE('',*,*,#3135,.T.);
#4705=ORIENTED_EDGE('',*,*,#3138,.T.);
#4706=ORIENTED_EDGE('',*,*,#3141,.T.);
#4707=ORIENTED_EDGE('',*,*,#3144,.T.);
#4708=ORIENTED_EDGE('',*,*,#3147,.T.);
#4709=ORIENTED_EDGE('',*,*,#3150,.T.);
#4710=ORIENTED_EDGE('',*,*,#3153,.T.);
#4711=ORIENTED_EDGE('',*,*,#3156,.T.);
#4712=ORIENTED_EDGE('',*,*,#3159,.T.);
#4713=ORIENTED_EDGE('',*,*,#3162,.T.);
#4714=ORIENTED_EDGE('',*,*,#3165,.T.);
#4715=ORIENTED_EDGE('',*,*,#3168,.T.);
#4716=ORIENTED_EDGE('',*,*,#3171,.T.);
#4717=ORIENTED_EDGE('',*,*,#3174,.T.);
#4718=ORIENTED_EDGE('',*,*,#3177,.T.);
#4719=ORIENTED_EDGE('',*,*,#3180,.T.);
#4720=ORIENTED_EDGE('',*,*,#3183,.T.);
#4721=ORIENTED_EDGE('',*,*,#3186,.T.);
#4722=ORIENTED_EDGE('',*,*,#3189,.T.);
#4723=ORIENTED_EDGE('',*,*,#3192,.T.);
#4724=ORIENTED_EDGE('',*,*,#3195,.T.);
#4725=ORIENTED_EDGE('',*,*,#3198,.T.);
#4726=ORIENTED_EDGE('',*,*,#3200,.T.);
#4727=ORIENTED_EDGE('',*,*,#3204,.T.);
#4728=ORIENTED_EDGE('',*,*,#3207,.T.);
#4729=ORIENTED_EDGE('',*,*,#3210,.T.);
#4730=ORIENTED_EDGE('',*,*,#3213,.T.);
#4731=ORIENTED_EDGE('',*,*,#3216,.T.);
#4732=ORIENTED_EDGE('',*,*,#3219,.T.);
#4733=ORIENTED_EDGE('',*,*,#3222,.T.);
#4734=ORIENTED_EDGE('',*,*,#3225,.T.);
#4735=ORIENTED_EDGE('',*,*,#3228,.T.);
#4736=ORIENTED_EDGE('',*,*,#3231,.T.);
#4737=ORIENTED_EDGE('',*,*,#3234,.T.);
#4738=ORIENTED_EDGE('',*,*,#3237,.T.);
#4739=ORIENTED_EDGE('',*,*,#3240,.T.);
#4740=ORIENTED_EDGE('',*,*,#3243,.T.);
#4741=ORIENTED_EDGE('',*,*,#3246,.T.);
#4742=ORIENTED_EDGE('',*,*,#3249,.T.);
#4743=ORIENTED_EDGE('',*,*,#3362,.T.);
#4744=ORIENTED_EDGE('',*,*,#3364,.T.);
#4745=ORIENTED_EDGE('',*,*,#3366,.T.);
#4746=ORIENTED_EDGE('',*,*,#3370,.T.);
#4747=ORIENTED_EDGE('',*,*,#3358,.T.);
#4748=ORIENTED_EDGE('',*,*,#3361,.T.);
#4749=ORIENTED_EDGE('',*,*,#3369,.T.);
#4750=ORIENTED_EDGE('',*,*,#3371,.T.);
#4751=ORIENTED_EDGE('',*,*,#3275,.T.);
#4752=ORIENTED_EDGE('',*,*,#3279,.T.);
#4753=ORIENTED_EDGE('',*,*,#3282,.T.);
#4754=ORIENTED_EDGE('',*,*,#3285,.T.);
#4755=ORIENTED_EDGE('',*,*,#3288,.T.);
#4756=ORIENTED_EDGE('',*,*,#3291,.T.);
#4757=ORIENTED_EDGE('',*,*,#3294,.T.);
#4758=ORIENTED_EDGE('',*,*,#3297,.T.);
#4759=ORIENTED_EDGE('',*,*,#3300,.T.);
#4760=ORIENTED_EDGE('',*,*,#3303,.T.);
#4761=ORIENTED_EDGE('',*,*,#3306,.T.);
#4762=ORIENTED_EDGE('',*,*,#3309,.T.);
#4763=ORIENTED_EDGE('',*,*,#3312,.T.);
#4764=ORIENTED_EDGE('',*,*,#3017,.T.);
#4765=ORIENTED_EDGE('',*,*,#3021,.T.);
#4766=ORIENTED_EDGE('',*,*,#3024,.T.);
#4767=ORIENTED_EDGE('',*,*,#3027,.T.);
#4768=ORIENTED_EDGE('',*,*,#3030,.T.);
#4769=ORIENTED_EDGE('',*,*,#3033,.T.);
#4770=ORIENTED_EDGE('',*,*,#3036,.T.);
#4771=ORIENTED_EDGE('',*,*,#3039,.T.);
#4772=ORIENTED_EDGE('',*,*,#3042,.T.);
#4773=ORIENTED_EDGE('',*,*,#3045,.T.);
#4774=ORIENTED_EDGE('',*,*,#3048,.T.);
#4775=ORIENTED_EDGE('',*,*,#3051,.T.);
#4776=ORIENTED_EDGE('',*,*,#3054,.T.);
#4777=ORIENTED_EDGE('',*,*,#3057,.T.);
#4778=ORIENTED_EDGE('',*,*,#3060,.T.);
#4779=ORIENTED_EDGE('',*,*,#3063,.T.);
#4780=ORIENTED_EDGE('',*,*,#3066,.T.);
#4781=ORIENTED_EDGE('',*,*,#3069,.T.);
#4782=ORIENTED_EDGE('',*,*,#3072,.T.);
#4783=ORIENTED_EDGE('',*,*,#3075,.T.);
#4784=ORIENTED_EDGE('',*,*,#3078,.T.);
#4785=ORIENTED_EDGE('',*,*,#3081,.T.);
#4786=ORIENTED_EDGE('',*,*,#3084,.T.);
#4787=ORIENTED_EDGE('',*,*,#3087,.T.);
#4788=ORIENTED_EDGE('',*,*,#3090,.T.);
#4789=ORIENTED_EDGE('',*,*,#3093,.T.);
#4790=ORIENTED_EDGE('',*,*,#3096,.T.);
#4791=ORIENTED_EDGE('',*,*,#3099,.T.);
#4792=ORIENTED_EDGE('',*,*,#3102,.T.);
#4793=ORIENTED_EDGE('',*,*,#3105,.T.);
#4794=ORIENTED_EDGE('',*,*,#3108,.T.);
#4795=ORIENTED_EDGE('',*,*,#3111,.T.);
#4796=ORIENTED_EDGE('',*,*,#3114,.T.);
#4797=ORIENTED_EDGE('',*,*,#2855,.T.);
#4798=ORIENTED_EDGE('',*,*,#2859,.T.);
#4799=ORIENTED_EDGE('',*,*,#2862,.T.);
#4800=ORIENTED_EDGE('',*,*,#2865,.T.);
#4801=ORIENTED_EDGE('',*,*,#2868,.T.);
#4802=ORIENTED_EDGE('',*,*,#2871,.T.);
#4803=ORIENTED_EDGE('',*,*,#2874,.T.);
#4804=ORIENTED_EDGE('',*,*,#2877,.T.);
#4805=ORIENTED_EDGE('',*,*,#2880,.T.);
#4806=ORIENTED_EDGE('',*,*,#2883,.T.);
#4807=ORIENTED_EDGE('',*,*,#2886,.T.);
#4808=ORIENTED_EDGE('',*,*,#2889,.T.);
#4809=ORIENTED_EDGE('',*,*,#2892,.T.);
#4810=ORIENTED_EDGE('',*,*,#2895,.T.);
#4811=ORIENTED_EDGE('',*,*,#2898,.T.);
#4812=ORIENTED_EDGE('',*,*,#2901,.T.);
#4813=ORIENTED_EDGE('',*,*,#2904,.T.);
#4814=ORIENTED_EDGE('',*,*,#2831,.T.);
#4815=ORIENTED_EDGE('',*,*,#2835,.T.);
#4816=ORIENTED_EDGE('',*,*,#2838,.T.);
#4817=ORIENTED_EDGE('',*,*,#2841,.T.);
#4818=ORIENTED_EDGE('',*,*,#2756,.T.);
#4819=ORIENTED_EDGE('',*,*,#2760,.T.);
#4820=ORIENTED_EDGE('',*,*,#2763,.T.);
#4821=ORIENTED_EDGE('',*,*,#2766,.T.);
#4822=ORIENTED_EDGE('',*,*,#2769,.T.);
#4823=ORIENTED_EDGE('',*,*,#2772,.T.);
#4824=ORIENTED_EDGE('',*,*,#2775,.T.);
#4825=ORIENTED_EDGE('',*,*,#2778,.T.);
#4826=ORIENTED_EDGE('',*,*,#3374,.F.);
#4827=ORIENTED_EDGE('',*,*,#3375,.T.);
#4828=ORIENTED_EDGE('',*,*,#3376,.T.);
#4829=ORIENTED_EDGE('',*,*,#3377,.F.);
#4830=ORIENTED_EDGE('',*,*,#3378,.F.);
#4831=ORIENTED_EDGE('',*,*,#3379,.T.);
#4832=ORIENTED_EDGE('',*,*,#3380,.T.);
#4833=ORIENTED_EDGE('',*,*,#3375,.F.);
#4834=ORIENTED_EDGE('',*,*,#3381,.F.);
#4835=ORIENTED_EDGE('',*,*,#3382,.F.);
#4836=ORIENTED_EDGE('',*,*,#3383,.F.);
#4837=ORIENTED_EDGE('',*,*,#3384,.F.);
#4838=ORIENTED_EDGE('',*,*,#3385,.F.);
#4839=ORIENTED_EDGE('',*,*,#3386,.F.);
#4840=ORIENTED_EDGE('',*,*,#3387,.F.);
#4841=ORIENTED_EDGE('',*,*,#3388,.F.);
#4842=ORIENTED_EDGE('',*,*,#3389,.F.);
#4843=ORIENTED_EDGE('',*,*,#3390,.F.);
#4844=ORIENTED_EDGE('',*,*,#3391,.F.);
#4845=ORIENTED_EDGE('',*,*,#3392,.F.);
#4846=ORIENTED_EDGE('',*,*,#3393,.F.);
#4847=ORIENTED_EDGE('',*,*,#3394,.F.);
#4848=ORIENTED_EDGE('',*,*,#3395,.F.);
#4849=ORIENTED_EDGE('',*,*,#3396,.F.);
#4850=ORIENTED_EDGE('',*,*,#3397,.F.);
#4851=ORIENTED_EDGE('',*,*,#3398,.F.);
#4852=ORIENTED_EDGE('',*,*,#3399,.F.);
#4853=ORIENTED_EDGE('',*,*,#3400,.F.);
#4854=ORIENTED_EDGE('',*,*,#3401,.F.);
#4855=ORIENTED_EDGE('',*,*,#3402,.F.);
#4856=ORIENTED_EDGE('',*,*,#3403,.F.);
#4857=ORIENTED_EDGE('',*,*,#3404,.F.);
#4858=ORIENTED_EDGE('',*,*,#3405,.F.);
#4859=ORIENTED_EDGE('',*,*,#3406,.F.);
#4860=ORIENTED_EDGE('',*,*,#3407,.F.);
#4861=ORIENTED_EDGE('',*,*,#3408,.F.);
#4862=ORIENTED_EDGE('',*,*,#3409,.F.);
#4863=ORIENTED_EDGE('',*,*,#3410,.F.);
#4864=ORIENTED_EDGE('',*,*,#3411,.T.);
#4865=ORIENTED_EDGE('',*,*,#3379,.F.);
#4866=ORIENTED_EDGE('',*,*,#3412,.F.);
#4867=ORIENTED_EDGE('',*,*,#3413,.T.);
#4868=ORIENTED_EDGE('',*,*,#3414,.T.);
#4869=ORIENTED_EDGE('',*,*,#3415,.F.);
#4870=ORIENTED_EDGE('',*,*,#3416,.F.);
#4871=ORIENTED_EDGE('',*,*,#3417,.F.);
#4872=ORIENTED_EDGE('',*,*,#3418,.F.);
#4873=ORIENTED_EDGE('',*,*,#3419,.T.);
#4874=ORIENTED_EDGE('',*,*,#3413,.F.);
#4875=ORIENTED_EDGE('',*,*,#3420,.F.);
#4876=ORIENTED_EDGE('',*,*,#3415,.T.);
#4877=ORIENTED_EDGE('',*,*,#3421,.T.);
#4878=ORIENTED_EDGE('',*,*,#3422,.F.);
#4879=ORIENTED_EDGE('',*,*,#3407,.T.);
#4880=ORIENTED_EDGE('',*,*,#3423,.F.);
#4881=ORIENTED_EDGE('',*,*,#3424,.F.);
#4882=ORIENTED_EDGE('',*,*,#3425,.T.);
#4883=ORIENTED_EDGE('',*,*,#3406,.T.);
#4884=ORIENTED_EDGE('',*,*,#3426,.F.);
#4885=ORIENTED_EDGE('',*,*,#3427,.F.);
#4886=ORIENTED_EDGE('',*,*,#3423,.T.);
#4887=ORIENTED_EDGE('',*,*,#3403,.T.);
#4888=ORIENTED_EDGE('',*,*,#3428,.F.);
#4889=ORIENTED_EDGE('',*,*,#3429,.F.);
#4890=ORIENTED_EDGE('',*,*,#3430,.T.);
#4891=ORIENTED_EDGE('',*,*,#3402,.T.);
#4892=ORIENTED_EDGE('',*,*,#3431,.F.);
#4893=ORIENTED_EDGE('',*,*,#3432,.F.);
#4894=ORIENTED_EDGE('',*,*,#3428,.T.);
#4895=ORIENTED_EDGE('',*,*,#3399,.T.);
#4896=ORIENTED_EDGE('',*,*,#3433,.F.);
#4897=ORIENTED_EDGE('',*,*,#3434,.F.);
#4898=ORIENTED_EDGE('',*,*,#3435,.T.);
#4899=ORIENTED_EDGE('',*,*,#3398,.T.);
#4900=ORIENTED_EDGE('',*,*,#3436,.F.);
#4901=ORIENTED_EDGE('',*,*,#3437,.F.);
#4902=ORIENTED_EDGE('',*,*,#3433,.T.);
#4903=ORIENTED_EDGE('',*,*,#3395,.T.);
#4904=ORIENTED_EDGE('',*,*,#3438,.F.);
#4905=ORIENTED_EDGE('',*,*,#3439,.F.);
#4906=ORIENTED_EDGE('',*,*,#3440,.T.);
#4907=ORIENTED_EDGE('',*,*,#3394,.T.);
#4908=ORIENTED_EDGE('',*,*,#3441,.F.);
#4909=ORIENTED_EDGE('',*,*,#3442,.F.);
#4910=ORIENTED_EDGE('',*,*,#3438,.T.);
#4911=ORIENTED_EDGE('',*,*,#3391,.T.);
#4912=ORIENTED_EDGE('',*,*,#3443,.F.);
#4913=ORIENTED_EDGE('',*,*,#3444,.F.);
#4914=ORIENTED_EDGE('',*,*,#3445,.T.);
#4915=ORIENTED_EDGE('',*,*,#3390,.T.);
#4916=ORIENTED_EDGE('',*,*,#3446,.F.);
#4917=ORIENTED_EDGE('',*,*,#3447,.F.);
#4918=ORIENTED_EDGE('',*,*,#3443,.T.);
#4919=ORIENTED_EDGE('',*,*,#3387,.T.);
#4920=ORIENTED_EDGE('',*,*,#3448,.F.);
#4921=ORIENTED_EDGE('',*,*,#3449,.F.);
#4922=ORIENTED_EDGE('',*,*,#3450,.T.);
#4923=ORIENTED_EDGE('',*,*,#3386,.T.);
#4924=ORIENTED_EDGE('',*,*,#3451,.F.);
#4925=ORIENTED_EDGE('',*,*,#3452,.F.);
#4926=ORIENTED_EDGE('',*,*,#3448,.T.);
#4927=ORIENTED_EDGE('',*,*,#3383,.T.);
#4928=ORIENTED_EDGE('',*,*,#3453,.F.);
#4929=ORIENTED_EDGE('',*,*,#3454,.F.);
#4930=ORIENTED_EDGE('',*,*,#3455,.T.);
#4931=ORIENTED_EDGE('',*,*,#3382,.T.);
#4932=ORIENTED_EDGE('',*,*,#3456,.F.);
#4933=ORIENTED_EDGE('',*,*,#3457,.F.);
#4934=ORIENTED_EDGE('',*,*,#3453,.T.);
#4935=ORIENTED_EDGE('',*,*,#3410,.T.);
#4936=ORIENTED_EDGE('',*,*,#3458,.F.);
#4937=ORIENTED_EDGE('',*,*,#3459,.T.);
#4938=ORIENTED_EDGE('',*,*,#3460,.T.);
#4939=ORIENTED_EDGE('',*,*,#3377,.T.);
#4940=ORIENTED_EDGE('',*,*,#3461,.T.);
#4941=ORIENTED_EDGE('',*,*,#3462,.F.);
#4942=ORIENTED_EDGE('',*,*,#3463,.F.);
#4943=ORIENTED_EDGE('',*,*,#3418,.T.);
#4944=ORIENTED_EDGE('',*,*,#3464,.F.);
#4945=ORIENTED_EDGE('',*,*,#3465,.T.);
#4946=ORIENTED_EDGE('',*,*,#3466,.T.);
#4947=ORIENTED_EDGE('',*,*,#3422,.T.);
#4948=ORIENTED_EDGE('',*,*,#3467,.T.);
#4949=ORIENTED_EDGE('',*,*,#3468,.F.);
#4950=ORIENTED_EDGE('',*,*,#3469,.F.);
#4951=ORIENTED_EDGE('',*,*,#3405,.T.);
#4952=ORIENTED_EDGE('',*,*,#3470,.F.);
#4953=ORIENTED_EDGE('',*,*,#3471,.F.);
#4954=ORIENTED_EDGE('',*,*,#3426,.T.);
#4955=ORIENTED_EDGE('',*,*,#3408,.T.);
#4956=ORIENTED_EDGE('',*,*,#3425,.F.);
#4957=ORIENTED_EDGE('',*,*,#3472,.F.);
#4958=ORIENTED_EDGE('',*,*,#3470,.T.);
#4959=ORIENTED_EDGE('',*,*,#3401,.T.);
#4960=ORIENTED_EDGE('',*,*,#3473,.F.);
#4961=ORIENTED_EDGE('',*,*,#3474,.F.);
#4962=ORIENTED_EDGE('',*,*,#3431,.T.);
#4963=ORIENTED_EDGE('',*,*,#3404,.T.);
#4964=ORIENTED_EDGE('',*,*,#3430,.F.);
#4965=ORIENTED_EDGE('',*,*,#3475,.F.);
#4966=ORIENTED_EDGE('',*,*,#3473,.T.);
#4967=ORIENTED_EDGE('',*,*,#3397,.T.);
#4968=ORIENTED_EDGE('',*,*,#3476,.F.);
#4969=ORIENTED_EDGE('',*,*,#3477,.F.);
#4970=ORIENTED_EDGE('',*,*,#3436,.T.);
#4971=ORIENTED_EDGE('',*,*,#3400,.T.);
#4972=ORIENTED_EDGE('',*,*,#3435,.F.);
#4973=ORIENTED_EDGE('',*,*,#3478,.F.);
#4974=ORIENTED_EDGE('',*,*,#3476,.T.);
#4975=ORIENTED_EDGE('',*,*,#3393,.T.);
#4976=ORIENTED_EDGE('',*,*,#3479,.F.);
#4977=ORIENTED_EDGE('',*,*,#3480,.F.);
#4978=ORIENTED_EDGE('',*,*,#3441,.T.);
#4979=ORIENTED_EDGE('',*,*,#3396,.T.);
#4980=ORIENTED_EDGE('',*,*,#3440,.F.);
#4981=ORIENTED_EDGE('',*,*,#3481,.F.);
#4982=ORIENTED_EDGE('',*,*,#3479,.T.);
#4983=ORIENTED_EDGE('',*,*,#3389,.T.);
#4984=ORIENTED_EDGE('',*,*,#3482,.F.);
#4985=ORIENTED_EDGE('',*,*,#3483,.F.);
#4986=ORIENTED_EDGE('',*,*,#3446,.T.);
#4987=ORIENTED_EDGE('',*,*,#3392,.T.);
#4988=ORIENTED_EDGE('',*,*,#3445,.F.);
#4989=ORIENTED_EDGE('',*,*,#3484,.F.);
#4990=ORIENTED_EDGE('',*,*,#3482,.T.);
#4991=ORIENTED_EDGE('',*,*,#3385,.T.);
#4992=ORIENTED_EDGE('',*,*,#3485,.F.);
#4993=ORIENTED_EDGE('',*,*,#3486,.F.);
#4994=ORIENTED_EDGE('',*,*,#3451,.T.);
#4995=ORIENTED_EDGE('',*,*,#3388,.T.);
#4996=ORIENTED_EDGE('',*,*,#3450,.F.);
#4997=ORIENTED_EDGE('',*,*,#3487,.F.);
#4998=ORIENTED_EDGE('',*,*,#3485,.T.);
#4999=ORIENTED_EDGE('',*,*,#3488,.F.);
#5000=ORIENTED_EDGE('',*,*,#3489,.T.);
#5001=ORIENTED_EDGE('',*,*,#3416,.T.);
#5002=ORIENTED_EDGE('',*,*,#3489,.F.);
#5003=ORIENTED_EDGE('',*,*,#3490,.F.);
#5004=ORIENTED_EDGE('',*,*,#3491,.F.);
#5005=ORIENTED_EDGE('',*,*,#3492,.F.);
#5006=ORIENTED_EDGE('',*,*,#3493,.T.);
#5007=ORIENTED_EDGE('',*,*,#3494,.F.);
#5008=ORIENTED_EDGE('',*,*,#3493,.F.);
#5009=ORIENTED_EDGE('',*,*,#3495,.F.);
#5010=ORIENTED_EDGE('',*,*,#3496,.T.);
#5011=ORIENTED_EDGE('',*,*,#3497,.F.);
#5012=ORIENTED_EDGE('',*,*,#3496,.F.);
#5013=ORIENTED_EDGE('',*,*,#3498,.F.);
#5014=ORIENTED_EDGE('',*,*,#3499,.T.);
#5015=ORIENTED_EDGE('',*,*,#3500,.F.);
#5016=ORIENTED_EDGE('',*,*,#3499,.F.);
#5017=ORIENTED_EDGE('',*,*,#3501,.F.);
#5018=ORIENTED_EDGE('',*,*,#3491,.T.);
#5019=ORIENTED_EDGE('',*,*,#3502,.F.);
#5020=ORIENTED_EDGE('',*,*,#3503,.T.);
#5021=ORIENTED_EDGE('',*,*,#3504,.F.);
#5022=ORIENTED_EDGE('',*,*,#3503,.F.);
#5023=ORIENTED_EDGE('',*,*,#3505,.F.);
#5024=ORIENTED_EDGE('',*,*,#3506,.F.);
#5025=ORIENTED_EDGE('',*,*,#3507,.F.);
#5026=ORIENTED_EDGE('',*,*,#3508,.T.);
#5027=ORIENTED_EDGE('',*,*,#3509,.F.);
#5028=ORIENTED_EDGE('',*,*,#3508,.F.);
#5029=ORIENTED_EDGE('',*,*,#3510,.F.);
#5030=ORIENTED_EDGE('',*,*,#3511,.T.);
#5031=ORIENTED_EDGE('',*,*,#3512,.F.);
#5032=ORIENTED_EDGE('',*,*,#3511,.F.);
#5033=ORIENTED_EDGE('',*,*,#3513,.F.);
#5034=ORIENTED_EDGE('',*,*,#3514,.T.);
#5035=ORIENTED_EDGE('',*,*,#3515,.F.);
#5036=ORIENTED_EDGE('',*,*,#3514,.F.);
#5037=ORIENTED_EDGE('',*,*,#3516,.F.);
#5038=ORIENTED_EDGE('',*,*,#3506,.T.);
#5039=ORIENTED_EDGE('',*,*,#3381,.T.);
#5040=ORIENTED_EDGE('',*,*,#3517,.F.);
#5041=ORIENTED_EDGE('',*,*,#3518,.F.);
#5042=ORIENTED_EDGE('',*,*,#3456,.T.);
#5043=ORIENTED_EDGE('',*,*,#3384,.T.);
#5044=ORIENTED_EDGE('',*,*,#3455,.F.);
#5045=ORIENTED_EDGE('',*,*,#3519,.F.);
#5046=ORIENTED_EDGE('',*,*,#3517,.T.);
#5047=ORIENTED_EDGE('',*,*,#3520,.F.);
#5048=ORIENTED_EDGE('',*,*,#3462,.T.);
#5049=ORIENTED_EDGE('',*,*,#3521,.T.);
#5050=ORIENTED_EDGE('',*,*,#3465,.F.);
#5051=ORIENTED_EDGE('',*,*,#3497,.T.);
#5052=ORIENTED_EDGE('',*,*,#3500,.T.);
#5053=ORIENTED_EDGE('',*,*,#3490,.T.);
#5054=ORIENTED_EDGE('',*,*,#3494,.T.);
#5055=ORIENTED_EDGE('',*,*,#3504,.T.);
#5056=ORIENTED_EDGE('',*,*,#3512,.T.);
#5057=ORIENTED_EDGE('',*,*,#3515,.T.);
#5058=ORIENTED_EDGE('',*,*,#3505,.T.);
#5059=ORIENTED_EDGE('',*,*,#3509,.T.);
#5060=ORIENTED_EDGE('',*,*,#3522,.F.);
#5061=ORIENTED_EDGE('',*,*,#3468,.T.);
#5062=ORIENTED_EDGE('',*,*,#3523,.T.);
#5063=ORIENTED_EDGE('',*,*,#3459,.F.);
#5064=ORIENTED_EDGE('',*,*,#3523,.F.);
#5065=ORIENTED_EDGE('',*,*,#3467,.F.);
#5066=ORIENTED_EDGE('',*,*,#3421,.F.);
#5067=ORIENTED_EDGE('',*,*,#3414,.F.);
#5068=ORIENTED_EDGE('',*,*,#3419,.F.);
#5069=ORIENTED_EDGE('',*,*,#3466,.F.);
#5070=ORIENTED_EDGE('',*,*,#3521,.F.);
#5071=ORIENTED_EDGE('',*,*,#3461,.F.);
#5072=ORIENTED_EDGE('',*,*,#3376,.F.);
#5073=ORIENTED_EDGE('',*,*,#3380,.F.);
#5074=ORIENTED_EDGE('',*,*,#3411,.F.);
#5075=ORIENTED_EDGE('',*,*,#3460,.F.);
#5076=ORIENTED_EDGE('',*,*,#3524,.T.);
#5077=ORIENTED_EDGE('',*,*,#3525,.T.);
#5078=ORIENTED_EDGE('',*,*,#3526,.T.);
#5079=ORIENTED_EDGE('',*,*,#3527,.T.);
#5080=ORIENTED_EDGE('',*,*,#3527,.F.);
#5081=ORIENTED_EDGE('',*,*,#3528,.F.);
#5082=ORIENTED_EDGE('',*,*,#3529,.F.);
#5083=ORIENTED_EDGE('',*,*,#3530,.F.);
#5084=ORIENTED_EDGE('',*,*,#3488,.T.);
#5085=ORIENTED_EDGE('',*,*,#3526,.F.);
#5086=ORIENTED_EDGE('',*,*,#3531,.T.);
#5087=ORIENTED_EDGE('',*,*,#3532,.F.);
#5088=ORIENTED_EDGE('',*,*,#3533,.T.);
#5089=ORIENTED_EDGE('',*,*,#3534,.F.);
#5090=ORIENTED_EDGE('',*,*,#3535,.T.);
#5091=ORIENTED_EDGE('',*,*,#3536,.F.);
#5092=ORIENTED_EDGE('',*,*,#3528,.T.);
#5093=ORIENTED_EDGE('',*,*,#3537,.F.);
#5094=ORIENTED_EDGE('',*,*,#3538,.F.);
#5095=ORIENTED_EDGE('',*,*,#3539,.F.);
#5096=ORIENTED_EDGE('',*,*,#3540,.F.);
#5097=ORIENTED_EDGE('',*,*,#3541,.T.);
#5098=ORIENTED_EDGE('',*,*,#3542,.T.);
#5099=ORIENTED_EDGE('',*,*,#3532,.T.);
#5100=ORIENTED_EDGE('',*,*,#3543,.T.);
#5101=ORIENTED_EDGE('',*,*,#3542,.F.);
#5102=ORIENTED_EDGE('',*,*,#3544,.F.);
#5103=ORIENTED_EDGE('',*,*,#3545,.F.);
#5104=ORIENTED_EDGE('',*,*,#3533,.F.);
#5105=ORIENTED_EDGE('',*,*,#3518,.T.);
#5106=ORIENTED_EDGE('',*,*,#3519,.T.);
#5107=ORIENTED_EDGE('',*,*,#3454,.T.);
#5108=ORIENTED_EDGE('',*,*,#3457,.T.);
#5109=ORIENTED_EDGE('',*,*,#3486,.T.);
#5110=ORIENTED_EDGE('',*,*,#3487,.T.);
#5111=ORIENTED_EDGE('',*,*,#3449,.T.);
#5112=ORIENTED_EDGE('',*,*,#3452,.T.);
#5113=ORIENTED_EDGE('',*,*,#3483,.T.);
#5114=ORIENTED_EDGE('',*,*,#3484,.T.);
#5115=ORIENTED_EDGE('',*,*,#3444,.T.);
#5116=ORIENTED_EDGE('',*,*,#3447,.T.);
#5117=ORIENTED_EDGE('',*,*,#3480,.T.);
#5118=ORIENTED_EDGE('',*,*,#3481,.T.);
#5119=ORIENTED_EDGE('',*,*,#3439,.T.);
#5120=ORIENTED_EDGE('',*,*,#3442,.T.);
#5121=ORIENTED_EDGE('',*,*,#3477,.T.);
#5122=ORIENTED_EDGE('',*,*,#3478,.T.);
#5123=ORIENTED_EDGE('',*,*,#3434,.T.);
#5124=ORIENTED_EDGE('',*,*,#3437,.T.);
#5125=ORIENTED_EDGE('',*,*,#3474,.T.);
#5126=ORIENTED_EDGE('',*,*,#3475,.T.);
#5127=ORIENTED_EDGE('',*,*,#3429,.T.);
#5128=ORIENTED_EDGE('',*,*,#3432,.T.);
#5129=ORIENTED_EDGE('',*,*,#3471,.T.);
#5130=ORIENTED_EDGE('',*,*,#3472,.T.);
#5131=ORIENTED_EDGE('',*,*,#3424,.T.);
#5132=ORIENTED_EDGE('',*,*,#3427,.T.);
#5133=ORIENTED_EDGE('',*,*,#3546,.T.);
#5134=ORIENTED_EDGE('',*,*,#3547,.T.);
#5135=ORIENTED_EDGE('',*,*,#3534,.T.);
#5136=ORIENTED_EDGE('',*,*,#3545,.T.);
#5137=ORIENTED_EDGE('',*,*,#3548,.T.);
#5138=ORIENTED_EDGE('',*,*,#3529,.T.);
#5139=ORIENTED_EDGE('',*,*,#3536,.T.);
#5140=ORIENTED_EDGE('',*,*,#3549,.T.);
#5141=ORIENTED_EDGE('',*,*,#3550,.F.);
#5142=ORIENTED_EDGE('',*,*,#3551,.T.);
#5143=ORIENTED_EDGE('',*,*,#3540,.T.);
#5144=ORIENTED_EDGE('',*,*,#3551,.F.);
#5145=ORIENTED_EDGE('',*,*,#3552,.F.);
#5146=ORIENTED_EDGE('',*,*,#3553,.T.);
#5147=ORIENTED_EDGE('',*,*,#3539,.T.);
#5148=ORIENTED_EDGE('',*,*,#3553,.F.);
#5149=ORIENTED_EDGE('',*,*,#3554,.F.);
#5150=ORIENTED_EDGE('',*,*,#3555,.T.);
#5151=ORIENTED_EDGE('',*,*,#3538,.T.);
#5152=ORIENTED_EDGE('',*,*,#3555,.F.);
#5153=ORIENTED_EDGE('',*,*,#3556,.F.);
#5154=ORIENTED_EDGE('',*,*,#3557,.T.);
#5155=ORIENTED_EDGE('',*,*,#3537,.T.);
#5156=ORIENTED_EDGE('',*,*,#3557,.F.);
#5157=ORIENTED_EDGE('',*,*,#3547,.F.);
#5158=ORIENTED_EDGE('',*,*,#3558,.F.);
#5159=ORIENTED_EDGE('',*,*,#3549,.F.);
#5160=ORIENTED_EDGE('',*,*,#3535,.F.);
#5161=ORIENTED_EDGE('',*,*,#3498,.T.);
#5162=ORIENTED_EDGE('',*,*,#3495,.T.);
#5163=ORIENTED_EDGE('',*,*,#3492,.T.);
#5164=ORIENTED_EDGE('',*,*,#3501,.T.);
#5165=ORIENTED_EDGE('',*,*,#3502,.T.);
#5166=ORIENTED_EDGE('',*,*,#3513,.T.);
#5167=ORIENTED_EDGE('',*,*,#3510,.T.);
#5168=ORIENTED_EDGE('',*,*,#3507,.T.);
#5169=ORIENTED_EDGE('',*,*,#3516,.T.);
#5170=ORIENTED_EDGE('',*,*,#3525,.F.);
#5171=ORIENTED_EDGE('',*,*,#3559,.F.);
#5172=ORIENTED_EDGE('',*,*,#3543,.F.);
#5173=ORIENTED_EDGE('',*,*,#3531,.F.);
#5174=ORIENTED_EDGE('',*,*,#3524,.F.);
#5175=ORIENTED_EDGE('',*,*,#3530,.T.);
#5176=ORIENTED_EDGE('',*,*,#3548,.F.);
#5177=ORIENTED_EDGE('',*,*,#3558,.T.);
#5178=ORIENTED_EDGE('',*,*,#3546,.F.);
#5179=ORIENTED_EDGE('',*,*,#3544,.T.);
#5180=ORIENTED_EDGE('',*,*,#3541,.F.);
#5181=ORIENTED_EDGE('',*,*,#3559,.T.);
#5182=ORIENTED_EDGE('',*,*,#3374,.T.);
#5183=ORIENTED_EDGE('',*,*,#3463,.T.);
#5184=ORIENTED_EDGE('',*,*,#3520,.T.);
#5185=ORIENTED_EDGE('',*,*,#3464,.T.);
#5186=ORIENTED_EDGE('',*,*,#3417,.T.);
#5187=ORIENTED_EDGE('',*,*,#3412,.T.);
#5188=ORIENTED_EDGE('',*,*,#3420,.T.);
#5189=ORIENTED_EDGE('',*,*,#3469,.T.);
#5190=ORIENTED_EDGE('',*,*,#3522,.T.);
#5191=ORIENTED_EDGE('',*,*,#3458,.T.);
#5192=ORIENTED_EDGE('',*,*,#3409,.T.);
#5193=ORIENTED_EDGE('',*,*,#3378,.T.);
#5194=ORIENTED_EDGE('',*,*,#3556,.T.);
#5195=ORIENTED_EDGE('',*,*,#3554,.T.);
#5196=ORIENTED_EDGE('',*,*,#3552,.T.);
#5197=ORIENTED_EDGE('',*,*,#3550,.T.);
#5198=PLANE('',#5624);
#5199=PLANE('',#5625);
#5200=PLANE('',#5626);
#5201=PLANE('',#5627);
#5202=PLANE('',#5628);
#5203=PLANE('',#5629);
#5204=PLANE('',#5630);
#5205=PLANE('',#5631);
#5206=PLANE('',#5632);
#5207=PLANE('',#5633);
#5208=PLANE('',#5634);
#5209=PLANE('',#5635);
#5210=PLANE('',#5636);
#5211=PLANE('',#5637);
#5212=PLANE('',#5638);
#5213=PLANE('',#5639);
#5214=PLANE('',#5640);
#5215=PLANE('',#5641);
#5216=PLANE('',#5642);
#5217=PLANE('',#5643);
#5218=PLANE('',#5644);
#5219=PLANE('',#5645);
#5220=PLANE('',#5646);
#5221=PLANE('',#5647);
#5222=PLANE('',#5648);
#5223=PLANE('',#5649);
#5224=PLANE('',#5650);
#5225=PLANE('',#5651);
#5226=PLANE('',#5652);
#5227=PLANE('',#5653);
#5228=PLANE('',#5654);
#5229=PLANE('',#5655);
#5230=PLANE('',#5656);
#5231=PLANE('',#5657);
#5232=PLANE('',#5658);
#5233=PLANE('',#5659);
#5234=PLANE('',#5660);
#5235=PLANE('',#5661);
#5236=PLANE('',#5662);
#5237=PLANE('',#5663);
#5238=PLANE('',#5664);
#5239=PLANE('',#5665);
#5240=PLANE('',#5666);
#5241=PLANE('',#5667);
#5242=PLANE('',#5668);
#5243=PLANE('',#5669);
#5244=PLANE('',#5670);
#5245=PLANE('',#5671);
#5246=PLANE('',#5672);
#5247=PLANE('',#5673);
#5248=PLANE('',#5674);
#5249=PLANE('',#5675);
#5250=PLANE('',#5676);
#5251=PLANE('',#5677);
#5252=PLANE('',#5678);
#5253=PLANE('',#5679);
#5254=PLANE('',#5680);
#5255=PLANE('',#5681);
#5256=PLANE('',#5682);
#5257=PLANE('',#5683);
#5258=PLANE('',#5684);
#5259=PLANE('',#5685);
#5260=PLANE('',#5686);
#5261=PLANE('',#5687);
#5262=PLANE('',#5688);
#5263=PLANE('',#5689);
#5264=PLANE('',#5690);
#5265=PLANE('',#5691);
#5266=PLANE('',#5692);
#5267=PLANE('',#5693);
#5268=PLANE('',#5694);
#5269=PLANE('',#5698);
#5270=PLANE('',#5699);
#5271=PLANE('',#5709);
#5272=PLANE('',#5712);
#5273=PLANE('',#5715);
#5274=PLANE('',#5716);
#5275=PLANE('',#5717);
#5276=PLANE('',#5718);
#5277=PLANE('',#5719);
#5278=PLANE('',#5720);
#5279=PLANE('',#5721);
#5280=PLANE('',#5728);
#5281=PLANE('',#5729);
#5282=PLANE('',#5732);
#5283=PLANE('',#5733);
#5284=PLANE('',#5734);
#5285=PLANE('',#5735);
#5286=PLANE('',#5748);
#5287=PLANE('',#5749);
#5288=PLANE('',#5751);
#5289=PLANE('',#5752);
#5290=PLANE('',#5753);
#5291=PLANE('',#5756);
#5292=PLANE('',#5759);
#5293=PLANE('',#5762);
#5294=PLANE('',#5765);
#5295=PLANE('',#5768);
#5296=PLANE('',#5771);
#5297=PLANE('',#5772);
#5298=PLANE('',#5773);
#5299=PLANE('',#5774);
#5300=PLANE('',#5775);
#5301=PLANE('',#5776);
#5302=PLANE('',#5777);
#5303=PLANE('',#5780);
#5304=PLANE('',#5783);
#5305=PLANE('',#5786);
#5306=PLANE('',#5789);
#5307=PLANE('',#5792);
#5308=PLANE('',#5797);
#5309=PLANE('',#5798);
#5310=PLANE('',#5799);
#5311=PLANE('',#5800);
#5312=PLANE('',#5804);
#5313=PLANE('',#5805);
#5314=PLANE('',#5806);
#5315=PLANE('',#5807);
#5316=PLANE('',#5808);
#5317=PLANE('',#5809);
#5318=PLANE('',#5810);
#5319=PLANE('',#5811);
#5320=PLANE('',#5812);
#5321=PLANE('',#5816);
#5322=PLANE('',#5817);
#5323=PLANE('',#5827);
#5324=PLANE('',#5840);
#5325=PLANE('',#5841);
#5326=PLANE('',#5842);
#5327=ADVANCED_FACE('',(#571),#5198,.T.);
#5328=ADVANCED_FACE('',(#572),#5199,.T.);
#5329=ADVANCED_FACE('',(#573),#437,.T.);
#5330=ADVANCED_FACE('',(#574),#438,.T.);
#5331=ADVANCED_FACE('',(#575),#5200,.T.);
#5332=ADVANCED_FACE('',(#576),#5201,.T.);
#5333=ADVANCED_FACE('',(#577),#5202,.T.);
#5334=ADVANCED_FACE('',(#578),#5203,.T.);
#5335=ADVANCED_FACE('',(#579),#5204,.T.);
#5336=ADVANCED_FACE('',(#580),#5205,.T.);
#5337=ADVANCED_FACE('',(#581),#5206,.T.);
#5338=ADVANCED_FACE('',(#582),#5207,.T.);
#5339=ADVANCED_FACE('',(#583),#5208,.T.);
#5340=ADVANCED_FACE('',(#584,#113),#5209,.T.);
#5341=ADVANCED_FACE('',(#585),#5210,.T.);
#5342=ADVANCED_FACE('',(#586),#439,.T.);
#5343=ADVANCED_FACE('',(#587),#440,.T.);
#5344=ADVANCED_FACE('',(#588),#441,.T.);
#5345=ADVANCED_FACE('',(#589),#442,.T.);
#5346=ADVANCED_FACE('',(#590),#443,.T.);
#5347=ADVANCED_FACE('',(#591),#444,.T.);
#5348=ADVANCED_FACE('',(#592),#445,.T.);
#5349=ADVANCED_FACE('',(#593),#446,.T.);
#5350=ADVANCED_FACE('',(#594),#447,.T.);
#5351=ADVANCED_FACE('',(#595),#448,.T.);
#5352=ADVANCED_FACE('',(#596),#449,.T.);
#5353=ADVANCED_FACE('',(#597),#450,.T.);
#5354=ADVANCED_FACE('',(#598),#451,.T.);
#5355=ADVANCED_FACE('',(#599),#452,.T.);
#5356=ADVANCED_FACE('',(#600),#453,.T.);
#5357=ADVANCED_FACE('',(#601),#454,.T.);
#5358=ADVANCED_FACE('',(#602),#455,.T.);
#5359=ADVANCED_FACE('',(#603,#114),#5211,.T.);
#5360=ADVANCED_FACE('',(#604),#5212,.T.);
#5361=ADVANCED_FACE('',(#605),#5213,.T.);
#5362=ADVANCED_FACE('',(#606),#5214,.T.);
#5363=ADVANCED_FACE('',(#607),#5215,.T.);
#5364=ADVANCED_FACE('',(#608),#5216,.T.);
#5365=ADVANCED_FACE('',(#609),#5217,.T.);
#5366=ADVANCED_FACE('',(#610),#5218,.T.);
#5367=ADVANCED_FACE('',(#611),#5219,.T.);
#5368=ADVANCED_FACE('',(#612),#5220,.T.);
#5369=ADVANCED_FACE('',(#613),#5221,.T.);
#5370=ADVANCED_FACE('',(#614),#5222,.T.);
#5371=ADVANCED_FACE('',(#615),#5223,.T.);
#5372=ADVANCED_FACE('',(#616),#5224,.T.);
#5373=ADVANCED_FACE('',(#617),#5225,.T.);
#5374=ADVANCED_FACE('',(#618),#456,.T.);
#5375=ADVANCED_FACE('',(#619),#457,.T.);
#5376=ADVANCED_FACE('',(#620),#458,.T.);
#5377=ADVANCED_FACE('',(#621),#459,.T.);
#5378=ADVANCED_FACE('',(#622),#5226,.T.);
#5379=ADVANCED_FACE('',(#623),#5227,.T.);
#5380=ADVANCED_FACE('',(#624),#5228,.T.);
#5381=ADVANCED_FACE('',(#625),#460,.T.);
#5382=ADVANCED_FACE('',(#626),#461,.T.);
#5383=ADVANCED_FACE('',(#627),#462,.T.);
#5384=ADVANCED_FACE('',(#628),#463,.T.);
#5385=ADVANCED_FACE('',(#629),#464,.T.);
#5386=ADVANCED_FACE('',(#630),#5229,.T.);
#5387=ADVANCED_FACE('',(#631),#5230,.T.);
#5388=ADVANCED_FACE('',(#632),#5231,.T.);
#5389=ADVANCED_FACE('',(#633),#465,.T.);
#5390=ADVANCED_FACE('',(#634),#466,.T.);
#5391=ADVANCED_FACE('',(#635),#467,.T.);
#5392=ADVANCED_FACE('',(#636),#468,.T.);
#5393=ADVANCED_FACE('',(#637),#469,.T.);
#5394=ADVANCED_FACE('',(#638),#470,.T.);
#5395=ADVANCED_FACE('',(#639),#471,.T.);
#5396=ADVANCED_FACE('',(#640),#472,.T.);
#5397=ADVANCED_FACE('',(#641),#473,.T.);
#5398=ADVANCED_FACE('',(#642),#5232,.T.);
#5399=ADVANCED_FACE('',(#643),#474,.T.);
#5400=ADVANCED_FACE('',(#644),#475,.T.);
#5401=ADVANCED_FACE('',(#645),#476,.T.);
#5402=ADVANCED_FACE('',(#646),#477,.T.);
#5403=ADVANCED_FACE('',(#647),#478,.T.);
#5404=ADVANCED_FACE('',(#648),#479,.T.);
#5405=ADVANCED_FACE('',(#649),#480,.T.);
#5406=ADVANCED_FACE('',(#650),#481,.T.);
#5407=ADVANCED_FACE('',(#651),#482,.T.);
#5408=ADVANCED_FACE('',(#652),#483,.T.);
#5409=ADVANCED_FACE('',(#653),#484,.T.);
#5410=ADVANCED_FACE('',(#654),#485,.T.);
#5411=ADVANCED_FACE('',(#655),#486,.T.);
#5412=ADVANCED_FACE('',(#656),#487,.T.);
#5413=ADVANCED_FACE('',(#657),#5233,.T.);
#5414=ADVANCED_FACE('',(#658),#488,.T.);
#5415=ADVANCED_FACE('',(#659),#489,.T.);
#5416=ADVANCED_FACE('',(#660),#490,.T.);
#5417=ADVANCED_FACE('',(#661),#491,.T.);
#5418=ADVANCED_FACE('',(#662),#492,.T.);
#5419=ADVANCED_FACE('',(#663),#493,.T.);
#5420=ADVANCED_FACE('',(#664),#494,.T.);
#5421=ADVANCED_FACE('',(#665),#5234,.T.);
#5422=ADVANCED_FACE('',(#666),#495,.T.);
#5423=ADVANCED_FACE('',(#667),#496,.T.);
#5424=ADVANCED_FACE('',(#668),#5235,.T.);
#5425=ADVANCED_FACE('',(#669),#497,.T.);
#5426=ADVANCED_FACE('',(#670,#115),#5236,.T.);
#5427=ADVANCED_FACE('',(#671),#5237,.T.);
#5428=ADVANCED_FACE('',(#672),#5238,.T.);
#5429=ADVANCED_FACE('',(#673),#498,.T.);
#5430=ADVANCED_FACE('',(#674),#499,.T.);
#5431=ADVANCED_FACE('',(#675),#500,.T.);
#5432=ADVANCED_FACE('',(#676),#501,.T.);
#5433=ADVANCED_FACE('',(#677),#502,.T.);
#5434=ADVANCED_FACE('',(#678),#503,.T.);
#5435=ADVANCED_FACE('',(#679),#504,.T.);
#5436=ADVANCED_FACE('',(#680),#505,.T.);
#5437=ADVANCED_FACE('',(#681),#506,.T.);
#5438=ADVANCED_FACE('',(#682),#507,.T.);
#5439=ADVANCED_FACE('',(#683),#508,.T.);
#5440=ADVANCED_FACE('',(#684),#509,.T.);
#5441=ADVANCED_FACE('',(#685),#510,.T.);
#5442=ADVANCED_FACE('',(#686),#511,.T.);
#5443=ADVANCED_FACE('',(#687),#512,.T.);
#5444=ADVANCED_FACE('',(#688),#513,.T.);
#5445=ADVANCED_FACE('',(#689),#5239,.T.);
#5446=ADVANCED_FACE('',(#690),#514,.T.);
#5447=ADVANCED_FACE('',(#691),#515,.T.);
#5448=ADVANCED_FACE('',(#692),#516,.T.);
#5449=ADVANCED_FACE('',(#693),#517,.T.);
#5450=ADVANCED_FACE('',(#694),#518,.T.);
#5451=ADVANCED_FACE('',(#695),#519,.T.);
#5452=ADVANCED_FACE('',(#696),#520,.T.);
#5453=ADVANCED_FACE('',(#697),#521,.T.);
#5454=ADVANCED_FACE('',(#698),#522,.T.);
#5455=ADVANCED_FACE('',(#699),#523,.T.);
#5456=ADVANCED_FACE('',(#700),#524,.T.);
#5457=ADVANCED_FACE('',(#701),#525,.T.);
#5458=ADVANCED_FACE('',(#702),#526,.T.);
#5459=ADVANCED_FACE('',(#703),#527,.T.);
#5460=ADVANCED_FACE('',(#704),#528,.T.);
#5461=ADVANCED_FACE('',(#705),#5240,.T.);
#5462=ADVANCED_FACE('',(#706),#5241,.T.);
#5463=ADVANCED_FACE('',(#707),#5242,.T.);
#5464=ADVANCED_FACE('',(#708),#5243,.T.);
#5465=ADVANCED_FACE('',(#709),#529,.T.);
#5466=ADVANCED_FACE('',(#710),#530,.T.);
#5467=ADVANCED_FACE('',(#711),#531,.T.);
#5468=ADVANCED_FACE('',(#712),#532,.T.);
#5469=ADVANCED_FACE('',(#713),#533,.T.);
#5470=ADVANCED_FACE('',(#714),#534,.T.);
#5471=ADVANCED_FACE('',(#715),#535,.T.);
#5472=ADVANCED_FACE('',(#716),#5244,.T.);
#5473=ADVANCED_FACE('',(#717),#5245,.T.);
#5474=ADVANCED_FACE('',(#718),#5246,.T.);
#5475=ADVANCED_FACE('',(#719),#536,.T.);
#5476=ADVANCED_FACE('',(#720),#537,.T.);
#5477=ADVANCED_FACE('',(#721),#538,.T.);
#5478=ADVANCED_FACE('',(#722),#539,.T.);
#5479=ADVANCED_FACE('',(#723),#540,.T.);
#5480=ADVANCED_FACE('',(#724),#5247,.T.);
#5481=ADVANCED_FACE('',(#725),#5248,.T.);
#5482=ADVANCED_FACE('',(#726),#5249,.T.);
#5483=ADVANCED_FACE('',(#727),#541,.T.);
#5484=ADVANCED_FACE('',(#728),#542,.T.);
#5485=ADVANCED_FACE('',(#729),#543,.T.);
#5486=ADVANCED_FACE('',(#730),#544,.T.);
#5487=ADVANCED_FACE('',(#731),#545,.T.);
#5488=ADVANCED_FACE('',(#732),#5250,.T.);
#5489=ADVANCED_FACE('',(#733),#5251,.T.);
#5490=ADVANCED_FACE('',(#734),#5252,.T.);
#5491=ADVANCED_FACE('',(#735),#5253,.T.);
#5492=ADVANCED_FACE('',(#736),#5254,.T.);
#5493=ADVANCED_FACE('',(#737),#5255,.T.);
#5494=ADVANCED_FACE('',(#738),#546,.T.);
#5495=ADVANCED_FACE('',(#739),#547,.T.);
#5496=ADVANCED_FACE('',(#740),#548,.T.);
#5497=ADVANCED_FACE('',(#741),#549,.T.);
#5498=ADVANCED_FACE('',(#742),#5256,.T.);
#5499=ADVANCED_FACE('',(#743),#5257,.T.);
#5500=ADVANCED_FACE('',(#744),#5258,.T.);
#5501=ADVANCED_FACE('',(#745),#550,.T.);
#5502=ADVANCED_FACE('',(#746),#551,.T.);
#5503=ADVANCED_FACE('',(#747),#552,.T.);
#5504=ADVANCED_FACE('',(#748),#553,.T.);
#5505=ADVANCED_FACE('',(#749),#554,.T.);
#5506=ADVANCED_FACE('',(#750),#5259,.T.);
#5507=ADVANCED_FACE('',(#751),#5260,.T.);
#5508=ADVANCED_FACE('',(#752),#5261,.T.);
#5509=ADVANCED_FACE('',(#753),#555,.T.);
#5510=ADVANCED_FACE('',(#754),#556,.T.);
#5511=ADVANCED_FACE('',(#755),#557,.T.);
#5512=ADVANCED_FACE('',(#756),#558,.T.);
#5513=ADVANCED_FACE('',(#757),#559,.T.);
#5514=ADVANCED_FACE('',(#758),#560,.T.);
#5515=ADVANCED_FACE('',(#759),#561,.T.);
#5516=ADVANCED_FACE('',(#760),#562,.T.);
#5517=ADVANCED_FACE('',(#761),#5262,.T.);
#5518=ADVANCED_FACE('',(#762),#5263,.T.);
#5519=ADVANCED_FACE('',(#763),#5264,.T.);
#5520=ADVANCED_FACE('',(#764),#5265,.T.);
#5521=ADVANCED_FACE('',(#765),#563,.T.);
#5522=ADVANCED_FACE('',(#766),#564,.T.);
#5523=ADVANCED_FACE('',(#767),#565,.T.);
#5524=ADVANCED_FACE('',(#768),#566,.T.);
#5525=ADVANCED_FACE('',(#769),#567,.T.);
#5526=ADVANCED_FACE('',(#770),#568,.T.);
#5527=ADVANCED_FACE('',(#771),#569,.T.);
#5528=ADVANCED_FACE('',(#772),#570,.T.);
#5529=ADVANCED_FACE('',(#773),#5266,.T.);
#5530=ADVANCED_FACE('',(#774,#116),#5267,.T.);
#5531=ADVANCED_FACE('',(#775),#5268,.T.);
#5532=ADVANCED_FACE('',(#776),#83,.T.);
#5533=ADVANCED_FACE('',(#777),#5269,.T.);
#5534=ADVANCED_FACE('',(#778,#117,#118,#119,#120,#121),#5270,.F.);
#5535=ADVANCED_FACE('',(#779),#84,.T.);
#5536=ADVANCED_FACE('',(#780),#5271,.T.);
#5537=ADVANCED_FACE('',(#781),#85,.T.);
#5538=ADVANCED_FACE('',(#782),#5272,.T.);
#5539=ADVANCED_FACE('',(#783),#86,.T.);
#5540=ADVANCED_FACE('',(#784),#5273,.F.);
#5541=ADVANCED_FACE('',(#785),#5274,.F.);
#5542=ADVANCED_FACE('',(#786),#5275,.F.);
#5543=ADVANCED_FACE('',(#787),#5276,.F.);
#5544=ADVANCED_FACE('',(#788,#122),#5277,.F.);
#5545=ADVANCED_FACE('',(#789),#5278,.T.);
#5546=ADVANCED_FACE('',(#790),#5279,.T.);
#5547=ADVANCED_FACE('',(#791),#87,.F.);
#5548=ADVANCED_FACE('',(#792),#88,.F.);
#5549=ADVANCED_FACE('',(#793),#89,.F.);
#5550=ADVANCED_FACE('',(#794),#5280,.T.);
#5551=ADVANCED_FACE('',(#795),#5281,.T.);
#5552=ADVANCED_FACE('',(#796),#90,.F.);
#5553=ADVANCED_FACE('',(#797),#5282,.T.);
#5554=ADVANCED_FACE('',(#798,#123,#124,#125,#126,#127,#128,#129,#130,#131,
#132,#133,#134,#135,#136,#137),#5283,.T.);
#5555=ADVANCED_FACE('',(#799),#5284,.F.);
#5556=ADVANCED_FACE('',(#800,#138,#139,#140,#141,#142,#143,#144),#5285,
 .F.);
#5557=ADVANCED_FACE('',(#801),#5286,.F.);
#5558=ADVANCED_FACE('',(#802,#145),#5287,.F.);
#5559=ADVANCED_FACE('',(#803),#5288,.F.);
#5560=ADVANCED_FACE('',(#804),#5289,.F.);
#5561=ADVANCED_FACE('',(#805),#5290,.F.);
#5562=ADVANCED_FACE('',(#806),#91,.F.);
#5563=ADVANCED_FACE('',(#807),#5291,.F.);
#5564=ADVANCED_FACE('',(#808),#92,.F.);
#5565=ADVANCED_FACE('',(#809),#5292,.F.);
#5566=ADVANCED_FACE('',(#810),#93,.F.);
#5567=ADVANCED_FACE('',(#811),#5293,.F.);
#5568=ADVANCED_FACE('',(#812),#94,.F.);
#5569=ADVANCED_FACE('',(#813),#5294,.F.);
#5570=ADVANCED_FACE('',(#814),#95,.F.);
#5571=ADVANCED_FACE('',(#815),#5295,.F.);
#5572=ADVANCED_FACE('',(#816),#96,.F.);
#5573=ADVANCED_FACE('',(#817),#5296,.F.);
#5574=ADVANCED_FACE('',(#818),#5297,.F.);
#5575=ADVANCED_FACE('',(#819),#5298,.F.);
#5576=ADVANCED_FACE('',(#820),#5299,.F.);
#5577=ADVANCED_FACE('',(#821),#5300,.F.);
#5578=ADVANCED_FACE('',(#822),#5301,.F.);
#5579=ADVANCED_FACE('',(#823),#5302,.F.);
#5580=ADVANCED_FACE('',(#824),#97,.F.);
#5581=ADVANCED_FACE('',(#825),#5303,.F.);
#5582=ADVANCED_FACE('',(#826),#98,.F.);
#5583=ADVANCED_FACE('',(#827),#5304,.F.);
#5584=ADVANCED_FACE('',(#828),#99,.F.);
#5585=ADVANCED_FACE('',(#829),#5305,.F.);
#5586=ADVANCED_FACE('',(#830),#100,.F.);
#5587=ADVANCED_FACE('',(#831),#5306,.F.);
#5588=ADVANCED_FACE('',(#832),#101,.F.);
#5589=ADVANCED_FACE('',(#833),#5307,.F.);
#5590=ADVANCED_FACE('',(#834),#102,.F.);
#5591=ADVANCED_FACE('',(#835),#103,.F.);
#5592=ADVANCED_FACE('',(#836),#5308,.F.);
#5593=ADVANCED_FACE('',(#837),#5309,.F.);
#5594=ADVANCED_FACE('',(#838),#5310,.F.);
#5595=ADVANCED_FACE('',(#839),#5311,.F.);
#5596=ADVANCED_FACE('',(#840),#104,.F.);
#5597=ADVANCED_FACE('',(#841),#5312,.F.);
#5598=ADVANCED_FACE('',(#842),#5313,.F.);
#5599=ADVANCED_FACE('',(#843),#5314,.F.);
#5600=ADVANCED_FACE('',(#844),#5315,.F.);
#5601=ADVANCED_FACE('',(#845),#5316,.F.);
#5602=ADVANCED_FACE('',(#846),#5317,.F.);
#5603=ADVANCED_FACE('',(#847,#146,#147,#148),#5318,.F.);
#5604=ADVANCED_FACE('',(#848),#5319,.F.);
#5605=ADVANCED_FACE('',(#849),#5320,.F.);
#5606=ADVANCED_FACE('',(#850),#105,.T.);
#5607=ADVANCED_FACE('',(#851,#149),#5321,.T.);
#5608=ADVANCED_FACE('',(#852,#150,#151,#152,#153),#5322,.F.);
#5609=ADVANCED_FACE('',(#853),#106,.T.);
#5610=ADVANCED_FACE('',(#854,#154,#155,#156,#157,#158,#159,#160),#5323,
 .T.);
#5611=ADVANCED_FACE('',(#855),#107,.T.);
#5612=ADVANCED_FACE('',(#856),#108,.T.);
#5613=ADVANCED_FACE('',(#857),#109,.F.);
#5614=ADVANCED_FACE('',(#858),#110,.F.);
#5615=ADVANCED_FACE('',(#859),#111,.F.);
#5616=ADVANCED_FACE('',(#860),#112,.F.);
#5617=ADVANCED_FACE('',(#861,#161,#162,#163),#5324,.T.);
#5618=ADVANCED_FACE('',(#862),#5325,.T.);
#5619=ADVANCED_FACE('',(#863,#164,#165,#166,#167,#168),#5326,.T.);
#5620=CLOSED_SHELL('',(#5327,#5328,#5329,#5330,#5331,#5332,#5333,#5334,
#5335,#5336,#5337,#5338,#5339,#5340,#5341,#5342,#5343,#5344,#5345,#5346,
#5347,#5348,#5349,#5350,#5351,#5352,#5353,#5354,#5355,#5356,#5357,#5358,
#5359,#5360,#5361,#5362,#5363,#5364,#5365,#5366,#5367,#5368,#5369,#5370,
#5371,#5372,#5373,#5374,#5375,#5376,#5377,#5378,#5379,#5380,#5381,#5382,
#5383,#5384,#5385,#5386,#5387,#5388,#5389,#5390,#5391,#5392,#5393,#5394,
#5395,#5396,#5397,#5398,#5399,#5400,#5401,#5402,#5403,#5404,#5405,#5406,
#5407,#5408,#5409,#5410,#5411,#5412,#5413,#5414,#5415,#5416,#5417,#5418,
#5419,#5420,#5421,#5422,#5423,#5424,#5425,#5426,#5427,#5428,#5429,#5430,
#5431,#5432,#5433,#5434,#5435,#5436,#5437,#5438,#5439,#5440,#5441,#5442,
#5443,#5444,#5445,#5446,#5447,#5448,#5449,#5450,#5451,#5452,#5453,#5454,
#5455,#5456,#5457,#5458,#5459,#5460,#5461,#5462,#5463,#5464,#5465,#5466,
#5467,#5468,#5469,#5470,#5471,#5472,#5473,#5474,#5475,#5476,#5477,#5478,
#5479,#5480,#5481,#5482,#5483,#5484,#5485,#5486,#5487,#5488,#5489,#5490,
#5491,#5492,#5493,#5494,#5495,#5496,#5497,#5498,#5499,#5500,#5501,#5502,
#5503,#5504,#5505,#5506,#5507,#5508,#5509,#5510,#5511,#5512,#5513,#5514,
#5515,#5516,#5517,#5518,#5519,#5520,#5521,#5522,#5523,#5524,#5525,#5526,
#5527,#5528,#5529,#5530,#5531,#5532,#5533,#5534,#5535,#5536,#5537,#5538,
#5539,#5540,#5541,#5542,#5543,#5544,#5545,#5546,#5547,#5548,#5549,#5550,
#5551,#5552,#5553,#5554));
#5621=CLOSED_SHELL('',(#5555,#5556,#5557,#5558,#5559,#5560,#5561,#5562,
#5563,#5564,#5565,#5566,#5567,#5568,#5569,#5570,#5571,#5572,#5573,#5574,
#5575,#5576,#5577,#5578,#5579,#5580,#5581,#5582,#5583,#5584,#5585,#5586,
#5587,#5588,#5589,#5590,#5591,#5592,#5593,#5594,#5595,#5596,#5597,#5598,
#5599,#5600,#5601,#5602,#5603,#5604,#5605,#5606,#5607,#5608,#5609,#5610,
#5611,#5612,#5613,#5614,#5615,#5616,#5617,#5618,#5619));
#5622=AXIS2_PLACEMENT_3D('',#6779,#5844,#5845);
#5623=AXIS2_PLACEMENT_3D('',#6780,#5846,#5847);
#5624=AXIS2_PLACEMENT_3D('',#6781,#5848,#5849);
#5625=AXIS2_PLACEMENT_3D('',#6790,#5854,#5855);
#5626=AXIS2_PLACEMENT_3D('',#6842,#5861,#5862);
#5627=AXIS2_PLACEMENT_3D('',#6845,#5865,#5866);
#5628=AXIS2_PLACEMENT_3D('',#6854,#5871,#5872);
#5629=AXIS2_PLACEMENT_3D('',#6860,#5876,#5877);
#5630=AXIS2_PLACEMENT_3D('',#6866,#5881,#5882);
#5631=AXIS2_PLACEMENT_3D('',#6872,#5886,#5887);
#5632=AXIS2_PLACEMENT_3D('',#6878,#5891,#5892);
#5633=AXIS2_PLACEMENT_3D('',#6884,#5896,#5897);
#5634=AXIS2_PLACEMENT_3D('',#6890,#5901,#5902);
#5635=AXIS2_PLACEMENT_3D('',#6893,#5905,#5906);
#5636=AXIS2_PLACEMENT_3D('',#6894,#5907,#5908);
#5637=AXIS2_PLACEMENT_3D('',#7286,#5926,#5927);
#5638=AXIS2_PLACEMENT_3D('',#7287,#5928,#5929);
#5639=AXIS2_PLACEMENT_3D('',#7288,#5930,#5931);
#5640=AXIS2_PLACEMENT_3D('',#7297,#5936,#5937);
#5641=AXIS2_PLACEMENT_3D('',#7303,#5941,#5942);
#5642=AXIS2_PLACEMENT_3D('',#7309,#5946,#5947);
#5643=AXIS2_PLACEMENT_3D('',#7312,#5950,#5951);
#5644=AXIS2_PLACEMENT_3D('',#7313,#5952,#5953);
#5645=AXIS2_PLACEMENT_3D('',#7322,#5958,#5959);
#5646=AXIS2_PLACEMENT_3D('',#7328,#5963,#5964);
#5647=AXIS2_PLACEMENT_3D('',#7334,#5968,#5969);
#5648=AXIS2_PLACEMENT_3D('',#7337,#5972,#5973);
#5649=AXIS2_PLACEMENT_3D('',#7338,#5974,#5975);
#5650=AXIS2_PLACEMENT_3D('',#7347,#5980,#5981);
#5651=AXIS2_PLACEMENT_3D('',#7353,#5985,#5986);
#5652=AXIS2_PLACEMENT_3D('',#7451,#5994,#5995);
#5653=AXIS2_PLACEMENT_3D('',#7457,#5999,#6000);
#5654=AXIS2_PLACEMENT_3D('',#7463,#6004,#6005);
#5655=AXIS2_PLACEMENT_3D('',#7584,#6014,#6015);
#5656=AXIS2_PLACEMENT_3D('',#7590,#6019,#6020);
#5657=AXIS2_PLACEMENT_3D('',#7593,#6023,#6024);
#5658=AXIS2_PLACEMENT_3D('',#7804,#6035,#6036);
#5659=AXIS2_PLACEMENT_3D('',#8132,#6054,#6055);
#5660=AXIS2_PLACEMENT_3D('',#8299,#6066,#6067);
#5661=AXIS2_PLACEMENT_3D('',#8351,#6073,#6074);
#5662=AXIS2_PLACEMENT_3D('',#8377,#6078,#6079);
#5663=AXIS2_PLACEMENT_3D('',#8378,#6080,#6081);
#5664=AXIS2_PLACEMENT_3D('',#8379,#6082,#6083);
#5665=AXIS2_PLACEMENT_3D('',#8756,#6104,#6105);
#5666=AXIS2_PLACEMENT_3D('',#9104,#6123,#6124);
#5667=AXIS2_PLACEMENT_3D('',#9105,#6125,#6126);
#5668=AXIS2_PLACEMENT_3D('',#9114,#6131,#6132);
#5669=AXIS2_PLACEMENT_3D('',#9120,#6136,#6137);
#5670=AXIS2_PLACEMENT_3D('',#9287,#6148,#6149);
#5671=AXIS2_PLACEMENT_3D('',#9293,#6153,#6154);
#5672=AXIS2_PLACEMENT_3D('',#9299,#6158,#6159);
#5673=AXIS2_PLACEMENT_3D('',#9420,#6168,#6169);
#5674=AXIS2_PLACEMENT_3D('',#9426,#6173,#6174);
#5675=AXIS2_PLACEMENT_3D('',#9432,#6178,#6179);
#5676=AXIS2_PLACEMENT_3D('',#9553,#6188,#6189);
#5677=AXIS2_PLACEMENT_3D('',#9559,#6193,#6194);
#5678=AXIS2_PLACEMENT_3D('',#9562,#6197,#6198);
#5679=AXIS2_PLACEMENT_3D('',#9563,#6199,#6200);
#5680=AXIS2_PLACEMENT_3D('',#9572,#6205,#6206);
#5681=AXIS2_PLACEMENT_3D('',#9578,#6210,#6211);
#5682=AXIS2_PLACEMENT_3D('',#9676,#6219,#6220);
#5683=AXIS2_PLACEMENT_3D('',#9682,#6224,#6225);
#5684=AXIS2_PLACEMENT_3D('',#9688,#6229,#6230);
#5685=AXIS2_PLACEMENT_3D('',#9809,#6239,#6240);
#5686=AXIS2_PLACEMENT_3D('',#9815,#6244,#6245);
#5687=AXIS2_PLACEMENT_3D('',#9818,#6248,#6249);
#5688=AXIS2_PLACEMENT_3D('',#10003,#6258,#6259);
#5689=AXIS2_PLACEMENT_3D('',#10012,#6264,#6265);
#5690=AXIS2_PLACEMENT_3D('',#10018,#6269,#6270);
#5691=AXIS2_PLACEMENT_3D('',#10024,#6274,#6275);
#5692=AXIS2_PLACEMENT_3D('',#10214,#6287,#6288);
#5693=AXIS2_PLACEMENT_3D('',#10217,#6291,#6292);
#5694=AXIS2_PLACEMENT_3D('',#10218,#6293,#6294);
#5695=AXIS2_PLACEMENT_3D('',#10219,#6295,#6296);
#5696=AXIS2_PLACEMENT_3D('',#10222,#6297,#6298);
#5697=AXIS2_PLACEMENT_3D('',#10226,#6300,#6301);
#5698=AXIS2_PLACEMENT_3D('',#10228,#6303,#6304);
#5699=AXIS2_PLACEMENT_3D('',#10234,#6308,#6309);
#5700=AXIS2_PLACEMENT_3D('',#10238,#6311,#6312);
#5701=AXIS2_PLACEMENT_3D('',#10242,#6314,#6315);
#5702=AXIS2_PLACEMENT_3D('',#10245,#6317,#6318);
#5703=AXIS2_PLACEMENT_3D('',#10255,#6323,#6324);
#5704=AXIS2_PLACEMENT_3D('',#10257,#6325,#6326);
#5705=AXIS2_PLACEMENT_3D('',#10259,#6327,#6328);
#5706=AXIS2_PLACEMENT_3D('',#10261,#6329,#6330);
#5707=AXIS2_PLACEMENT_3D('',#10262,#6331,#6332);
#5708=AXIS2_PLACEMENT_3D('',#10264,#6333,#6334);
#5709=AXIS2_PLACEMENT_3D('',#10266,#6336,#6337);
#5710=AXIS2_PLACEMENT_3D('',#10270,#6340,#6341);
#5711=AXIS2_PLACEMENT_3D('',#10272,#6342,#6343);
#5712=AXIS2_PLACEMENT_3D('',#10274,#6345,#6346);
#5713=AXIS2_PLACEMENT_3D('',#10278,#6349,#6350);
#5714=AXIS2_PLACEMENT_3D('',#10280,#6351,#6352);
#5715=AXIS2_PLACEMENT_3D('',#10282,#6354,#6355);
#5716=AXIS2_PLACEMENT_3D('',#10288,#6359,#6360);
#5717=AXIS2_PLACEMENT_3D('',#10292,#6363,#6364);
#5718=AXIS2_PLACEMENT_3D('',#10296,#6367,#6368);
#5719=AXIS2_PLACEMENT_3D('',#10298,#6370,#6371);
#5720=AXIS2_PLACEMENT_3D('',#10307,#6376,#6377);
#5721=AXIS2_PLACEMENT_3D('',#10313,#6381,#6382);
#5722=AXIS2_PLACEMENT_3D('',#10317,#6385,#6386);
#5723=AXIS2_PLACEMENT_3D('',#10319,#6387,#6388);
#5724=AXIS2_PLACEMENT_3D('',#10321,#6390,#6391);
#5725=AXIS2_PLACEMENT_3D('',#10323,#6392,#6393);
#5726=AXIS2_PLACEMENT_3D('',#10325,#6395,#6396);
#5727=AXIS2_PLACEMENT_3D('',#10327,#6397,#6398);
#5728=AXIS2_PLACEMENT_3D('',#10329,#6400,#6401);
#5729=AXIS2_PLACEMENT_3D('',#10333,#6404,#6405);
#5730=AXIS2_PLACEMENT_3D('',#10335,#6407,#6408);
#5731=AXIS2_PLACEMENT_3D('',#10337,#6409,#6410);
#5732=AXIS2_PLACEMENT_3D('',#10339,#6412,#6413);
#5733=AXIS2_PLACEMENT_3D('',#10341,#6415,#6416);
#5734=AXIS2_PLACEMENT_3D('',#10342,#6417,#6418);
#5735=AXIS2_PLACEMENT_3D('',#10351,#6423,#6424);
#5736=AXIS2_PLACEMENT_3D('',#10369,#6433,#6434);
#5737=AXIS2_PLACEMENT_3D('',#10372,#6436,#6437);
#5738=AXIS2_PLACEMENT_3D('',#10377,#6439,#6440);
#5739=AXIS2_PLACEMENT_3D('',#10380,#6442,#6443);
#5740=AXIS2_PLACEMENT_3D('',#10385,#6445,#6446);
#5741=AXIS2_PLACEMENT_3D('',#10388,#6448,#6449);
#5742=AXIS2_PLACEMENT_3D('',#10393,#6451,#6452);
#5743=AXIS2_PLACEMENT_3D('',#10396,#6454,#6455);
#5744=AXIS2_PLACEMENT_3D('',#10401,#6457,#6458);
#5745=AXIS2_PLACEMENT_3D('',#10404,#6460,#6461);
#5746=AXIS2_PLACEMENT_3D('',#10409,#6463,#6464);
#5747=AXIS2_PLACEMENT_3D('',#10412,#6466,#6467);
#5748=AXIS2_PLACEMENT_3D('',#10413,#6468,#6469);
#5749=AXIS2_PLACEMENT_3D('',#10419,#6473,#6474);
#5750=AXIS2_PLACEMENT_3D('',#10429,#6479,#6480);
#5751=AXIS2_PLACEMENT_3D('',#10430,#6481,#6482);
#5752=AXIS2_PLACEMENT_3D('',#10436,#6486,#6487);
#5753=AXIS2_PLACEMENT_3D('',#10442,#6491,#6492);
#5754=AXIS2_PLACEMENT_3D('',#10448,#6496,#6497);
#5755=AXIS2_PLACEMENT_3D('',#10451,#6499,#6500);
#5756=AXIS2_PLACEMENT_3D('',#10452,#6501,#6502);
#5757=AXIS2_PLACEMENT_3D('',#10458,#6506,#6507);
#5758=AXIS2_PLACEMENT_3D('',#10461,#6509,#6510);
#5759=AXIS2_PLACEMENT_3D('',#10462,#6511,#6512);
#5760=AXIS2_PLACEMENT_3D('',#10468,#6516,#6517);
#5761=AXIS2_PLACEMENT_3D('',#10471,#6519,#6520);
#5762=AXIS2_PLACEMENT_3D('',#10472,#6521,#6522);
#5763=AXIS2_PLACEMENT_3D('',#10478,#6526,#6527);
#5764=AXIS2_PLACEMENT_3D('',#10481,#6529,#6530);
#5765=AXIS2_PLACEMENT_3D('',#10482,#6531,#6532);
#5766=AXIS2_PLACEMENT_3D('',#10488,#6536,#6537);
#5767=AXIS2_PLACEMENT_3D('',#10491,#6539,#6540);
#5768=AXIS2_PLACEMENT_3D('',#10492,#6541,#6542);
#5769=AXIS2_PLACEMENT_3D('',#10498,#6546,#6547);
#5770=AXIS2_PLACEMENT_3D('',#10501,#6549,#6550);
#5771=AXIS2_PLACEMENT_3D('',#10502,#6551,#6552);
#5772=AXIS2_PLACEMENT_3D('',#10508,#6556,#6557);
#5773=AXIS2_PLACEMENT_3D('',#10512,#6560,#6561);
#5774=AXIS2_PLACEMENT_3D('',#10518,#6565,#6566);
#5775=AXIS2_PLACEMENT_3D('',#10524,#6570,#6571);
#5776=AXIS2_PLACEMENT_3D('',#10530,#6575,#6576);
#5777=AXIS2_PLACEMENT_3D('',#10536,#6580,#6581);
#5778=AXIS2_PLACEMENT_3D('',#10540,#6584,#6585);
#5779=AXIS2_PLACEMENT_3D('',#10541,#6586,#6587);
#5780=AXIS2_PLACEMENT_3D('',#10542,#6588,#6589);
#5781=AXIS2_PLACEMENT_3D('',#10546,#6592,#6593);
#5782=AXIS2_PLACEMENT_3D('',#10547,#6594,#6595);
#5783=AXIS2_PLACEMENT_3D('',#10548,#6596,#6597);
#5784=AXIS2_PLACEMENT_3D('',#10552,#6600,#6601);
#5785=AXIS2_PLACEMENT_3D('',#10553,#6602,#6603);
#5786=AXIS2_PLACEMENT_3D('',#10554,#6604,#6605);
#5787=AXIS2_PLACEMENT_3D('',#10558,#6608,#6609);
#5788=AXIS2_PLACEMENT_3D('',#10559,#6610,#6611);
#5789=AXIS2_PLACEMENT_3D('',#10560,#6612,#6613);
#5790=AXIS2_PLACEMENT_3D('',#10564,#6616,#6617);
#5791=AXIS2_PLACEMENT_3D('',#10565,#6618,#6619);
#5792=AXIS2_PLACEMENT_3D('',#10566,#6620,#6621);
#5793=AXIS2_PLACEMENT_3D('',#10570,#6624,#6625);
#5794=AXIS2_PLACEMENT_3D('',#10571,#6626,#6627);
#5795=AXIS2_PLACEMENT_3D('',#10572,#6628,#6629);
#5796=AXIS2_PLACEMENT_3D('',#10574,#6630,#6631);
#5797=AXIS2_PLACEMENT_3D('',#10576,#6633,#6634);
#5798=AXIS2_PLACEMENT_3D('',#10585,#6639,#6640);
#5799=AXIS2_PLACEMENT_3D('',#10591,#6644,#6645);
#5800=AXIS2_PLACEMENT_3D('',#10597,#6649,#6650);
#5801=AXIS2_PLACEMENT_3D('',#10600,#6653,#6654);
#5802=AXIS2_PLACEMENT_3D('',#10602,#6655,#6656);
#5803=AXIS2_PLACEMENT_3D('',#10605,#6658,#6659);
#5804=AXIS2_PLACEMENT_3D('',#10606,#6660,#6661);
#5805=AXIS2_PLACEMENT_3D('',#10615,#6666,#6667);
#5806=AXIS2_PLACEMENT_3D('',#10621,#6671,#6672);
#5807=AXIS2_PLACEMENT_3D('',#10627,#6676,#6677);
#5808=AXIS2_PLACEMENT_3D('',#10630,#6680,#6681);
#5809=AXIS2_PLACEMENT_3D('',#10634,#6684,#6685);
#5810=AXIS2_PLACEMENT_3D('',#10636,#6687,#6688);
#5811=AXIS2_PLACEMENT_3D('',#10639,#6691,#6692);
#5812=AXIS2_PLACEMENT_3D('',#10642,#6695,#6696);
#5813=AXIS2_PLACEMENT_3D('',#10643,#6697,#6698);
#5814=AXIS2_PLACEMENT_3D('',#10646,#6699,#6700);
#5815=AXIS2_PLACEMENT_3D('',#10650,#6702,#6703);
#5816=AXIS2_PLACEMENT_3D('',#10652,#6705,#6706);
#5817=AXIS2_PLACEMENT_3D('',#10658,#6710,#6711);
#5818=AXIS2_PLACEMENT_3D('',#10662,#6713,#6714);
#5819=AXIS2_PLACEMENT_3D('',#10666,#6716,#6717);
#5820=AXIS2_PLACEMENT_3D('',#10669,#6719,#6720);
#5821=AXIS2_PLACEMENT_3D('',#10671,#6721,#6722);
#5822=AXIS2_PLACEMENT_3D('',#10673,#6723,#6724);
#5823=AXIS2_PLACEMENT_3D('',#10675,#6725,#6726);
#5824=AXIS2_PLACEMENT_3D('',#10677,#6727,#6728);
#5825=AXIS2_PLACEMENT_3D('',#10678,#6729,#6730);
#5826=AXIS2_PLACEMENT_3D('',#10681,#6731,#6732);
#5827=AXIS2_PLACEMENT_3D('',#10684,#6735,#6736);
#5828=AXIS2_PLACEMENT_3D('',#10688,#6739,#6740);
#5829=AXIS2_PLACEMENT_3D('',#10690,#6741,#6742);
#5830=AXIS2_PLACEMENT_3D('',#10692,#6744,#6745);
#5831=AXIS2_PLACEMENT_3D('',#10694,#6746,#6747);
#5832=AXIS2_PLACEMENT_3D('',#10696,#6749,#6750);
#5833=AXIS2_PLACEMENT_3D('',#10698,#6751,#6752);
#5834=AXIS2_PLACEMENT_3D('',#10700,#6754,#6755);
#5835=AXIS2_PLACEMENT_3D('',#10702,#6756,#6757);
#5836=AXIS2_PLACEMENT_3D('',#10704,#6759,#6760);
#5837=AXIS2_PLACEMENT_3D('',#10706,#6761,#6762);
#5838=AXIS2_PLACEMENT_3D('',#10708,#6764,#6765);
#5839=AXIS2_PLACEMENT_3D('',#10710,#6766,#6767);
#5840=AXIS2_PLACEMENT_3D('',#10712,#6769,#6770);
#5841=AXIS2_PLACEMENT_3D('',#10714,#6772,#6773);
#5842=AXIS2_PLACEMENT_3D('',#10716,#6775,#6776);
#5843=AXIS2_PLACEMENT_3D('',#10717,#6777,#6778);
#5844=DIRECTION('axis',(0.,0.,1.));
#5845=DIRECTION('refdir',(1.,0.,0.));
#5846=DIRECTION('axis',(0.,0.,1.));
#5847=DIRECTION('refdir',(1.,0.,0.));
#5848=DIRECTION('center_axis',(-1.,0.,0.));
#5849=DIRECTION('ref_axis',(0.,0.,-1.));
#5850=DIRECTION('',(0.,0.,1.));
#5851=DIRECTION('',(0.,-1.,0.));
#5852=DIRECTION('',(0.,0.,-1.));
#5853=DIRECTION('',(0.,-1.,0.));
#5854=DIRECTION('center_axis',(0.352638588395354,0.,-0.935759598387605));
#5855=DIRECTION('ref_axis',(0.935759598387605,0.,0.352638588395354));
#5856=DIRECTION('',(-0.935759598387605,1.14597499693679E-16,-0.352638588395354));
#5857=DIRECTION('',(0.935759598387605,0.,0.352638588395354));
#5858=DIRECTION('',(0.,-1.,0.));
#5859=DIRECTION('',(0.,-1.,0.));
#5860=DIRECTION('',(0.,-1.,0.));
#5861=DIRECTION('center_axis',(0.350645931262613,0.,0.936508105084508));
#5862=DIRECTION('ref_axis',(-0.936508105084508,0.,0.350645931262613));
#5863=DIRECTION('',(0.936508105084508,-1.1468916532673E-16,-0.350645931262613));
#5864=DIRECTION('',(-0.936508105084508,0.,0.350645931262613));
#5865=DIRECTION('center_axis',(-0.358509679875593,0.,-0.93352600897645));
#5866=DIRECTION('ref_axis',(0.93352600897645,0.,-0.358509679875593));
#5867=DIRECTION('',(-0.93352600897645,1.14323963881381E-16,0.358509679875593));
#5868=DIRECTION('',(0.,-1.,0.));
#5869=DIRECTION('',(0.93352600897645,0.,-0.358509679875593));
#5870=DIRECTION('',(0.,-1.,0.));
#5871=DIRECTION('center_axis',(-1.,0.,0.));
#5872=DIRECTION('ref_axis',(0.,0.,-1.));
#5873=DIRECTION('',(0.,0.,1.));
#5874=DIRECTION('',(0.,0.,-1.));
#5875=DIRECTION('',(0.,-1.,0.));
#5876=DIRECTION('center_axis',(-0.378780316579378,0.,0.925486613502338));
#5877=DIRECTION('ref_axis',(-0.925486613502338,0.,-0.378780316579377));
#5878=DIRECTION('',(0.925486613502338,-1.13339421887936E-16,0.378780316579377));
#5879=DIRECTION('',(-0.925486613502338,0.,-0.378780316579377));
#5880=DIRECTION('',(0.,-1.,0.));
#5881=DIRECTION('center_axis',(1.,0.,0.));
#5882=DIRECTION('ref_axis',(0.,0.,1.));
#5883=DIRECTION('',(0.,0.,-1.));
#5884=DIRECTION('',(0.,0.,1.));
#5885=DIRECTION('',(0.,-1.,0.));
#5886=DIRECTION('center_axis',(0.359401329664763,0.,-0.933183092557511));
#5887=DIRECTION('ref_axis',(0.933183092557511,0.,0.359401329664763));
#5888=DIRECTION('',(-0.933183092557511,1.14281968731898E-16,-0.359401329664763));
#5889=DIRECTION('',(0.933183092557511,0.,0.359401329664763));
#5890=DIRECTION('',(0.,-1.,0.));
#5891=DIRECTION('center_axis',(1.,0.,0.));
#5892=DIRECTION('ref_axis',(0.,0.,1.));
#5893=DIRECTION('',(0.,0.,-1.));
#5894=DIRECTION('',(0.,0.,1.));
#5895=DIRECTION('',(0.,-1.,0.));
#5896=DIRECTION('center_axis',(0.340893002055581,0.,0.940102101449377));
#5897=DIRECTION('ref_axis',(-0.940102101449377,0.,0.340893002055581));
#5898=DIRECTION('',(0.940102101449377,-1.15129302941168E-16,-0.340893002055581));
#5899=DIRECTION('',(-0.940102101449377,0.,0.340893002055581));
#5900=DIRECTION('',(0.,-1.,0.));
#5901=DIRECTION('center_axis',(1.,0.,0.));
#5902=DIRECTION('ref_axis',(0.,0.,1.));
#5903=DIRECTION('',(0.,0.,-1.));
#5904=DIRECTION('',(0.,0.,1.));
#5905=DIRECTION('center_axis',(0.,-1.,0.));
#5906=DIRECTION('ref_axis',(-1.,0.,0.));
#5907=DIRECTION('center_axis',(-1.22464679914735E-16,-1.,0.));
#5908=DIRECTION('ref_axis',(-1.,1.22464679914735E-16,0.));
#5909=DIRECTION('',(0.,-1.,0.));
#5910=DIRECTION('',(0.,-1.,0.));
#5911=DIRECTION('',(0.,-1.,0.));
#5912=DIRECTION('',(0.,-1.,0.));
#5913=DIRECTION('',(0.,-1.,0.));
#5914=DIRECTION('',(0.,-1.,0.));
#5915=DIRECTION('',(0.,-1.,0.));
#5916=DIRECTION('',(0.,-1.,0.));
#5917=DIRECTION('',(0.,-1.,0.));
#5918=DIRECTION('',(0.,-1.,0.));
#5919=DIRECTION('',(0.,-1.,0.));
#5920=DIRECTION('',(0.,-1.,0.));
#5921=DIRECTION('',(0.,-1.,0.));
#5922=DIRECTION('',(0.,-1.,0.));
#5923=DIRECTION('',(0.,-1.,0.));
#5924=DIRECTION('',(0.,-1.,0.));
#5925=DIRECTION('',(0.,-1.,0.));
#5926=DIRECTION('center_axis',(0.,-1.,0.));
#5927=DIRECTION('ref_axis',(-1.,0.,0.));
#5928=DIRECTION('center_axis',(-1.22464679914735E-16,-1.,0.));
#5929=DIRECTION('ref_axis',(-1.,1.22464679914735E-16,0.));
#5930=DIRECTION('center_axis',(0.,0.,-1.));
#5931=DIRECTION('ref_axis',(1.,0.,0.));
#5932=DIRECTION('',(-1.,1.22464679914735E-16,0.));
#5933=DIRECTION('',(0.,-1.,0.));
#5934=DIRECTION('',(1.,0.,0.));
#5935=DIRECTION('',(0.,-1.,0.));
#5936=DIRECTION('center_axis',(-1.,0.,0.));
#5937=DIRECTION('ref_axis',(0.,0.,-1.));
#5938=DIRECTION('',(0.,0.,1.));
#5939=DIRECTION('',(0.,0.,-1.));
#5940=DIRECTION('',(0.,-1.,0.));
#5941=DIRECTION('center_axis',(0.,0.,1.));
#5942=DIRECTION('ref_axis',(-1.,0.,0.));
#5943=DIRECTION('',(1.,-1.22464679914735E-16,0.));
#5944=DIRECTION('',(-1.,0.,0.));
#5945=DIRECTION('',(0.,-1.,0.));
#5946=DIRECTION('center_axis',(1.,0.,0.));
#5947=DIRECTION('ref_axis',(0.,0.,1.));
#5948=DIRECTION('',(0.,0.,-1.));
#5949=DIRECTION('',(0.,0.,1.));
#5950=DIRECTION('center_axis',(0.,-1.,0.));
#5951=DIRECTION('ref_axis',(0.,0.,-1.));
#5952=DIRECTION('center_axis',(0.,0.,-1.));
#5953=DIRECTION('ref_axis',(1.,0.,0.));
#5954=DIRECTION('',(-1.,1.22464679914735E-16,0.));
#5955=DIRECTION('',(0.,-1.,0.));
#5956=DIRECTION('',(1.,0.,0.));
#5957=DIRECTION('',(0.,-1.,0.));
#5958=DIRECTION('center_axis',(-1.,0.,0.));
#5959=DIRECTION('ref_axis',(0.,0.,-1.));
#5960=DIRECTION('',(0.,0.,1.));
#5961=DIRECTION('',(0.,0.,-1.));
#5962=DIRECTION('',(0.,-1.,0.));
#5963=DIRECTION('center_axis',(0.,0.,1.));
#5964=DIRECTION('ref_axis',(-1.,0.,0.));
#5965=DIRECTION('',(1.,-1.22464679914735E-16,0.));
#5966=DIRECTION('',(-1.,0.,0.));
#5967=DIRECTION('',(0.,-1.,0.));
#5968=DIRECTION('center_axis',(1.,0.,0.));
#5969=DIRECTION('ref_axis',(0.,0.,1.));
#5970=DIRECTION('',(0.,0.,-1.));
#5971=DIRECTION('',(0.,0.,1.));
#5972=DIRECTION('center_axis',(0.,-1.,0.));
#5973=DIRECTION('ref_axis',(0.,0.,-1.));
#5974=DIRECTION('center_axis',(0.,0.,-1.));
#5975=DIRECTION('ref_axis',(1.,0.,0.));
#5976=DIRECTION('',(-1.,1.22464679914735E-16,0.));
#5977=DIRECTION('',(0.,-1.,0.));
#5978=DIRECTION('',(1.,0.,0.));
#5979=DIRECTION('',(0.,-1.,0.));
#5980=DIRECTION('center_axis',(-1.,0.,0.));
#5981=DIRECTION('ref_axis',(0.,0.,-1.));
#5982=DIRECTION('',(0.,0.,1.));
#5983=DIRECTION('',(0.,0.,-1.));
#5984=DIRECTION('',(0.,-1.,0.));
#5985=DIRECTION('center_axis',(0.,0.,1.));
#5986=DIRECTION('ref_axis',(-1.,0.,0.));
#5987=DIRECTION('',(1.,-1.22464679914735E-16,0.));
#5988=DIRECTION('',(-1.,0.,0.));
#5989=DIRECTION('',(0.,-1.,0.));
#5990=DIRECTION('',(0.,-1.,0.));
#5991=DIRECTION('',(0.,-1.,0.));
#5992=DIRECTION('',(0.,-1.,0.));
#5993=DIRECTION('',(0.,-1.,0.));
#5994=DIRECTION('center_axis',(0.,0.,1.));
#5995=DIRECTION('ref_axis',(-1.,0.,0.));
#5996=DIRECTION('',(1.,-1.22464679914735E-16,0.));
#5997=DIRECTION('',(-1.,0.,0.));
#5998=DIRECTION('',(0.,-1.,0.));
#5999=DIRECTION('center_axis',(1.,0.,0.));
#6000=DIRECTION('ref_axis',(0.,0.,1.));
#6001=DIRECTION('',(0.,0.,-1.));
#6002=DIRECTION('',(0.,0.,1.));
#6003=DIRECTION('',(0.,-1.,0.));
#6004=DIRECTION('center_axis',(0.,0.,-1.));
#6005=DIRECTION('ref_axis',(1.,0.,0.));
#6006=DIRECTION('',(-1.,1.22464679914735E-16,0.));
#6007=DIRECTION('',(1.,0.,0.));
#6008=DIRECTION('',(0.,-1.,0.));
#6009=DIRECTION('',(0.,-1.,0.));
#6010=DIRECTION('',(0.,-1.,0.));
#6011=DIRECTION('',(0.,-1.,0.));
#6012=DIRECTION('',(0.,-1.,0.));
#6013=DIRECTION('',(0.,-1.,0.));
#6014=DIRECTION('center_axis',(0.,0.,1.));
#6015=DIRECTION('ref_axis',(-1.,0.,0.));
#6016=DIRECTION('',(1.,-1.22464679914735E-16,0.));
#6017=DIRECTION('',(-1.,0.,0.));
#6018=DIRECTION('',(0.,-1.,0.));
#6019=DIRECTION('center_axis',(1.,0.,0.));
#6020=DIRECTION('ref_axis',(0.,0.,1.));
#6021=DIRECTION('',(0.,0.,-1.));
#6022=DIRECTION('',(0.,0.,1.));
#6023=DIRECTION('center_axis',(0.,-1.,0.));
#6024=DIRECTION('ref_axis',(-1.,0.,0.));
#6025=DIRECTION('',(0.,-1.,0.));
#6026=DIRECTION('',(0.,-1.,0.));
#6027=DIRECTION('',(0.,-1.,0.));
#6028=DIRECTION('',(0.,-1.,0.));
#6029=DIRECTION('',(0.,-1.,0.));
#6030=DIRECTION('',(0.,-1.,0.));
#6031=DIRECTION('',(0.,-1.,0.));
#6032=DIRECTION('',(0.,-1.,0.));
#6033=DIRECTION('',(0.,-1.,0.));
#6034=DIRECTION('',(0.,-1.,0.));
#6035=DIRECTION('center_axis',(0.,0.,-1.));
#6036=DIRECTION('ref_axis',(1.,0.,0.));
#6037=DIRECTION('',(-1.,1.22464679914735E-16,0.));
#6038=DIRECTION('',(1.,0.,0.));
#6039=DIRECTION('',(0.,-1.,0.));
#6040=DIRECTION('',(0.,-1.,0.));
#6041=DIRECTION('',(0.,-1.,0.));
#6042=DIRECTION('',(0.,-1.,0.));
#6043=DIRECTION('',(0.,-1.,0.));
#6044=DIRECTION('',(0.,-1.,0.));
#6045=DIRECTION('',(0.,-1.,0.));
#6046=DIRECTION('',(0.,-1.,0.));
#6047=DIRECTION('',(0.,-1.,0.));
#6048=DIRECTION('',(0.,-1.,0.));
#6049=DIRECTION('',(0.,-1.,0.));
#6050=DIRECTION('',(0.,-1.,0.));
#6051=DIRECTION('',(0.,-1.,0.));
#6052=DIRECTION('',(0.,-1.,0.));
#6053=DIRECTION('',(0.,-1.,0.));
#6054=DIRECTION('center_axis',(0.990830145593242,0.,-0.135113369374297));
#6055=DIRECTION('ref_axis',(0.135113369374297,0.,0.990830145593242));
#6056=DIRECTION('',(-0.135113369374297,1.65466155326247E-17,-0.990830145593242));
#6057=DIRECTION('',(0.135113369374297,0.,0.990830145593242));
#6058=DIRECTION('',(0.,-1.,0.));
#6059=DIRECTION('',(0.,-1.,0.));
#6060=DIRECTION('',(0.,-1.,0.));
#6061=DIRECTION('',(0.,-1.,0.));
#6062=DIRECTION('',(0.,-1.,0.));
#6063=DIRECTION('',(0.,-1.,0.));
#6064=DIRECTION('',(0.,-1.,0.));
#6065=DIRECTION('',(0.,-1.,0.));
#6066=DIRECTION('center_axis',(0.,0.,1.));
#6067=DIRECTION('ref_axis',(-1.,0.,0.));
#6068=DIRECTION('',(1.,-1.22464679914735E-16,0.));
#6069=DIRECTION('',(-1.,0.,0.));
#6070=DIRECTION('',(0.,-1.,0.));
#6071=DIRECTION('',(0.,-1.,0.));
#6072=DIRECTION('',(0.,-1.,0.));
#6073=DIRECTION('center_axis',(1.,0.,0.));
#6074=DIRECTION('ref_axis',(0.,0.,1.));
#6075=DIRECTION('',(0.,0.,-1.));
#6076=DIRECTION('',(0.,0.,1.));
#6077=DIRECTION('',(0.,-1.,0.));
#6078=DIRECTION('center_axis',(0.,-1.,0.));
#6079=DIRECTION('ref_axis',(-1.,0.,0.));
#6080=DIRECTION('center_axis',(-1.22464679914735E-16,-1.,0.));
#6081=DIRECTION('ref_axis',(-1.,1.22464679914735E-16,0.));
#6082=DIRECTION('center_axis',(-0.98785283212926,0.,-0.155392348763381));
#6083=DIRECTION('ref_axis',(0.155392348763381,0.,-0.98785283212926));
#6084=DIRECTION('',(-0.155392348763381,1.90300742525063E-17,0.98785283212926));
#6085=DIRECTION('',(0.,-1.,0.));
#6086=DIRECTION('',(0.155392348763381,0.,-0.98785283212926));
#6087=DIRECTION('',(0.,-1.,0.));
#6088=DIRECTION('',(0.,-1.,0.));
#6089=DIRECTION('',(0.,-1.,0.));
#6090=DIRECTION('',(0.,-1.,0.));
#6091=DIRECTION('',(0.,-1.,0.));
#6092=DIRECTION('',(0.,-1.,0.));
#6093=DIRECTION('',(0.,-1.,0.));
#6094=DIRECTION('',(0.,-1.,0.));
#6095=DIRECTION('',(0.,-1.,0.));
#6096=DIRECTION('',(0.,-1.,0.));
#6097=DIRECTION('',(0.,-1.,0.));
#6098=DIRECTION('',(0.,-1.,0.));
#6099=DIRECTION('',(0.,-1.,0.));
#6100=DIRECTION('',(0.,-1.,0.));
#6101=DIRECTION('',(0.,-1.,0.));
#6102=DIRECTION('',(0.,-1.,0.));
#6103=DIRECTION('',(0.,-1.,0.));
#6104=DIRECTION('center_axis',(0.990830063272474,0.,0.135113973057808));
#6105=DIRECTION('ref_axis',(-0.135113973057808,0.,0.990830063272474));
#6106=DIRECTION('',(0.135113973057808,-1.65466894625326E-17,-0.990830063272474));
#6107=DIRECTION('',(-0.135113973057808,0.,0.990830063272474));
#6108=DIRECTION('',(0.,-1.,0.));
#6109=DIRECTION('',(0.,-1.,0.));
#6110=DIRECTION('',(0.,-1.,0.));
#6111=DIRECTION('',(0.,-1.,0.));
#6112=DIRECTION('',(0.,-1.,0.));
#6113=DIRECTION('',(0.,-1.,0.));
#6114=DIRECTION('',(0.,-1.,0.));
#6115=DIRECTION('',(0.,-1.,0.));
#6116=DIRECTION('',(0.,-1.,0.));
#6117=DIRECTION('',(0.,-1.,0.));
#6118=DIRECTION('',(0.,-1.,0.));
#6119=DIRECTION('',(0.,-1.,0.));
#6120=DIRECTION('',(0.,-1.,0.));
#6121=DIRECTION('',(0.,-1.,0.));
#6122=DIRECTION('',(0.,-1.,0.));
#6123=DIRECTION('center_axis',(0.,-1.,0.));
#6124=DIRECTION('ref_axis',(-1.,0.,0.));
#6125=DIRECTION('center_axis',(0.,0.,-1.));
#6126=DIRECTION('ref_axis',(1.,0.,0.));
#6127=DIRECTION('',(-1.,1.22464679914735E-16,0.));
#6128=DIRECTION('',(0.,-1.,0.));
#6129=DIRECTION('',(1.,0.,0.));
#6130=DIRECTION('',(0.,-1.,0.));
#6131=DIRECTION('center_axis',(-1.,0.,0.));
#6132=DIRECTION('ref_axis',(0.,0.,-1.));
#6133=DIRECTION('',(0.,0.,1.));
#6134=DIRECTION('',(0.,0.,-1.));
#6135=DIRECTION('',(0.,-1.,0.));
#6136=DIRECTION('center_axis',(0.,0.,1.));
#6137=DIRECTION('ref_axis',(-1.,0.,0.));
#6138=DIRECTION('',(1.,-1.22464679914735E-16,0.));
#6139=DIRECTION('',(-1.,0.,0.));
#6140=DIRECTION('',(0.,-1.,0.));
#6141=DIRECTION('',(0.,-1.,0.));
#6142=DIRECTION('',(0.,-1.,0.));
#6143=DIRECTION('',(0.,-1.,0.));
#6144=DIRECTION('',(0.,-1.,0.));
#6145=DIRECTION('',(0.,-1.,0.));
#6146=DIRECTION('',(0.,-1.,0.));
#6147=DIRECTION('',(0.,-1.,0.));
#6148=DIRECTION('center_axis',(0.,0.,1.));
#6149=DIRECTION('ref_axis',(-1.,0.,0.));
#6150=DIRECTION('',(1.,-1.22464679914735E-16,0.));
#6151=DIRECTION('',(-1.,0.,0.));
#6152=DIRECTION('',(0.,-1.,0.));
#6153=DIRECTION('center_axis',(1.,0.,0.));
#6154=DIRECTION('ref_axis',(0.,0.,1.));
#6155=DIRECTION('',(0.,0.,-1.));
#6156=DIRECTION('',(0.,0.,1.));
#6157=DIRECTION('',(0.,-1.,0.));
#6158=DIRECTION('center_axis',(0.,0.,-1.));
#6159=DIRECTION('ref_axis',(1.,0.,0.));
#6160=DIRECTION('',(-1.,1.22464679914735E-16,0.));
#6161=DIRECTION('',(1.,0.,0.));
#6162=DIRECTION('',(0.,-1.,0.));
#6163=DIRECTION('',(0.,-1.,0.));
#6164=DIRECTION('',(0.,-1.,0.));
#6165=DIRECTION('',(0.,-1.,0.));
#6166=DIRECTION('',(0.,-1.,0.));
#6167=DIRECTION('',(0.,-1.,0.));
#6168=DIRECTION('center_axis',(0.,0.,1.));
#6169=DIRECTION('ref_axis',(-1.,0.,0.));
#6170=DIRECTION('',(1.,-1.22464679914735E-16,0.));
#6171=DIRECTION('',(-1.,0.,0.));
#6172=DIRECTION('',(0.,-1.,0.));
#6173=DIRECTION('center_axis',(1.,0.,0.));
#6174=DIRECTION('ref_axis',(0.,0.,1.));
#6175=DIRECTION('',(0.,0.,-1.));
#6176=DIRECTION('',(0.,0.,1.));
#6177=DIRECTION('',(0.,-1.,0.));
#6178=DIRECTION('center_axis',(0.,0.,-1.));
#6179=DIRECTION('ref_axis',(1.,0.,0.));
#6180=DIRECTION('',(-1.,1.22464679914735E-16,0.));
#6181=DIRECTION('',(1.,0.,0.));
#6182=DIRECTION('',(0.,-1.,0.));
#6183=DIRECTION('',(0.,-1.,0.));
#6184=DIRECTION('',(0.,-1.,0.));
#6185=DIRECTION('',(0.,-1.,0.));
#6186=DIRECTION('',(0.,-1.,0.));
#6187=DIRECTION('',(0.,-1.,0.));
#6188=DIRECTION('center_axis',(0.,0.,1.));
#6189=DIRECTION('ref_axis',(-1.,0.,0.));
#6190=DIRECTION('',(1.,-1.22464679914735E-16,0.));
#6191=DIRECTION('',(-1.,0.,0.));
#6192=DIRECTION('',(0.,-1.,0.));
#6193=DIRECTION('center_axis',(1.,0.,0.));
#6194=DIRECTION('ref_axis',(0.,0.,1.));
#6195=DIRECTION('',(0.,0.,-1.));
#6196=DIRECTION('',(0.,0.,1.));
#6197=DIRECTION('center_axis',(0.,-1.,0.));
#6198=DIRECTION('ref_axis',(-1.,0.,0.));
#6199=DIRECTION('center_axis',(0.,0.,-1.));
#6200=DIRECTION('ref_axis',(1.,0.,0.));
#6201=DIRECTION('',(-1.,1.22464679914735E-16,0.));
#6202=DIRECTION('',(0.,-1.,0.));
#6203=DIRECTION('',(1.,0.,0.));
#6204=DIRECTION('',(0.,-1.,0.));
#6205=DIRECTION('center_axis',(-1.,0.,0.));
#6206=DIRECTION('ref_axis',(0.,0.,-1.));
#6207=DIRECTION('',(0.,0.,1.));
#6208=DIRECTION('',(0.,0.,-1.));
#6209=DIRECTION('',(0.,-1.,0.));
#6210=DIRECTION('center_axis',(0.,0.,1.));
#6211=DIRECTION('ref_axis',(-1.,0.,0.));
#6212=DIRECTION('',(1.,-1.22464679914735E-16,0.));
#6213=DIRECTION('',(-1.,0.,0.));
#6214=DIRECTION('',(0.,-1.,0.));
#6215=DIRECTION('',(0.,-1.,0.));
#6216=DIRECTION('',(0.,-1.,0.));
#6217=DIRECTION('',(0.,-1.,0.));
#6218=DIRECTION('',(0.,-1.,0.));
#6219=DIRECTION('center_axis',(0.,0.,1.));
#6220=DIRECTION('ref_axis',(-1.,0.,0.));
#6221=DIRECTION('',(1.,-1.22464679914735E-16,0.));
#6222=DIRECTION('',(-1.,0.,0.));
#6223=DIRECTION('',(0.,-1.,0.));
#6224=DIRECTION('center_axis',(1.,0.,0.));
#6225=DIRECTION('ref_axis',(0.,0.,1.));
#6226=DIRECTION('',(0.,0.,-1.));
#6227=DIRECTION('',(0.,0.,1.));
#6228=DIRECTION('',(0.,-1.,0.));
#6229=DIRECTION('center_axis',(0.,0.,-1.));
#6230=DIRECTION('ref_axis',(1.,0.,0.));
#6231=DIRECTION('',(-1.,1.22464679914735E-16,0.));
#6232=DIRECTION('',(1.,0.,0.));
#6233=DIRECTION('',(0.,-1.,0.));
#6234=DIRECTION('',(0.,-1.,0.));
#6235=DIRECTION('',(0.,-1.,0.));
#6236=DIRECTION('',(0.,-1.,0.));
#6237=DIRECTION('',(0.,-1.,0.));
#6238=DIRECTION('',(0.,-1.,0.));
#6239=DIRECTION('center_axis',(0.,0.,1.));
#6240=DIRECTION('ref_axis',(-1.,0.,0.));
#6241=DIRECTION('',(1.,-1.22464679914735E-16,0.));
#6242=DIRECTION('',(-1.,0.,0.));
#6243=DIRECTION('',(0.,-1.,0.));
#6244=DIRECTION('center_axis',(1.,0.,0.));
#6245=DIRECTION('ref_axis',(0.,0.,1.));
#6246=DIRECTION('',(0.,0.,-1.));
#6247=DIRECTION('',(0.,0.,1.));
#6248=DIRECTION('center_axis',(0.,-1.,0.));
#6249=DIRECTION('ref_axis',(-1.,0.,0.));
#6250=DIRECTION('',(0.,-1.,0.));
#6251=DIRECTION('',(0.,-1.,0.));
#6252=DIRECTION('',(0.,-1.,0.));
#6253=DIRECTION('',(0.,-1.,0.));
#6254=DIRECTION('',(0.,-1.,0.));
#6255=DIRECTION('',(0.,-1.,0.));
#6256=DIRECTION('',(0.,-1.,0.));
#6257=DIRECTION('',(0.,-1.,0.));
#6258=DIRECTION('center_axis',(1.,0.,0.));
#6259=DIRECTION('ref_axis',(0.,0.,1.));
#6260=DIRECTION('',(0.,0.,-1.));
#6261=DIRECTION('',(0.,-1.,0.));
#6262=DIRECTION('',(0.,0.,1.));
#6263=DIRECTION('',(0.,-1.,0.));
#6264=DIRECTION('center_axis',(0.,0.,-1.));
#6265=DIRECTION('ref_axis',(1.,0.,0.));
#6266=DIRECTION('',(-1.,1.22464679914735E-16,0.));
#6267=DIRECTION('',(1.,0.,0.));
#6268=DIRECTION('',(0.,-1.,0.));
#6269=DIRECTION('center_axis',(-1.,0.,0.));
#6270=DIRECTION('ref_axis',(0.,0.,-1.));
#6271=DIRECTION('',(0.,0.,1.));
#6272=DIRECTION('',(0.,0.,-1.));
#6273=DIRECTION('',(0.,-1.,0.));
#6274=DIRECTION('center_axis',(0.,0.,1.));
#6275=DIRECTION('ref_axis',(-1.,0.,0.));
#6276=DIRECTION('',(1.,-1.22464679914735E-16,0.));
#6277=DIRECTION('',(-1.,0.,0.));
#6278=DIRECTION('',(0.,-1.,0.));
#6279=DIRECTION('',(0.,-1.,0.));
#6280=DIRECTION('',(0.,-1.,0.));
#6281=DIRECTION('',(0.,-1.,0.));
#6282=DIRECTION('',(0.,-1.,0.));
#6283=DIRECTION('',(0.,-1.,0.));
#6284=DIRECTION('',(0.,-1.,0.));
#6285=DIRECTION('',(0.,-1.,0.));
#6286=DIRECTION('',(0.,-1.,0.));
#6287=DIRECTION('center_axis',(0.,0.,1.));
#6288=DIRECTION('ref_axis',(-1.,0.,0.));
#6289=DIRECTION('',(1.,-1.22464679914735E-16,0.));
#6290=DIRECTION('',(-1.,0.,0.));
#6291=DIRECTION('center_axis',(0.,-1.,0.));
#6292=DIRECTION('ref_axis',(-1.,0.,0.));
#6293=DIRECTION('center_axis',(-1.22464679914735E-16,-1.,0.));
#6294=DIRECTION('ref_axis',(-1.,1.22464679914735E-16,0.));
#6295=DIRECTION('center_axis',(-1.22464679914735E-16,-1.,0.));
#6296=DIRECTION('ref_axis',(-0.707106781186547,7.85046229341887E-17,0.707106781186547));
#6297=DIRECTION('center_axis',(1.22464679914735E-16,1.,0.));
#6298=DIRECTION('ref_axis',(-0.707106781186547,7.85046229341887E-17,0.707106781186547));
#6299=DIRECTION('',(1.22464679914735E-16,1.,0.));
#6300=DIRECTION('center_axis',(-1.22464679914735E-16,-1.,0.));
#6301=DIRECTION('ref_axis',(-0.707106781186547,7.85046229341887E-17,0.707106781186547));
#6302=DIRECTION('',(-1.22464679914735E-16,-1.,0.));
#6303=DIRECTION('center_axis',(-1.,1.22464679914735E-16,0.));
#6304=DIRECTION('ref_axis',(0.,0.,-1.));
#6305=DIRECTION('',(0.,0.,1.));
#6306=DIRECTION('',(1.22464679914735E-16,1.,0.));
#6307=DIRECTION('',(0.,0.,-1.));
#6308=DIRECTION('center_axis',(-1.22464679914735E-16,-1.,0.));
#6309=DIRECTION('ref_axis',(-1.,1.22464679914735E-16,0.));
#6310=DIRECTION('',(1.,-1.22464679914735E-16,0.));
#6311=DIRECTION('center_axis',(-1.22464679914735E-16,-1.,0.));
#6312=DIRECTION('ref_axis',(0.707106781186547,-7.85046229341887E-17,0.707106781186547));
#6313=DIRECTION('',(0.,0.,-1.));
#6314=DIRECTION('center_axis',(-1.22464679914735E-16,-1.,0.));
#6315=DIRECTION('ref_axis',(0.707106781186547,-7.85046229341887E-17,-0.707106781186547));
#6316=DIRECTION('',(-1.,1.22464679914735E-16,0.));
#6317=DIRECTION('center_axis',(-1.22464679914735E-16,-1.,0.));
#6318=DIRECTION('ref_axis',(-0.707106781186547,7.85046229341887E-17,-0.707106781186547));
#6319=DIRECTION('',(0.,0.,-1.));
#6320=DIRECTION('',(1.,-1.22464679914735E-16,0.));
#6321=DIRECTION('',(0.,0.,1.));
#6322=DIRECTION('',(-1.,1.22464679914735E-16,0.));
#6323=DIRECTION('center_axis',(1.22464679914735E-16,1.,0.));
#6324=DIRECTION('ref_axis',(-1.,1.22464679914735E-16,0.));
#6325=DIRECTION('center_axis',(1.22464679914735E-16,1.,0.));
#6326=DIRECTION('ref_axis',(-1.,1.22464679914735E-16,0.));
#6327=DIRECTION('center_axis',(1.22464679914735E-16,1.,0.));
#6328=DIRECTION('ref_axis',(-1.,1.22464679914735E-16,0.));
#6329=DIRECTION('center_axis',(1.22464679914735E-16,1.,0.));
#6330=DIRECTION('ref_axis',(-1.,1.22464679914735E-16,0.));
#6331=DIRECTION('center_axis',(-1.22464679914735E-16,-1.,0.));
#6332=DIRECTION('ref_axis',(-0.707106781186547,7.85046229341887E-17,-0.707106781186547));
#6333=DIRECTION('center_axis',(1.22464679914735E-16,1.,0.));
#6334=DIRECTION('ref_axis',(-0.707106781186547,7.85046229341887E-17,-0.707106781186547));
#6335=DIRECTION('',(-1.22464679914735E-16,-1.,0.));
#6336=DIRECTION('center_axis',(0.,0.,-1.));
#6337=DIRECTION('ref_axis',(1.,-1.22464679914735E-16,0.));
#6338=DIRECTION('',(1.22464679914735E-16,1.,0.));
#6339=DIRECTION('',(1.,-1.22464679914735E-16,0.));
#6340=DIRECTION('center_axis',(-1.22464679914735E-16,-1.,0.));
#6341=DIRECTION('ref_axis',(0.707106781186547,-7.85046229341887E-17,-0.707106781186547));
#6342=DIRECTION('center_axis',(1.22464679914735E-16,1.,0.));
#6343=DIRECTION('ref_axis',(0.707106781186547,-7.85046229341887E-17,-0.707106781186547));
#6344=DIRECTION('',(-1.22464679914735E-16,-1.,0.));
#6345=DIRECTION('center_axis',(1.,-1.22464679914735E-16,0.));
#6346=DIRECTION('ref_axis',(0.,0.,1.));
#6347=DIRECTION('',(1.22464679914735E-16,1.,0.));
#6348=DIRECTION('',(0.,0.,1.));
#6349=DIRECTION('center_axis',(-1.22464679914735E-16,-1.,0.));
#6350=DIRECTION('ref_axis',(0.707106781186547,-7.85046229341887E-17,0.707106781186547));
#6351=DIRECTION('center_axis',(1.22464679914735E-16,1.,0.));
#6352=DIRECTION('ref_axis',(0.707106781186547,-7.85046229341887E-17,0.707106781186547));
#6353=DIRECTION('',(-1.22464679914735E-16,-1.,0.));
#6354=DIRECTION('center_axis',(-1.,1.22464679914735E-16,0.));
#6355=DIRECTION('ref_axis',(0.,0.,-1.));
#6356=DIRECTION('',(-1.22464679914735E-16,-1.,0.));
#6357=DIRECTION('',(0.,0.,-1.));
#6358=DIRECTION('',(-1.22464679914735E-16,-1.,0.));
#6359=DIRECTION('center_axis',(0.,0.,1.));
#6360=DIRECTION('ref_axis',(-1.,1.22464679914735E-16,0.));
#6361=DIRECTION('',(-1.22464679914735E-16,-1.,0.));
#6362=DIRECTION('',(-1.,1.22464679914735E-16,0.));
#6363=DIRECTION('center_axis',(1.,-1.22464679914735E-16,0.));
#6364=DIRECTION('ref_axis',(0.,0.,1.));
#6365=DIRECTION('',(-1.22464679914735E-16,-1.,0.));
#6366=DIRECTION('',(0.,0.,1.));
#6367=DIRECTION('center_axis',(0.,0.,-1.));
#6368=DIRECTION('ref_axis',(1.,-1.22464679914735E-16,0.));
#6369=DIRECTION('',(1.,-1.22464679914735E-16,0.));
#6370=DIRECTION('center_axis',(-1.22464679914735E-16,-1.,0.));
#6371=DIRECTION('ref_axis',(0.,0.,1.));
#6372=DIRECTION('',(1.,-1.22464679914735E-16,0.));
#6373=DIRECTION('',(0.,0.,1.));
#6374=DIRECTION('',(-1.,1.22464679914735E-16,0.));
#6375=DIRECTION('',(0.,0.,-1.));
#6376=DIRECTION('center_axis',(1.,-1.22464679914735E-16,0.));
#6377=DIRECTION('ref_axis',(0.,0.,1.));
#6378=DIRECTION('',(-1.22464679914735E-16,-1.,0.));
#6379=DIRECTION('',(0.,0.,1.));
#6380=DIRECTION('',(-1.22464679914735E-16,-1.,0.));
#6381=DIRECTION('center_axis',(0.,0.,-1.));
#6382=DIRECTION('ref_axis',(1.,-1.22464679914735E-16,0.));
#6383=DIRECTION('',(-1.22464679914735E-16,-1.,0.));
#6384=DIRECTION('',(1.,-1.22464679914735E-16,0.));
#6385=DIRECTION('center_axis',(-1.22464679914735E-16,-1.,0.));
#6386=DIRECTION('ref_axis',(-1.,1.22464679914735E-16,0.));
#6387=DIRECTION('center_axis',(1.22464679914735E-16,1.,0.));
#6388=DIRECTION('ref_axis',(-1.,1.22464679914735E-16,0.));
#6389=DIRECTION('',(1.22464679914735E-16,1.,0.));
#6390=DIRECTION('center_axis',(-1.22464679914735E-16,-1.,0.));
#6391=DIRECTION('ref_axis',(-1.,1.22464679914735E-16,0.));
#6392=DIRECTION('center_axis',(1.22464679914735E-16,1.,0.));
#6393=DIRECTION('ref_axis',(-1.,1.22464679914735E-16,0.));
#6394=DIRECTION('',(1.22464679914735E-16,1.,0.));
#6395=DIRECTION('center_axis',(-1.22464679914735E-16,-1.,0.));
#6396=DIRECTION('ref_axis',(-1.,1.22464679914735E-16,0.));
#6397=DIRECTION('center_axis',(1.22464679914735E-16,1.,0.));
#6398=DIRECTION('ref_axis',(-1.,1.22464679914735E-16,0.));
#6399=DIRECTION('',(1.22464679914735E-16,1.,0.));
#6400=DIRECTION('center_axis',(-1.,1.22464679914735E-16,0.));
#6401=DIRECTION('ref_axis',(0.,0.,-1.));
#6402=DIRECTION('',(-1.22464679914735E-16,-1.,0.));
#6403=DIRECTION('',(0.,0.,-1.));
#6404=DIRECTION('center_axis',(0.,0.,1.));
#6405=DIRECTION('ref_axis',(-1.,1.22464679914735E-16,0.));
#6406=DIRECTION('',(-1.,1.22464679914735E-16,0.));
#6407=DIRECTION('center_axis',(-1.22464679914735E-16,-1.,0.));
#6408=DIRECTION('ref_axis',(-1.,1.22464679914735E-16,0.));
#6409=DIRECTION('center_axis',(1.22464679914735E-16,1.,0.));
#6410=DIRECTION('ref_axis',(-1.,1.22464679914735E-16,0.));
#6411=DIRECTION('',(1.22464679914735E-16,1.,0.));
#6412=DIRECTION('center_axis',(0.,0.,1.));
#6413=DIRECTION('ref_axis',(-1.,1.22464679914735E-16,0.));
#6414=DIRECTION('',(-1.,1.22464679914735E-16,0.));
#6415=DIRECTION('center_axis',(-1.22464679914735E-16,-1.,0.));
#6416=DIRECTION('ref_axis',(-1.,1.22464679914735E-16,0.));
#6417=DIRECTION('center_axis',(0.,0.,1.));
#6418=DIRECTION('ref_axis',(-1.,0.,0.));
#6419=DIRECTION('',(-1.,0.,0.));
#6420=DIRECTION('',(0.,-1.,0.));
#6421=DIRECTION('',(-1.,0.,0.));
#6422=DIRECTION('',(0.,-1.,0.));
#6423=DIRECTION('center_axis',(1.,0.,0.));
#6424=DIRECTION('ref_axis',(0.,0.,1.));
#6425=DIRECTION('',(0.,0.,1.));
#6426=DIRECTION('',(0.,-1.,0.));
#6427=DIRECTION('',(0.,0.,1.));
#6428=DIRECTION('',(0.,0.,-1.));
#6429=DIRECTION('',(0.,1.,0.));
#6430=DIRECTION('',(0.,0.,1.));
#6431=DIRECTION('',(0.,-1.,0.));
#6432=DIRECTION('',(0.,-1.,0.));
#6433=DIRECTION('center_axis',(-1.,0.,0.));
#6434=DIRECTION('ref_axis',(0.,0.,-1.));
#6435=DIRECTION('',(0.,1.,-1.83129571072191E-16));
#6436=DIRECTION('center_axis',(-1.,0.,0.));
#6437=DIRECTION('ref_axis',(0.,0.,1.));
#6438=DIRECTION('',(0.,-1.,0.));
#6439=DIRECTION('center_axis',(-1.,0.,0.));
#6440=DIRECTION('ref_axis',(0.,0.,-1.));
#6441=DIRECTION('',(0.,1.,-1.83129571072191E-16));
#6442=DIRECTION('center_axis',(-1.,0.,0.));
#6443=DIRECTION('ref_axis',(0.,-1.,-5.92118946466745E-15));
#6444=DIRECTION('',(0.,-1.,0.));
#6445=DIRECTION('center_axis',(-1.,0.,0.));
#6446=DIRECTION('ref_axis',(0.,0.,-1.));
#6447=DIRECTION('',(0.,1.,-1.83129571072191E-16));
#6448=DIRECTION('center_axis',(-1.,0.,0.));
#6449=DIRECTION('ref_axis',(0.,-1.,-5.92118946466745E-15));
#6450=DIRECTION('',(0.,-1.,0.));
#6451=DIRECTION('center_axis',(-1.,0.,0.));
#6452=DIRECTION('ref_axis',(0.,0.,-1.));
#6453=DIRECTION('',(0.,1.,-1.83129571072191E-16));
#6454=DIRECTION('center_axis',(-1.,0.,0.));
#6455=DIRECTION('ref_axis',(0.,-1.,-5.92118946466745E-15));
#6456=DIRECTION('',(0.,-1.,0.));
#6457=DIRECTION('center_axis',(-1.,0.,0.));
#6458=DIRECTION('ref_axis',(0.,0.,-1.));
#6459=DIRECTION('',(0.,1.,-1.83129571072191E-16));
#6460=DIRECTION('center_axis',(-1.,0.,0.));
#6461=DIRECTION('ref_axis',(0.,-1.,-5.92118946466745E-15));
#6462=DIRECTION('',(0.,-1.,-9.15647855360954E-17));
#6463=DIRECTION('center_axis',(-1.,0.,0.));
#6464=DIRECTION('ref_axis',(0.,0.,-1.));
#6465=DIRECTION('',(0.,1.,-9.15647855360954E-17));
#6466=DIRECTION('center_axis',(-1.,0.,0.));
#6467=DIRECTION('ref_axis',(0.,-1.,-1.18423789293349E-14));
#6468=DIRECTION('center_axis',(0.,0.,-1.));
#6469=DIRECTION('ref_axis',(1.,0.,0.));
#6470=DIRECTION('',(1.,0.,0.));
#6471=DIRECTION('',(0.,1.,0.));
#6472=DIRECTION('',(1.,0.,0.));
#6473=DIRECTION('center_axis',(-1.,0.,0.));
#6474=DIRECTION('ref_axis',(0.,0.,-1.));
#6475=DIRECTION('',(0.,0.,-1.));
#6476=DIRECTION('',(0.,-1.,0.));
#6477=DIRECTION('',(0.,0.,-1.));
#6478=DIRECTION('',(0.,-1.,0.));
#6479=DIRECTION('center_axis',(1.,0.,0.));
#6480=DIRECTION('ref_axis',(0.,-1.,0.));
#6481=DIRECTION('center_axis',(0.,0.,1.));
#6482=DIRECTION('ref_axis',(-1.,0.,0.));
#6483=DIRECTION('',(-1.,0.,0.));
#6484=DIRECTION('',(0.,1.,0.));
#6485=DIRECTION('',(-1.,0.,0.));
#6486=DIRECTION('center_axis',(0.,0.,-1.));
#6487=DIRECTION('ref_axis',(1.,0.,0.));
#6488=DIRECTION('',(1.,0.,0.));
#6489=DIRECTION('',(1.,0.,0.));
#6490=DIRECTION('',(0.,-1.,0.));
#6491=DIRECTION('center_axis',(0.,9.15647855360954E-17,1.));
#6492=DIRECTION('ref_axis',(0.,1.,-9.15647855360954E-17));
#6493=DIRECTION('',(-1.,0.,0.));
#6494=DIRECTION('',(0.,1.,-9.15647855360954E-17));
#6495=DIRECTION('',(-1.,0.,0.));
#6496=DIRECTION('center_axis',(-1.,0.,0.));
#6497=DIRECTION('ref_axis',(0.,0.,-1.));
#6498=DIRECTION('',(-1.,0.,0.));
#6499=DIRECTION('center_axis',(-1.,0.,0.));
#6500=DIRECTION('ref_axis',(0.,0.,-1.));
#6501=DIRECTION('center_axis',(0.,1.83129571072191E-16,1.));
#6502=DIRECTION('ref_axis',(0.,1.,-1.83129571072191E-16));
#6503=DIRECTION('',(-1.,0.,0.));
#6504=DIRECTION('',(0.,1.,-1.83129571072191E-16));
#6505=DIRECTION('',(-1.,0.,0.));
#6506=DIRECTION('center_axis',(-1.,0.,0.));
#6507=DIRECTION('ref_axis',(0.,0.,-1.));
#6508=DIRECTION('',(-1.,0.,0.));
#6509=DIRECTION('center_axis',(-1.,0.,0.));
#6510=DIRECTION('ref_axis',(0.,0.,-1.));
#6511=DIRECTION('center_axis',(0.,1.83129571072191E-16,1.));
#6512=DIRECTION('ref_axis',(0.,1.,-1.83129571072191E-16));
#6513=DIRECTION('',(-1.,0.,0.));
#6514=DIRECTION('',(0.,1.,-1.83129571072191E-16));
#6515=DIRECTION('',(-1.,0.,0.));
#6516=DIRECTION('center_axis',(-1.,0.,0.));
#6517=DIRECTION('ref_axis',(0.,0.,-1.));
#6518=DIRECTION('',(-1.,0.,0.));
#6519=DIRECTION('center_axis',(-1.,0.,0.));
#6520=DIRECTION('ref_axis',(0.,0.,-1.));
#6521=DIRECTION('center_axis',(0.,1.83129571072191E-16,1.));
#6522=DIRECTION('ref_axis',(0.,1.,-1.83129571072191E-16));
#6523=DIRECTION('',(-1.,0.,0.));
#6524=DIRECTION('',(0.,1.,-1.83129571072191E-16));
#6525=DIRECTION('',(-1.,0.,0.));
#6526=DIRECTION('center_axis',(-1.,0.,0.));
#6527=DIRECTION('ref_axis',(0.,0.,-1.));
#6528=DIRECTION('',(-1.,0.,0.));
#6529=DIRECTION('center_axis',(-1.,0.,0.));
#6530=DIRECTION('ref_axis',(0.,0.,-1.));
#6531=DIRECTION('center_axis',(0.,1.83129571072191E-16,1.));
#6532=DIRECTION('ref_axis',(0.,1.,-1.83129571072191E-16));
#6533=DIRECTION('',(-1.,0.,0.));
#6534=DIRECTION('',(0.,1.,-1.83129571072191E-16));
#6535=DIRECTION('',(-1.,0.,0.));
#6536=DIRECTION('center_axis',(-1.,0.,0.));
#6537=DIRECTION('ref_axis',(0.,0.,-1.));
#6538=DIRECTION('',(-1.,0.,0.));
#6539=DIRECTION('center_axis',(-1.,0.,0.));
#6540=DIRECTION('ref_axis',(0.,0.,-1.));
#6541=DIRECTION('center_axis',(0.,1.83129571072191E-16,1.));
#6542=DIRECTION('ref_axis',(0.,1.,-1.83129571072191E-16));
#6543=DIRECTION('',(-1.,0.,0.));
#6544=DIRECTION('',(0.,1.,-1.83129571072191E-16));
#6545=DIRECTION('',(-1.,0.,0.));
#6546=DIRECTION('center_axis',(-1.,0.,0.));
#6547=DIRECTION('ref_axis',(0.,0.,-1.));
#6548=DIRECTION('',(-1.,0.,0.));
#6549=DIRECTION('center_axis',(-1.,0.,0.));
#6550=DIRECTION('ref_axis',(0.,0.,-1.));
#6551=DIRECTION('center_axis',(0.,-1.,0.));
#6552=DIRECTION('ref_axis',(0.,0.,1.));
#6553=DIRECTION('',(-1.,0.,0.));
#6554=DIRECTION('',(0.,0.,1.));
#6555=DIRECTION('',(-1.,0.,0.));
#6556=DIRECTION('center_axis',(0.,0.,1.));
#6557=DIRECTION('ref_axis',(0.,1.,0.));
#6558=DIRECTION('',(-1.,0.,0.));
#6559=DIRECTION('',(0.,1.,0.));
#6560=DIRECTION('center_axis',(1.,0.,0.));
#6561=DIRECTION('ref_axis',(0.,0.,1.));
#6562=DIRECTION('',(0.,0.,1.));
#6563=DIRECTION('',(0.,-1.,0.));
#6564=DIRECTION('',(0.,0.,1.));
#6565=DIRECTION('center_axis',(1.,0.,0.));
#6566=DIRECTION('ref_axis',(0.,0.,1.));
#6567=DIRECTION('',(0.,0.,1.));
#6568=DIRECTION('',(0.,-1.,0.));
#6569=DIRECTION('',(0.,0.,1.));
#6570=DIRECTION('center_axis',(-1.,0.,0.));
#6571=DIRECTION('ref_axis',(0.,0.,-1.));
#6572=DIRECTION('',(0.,0.,-1.));
#6573=DIRECTION('',(0.,-1.,0.));
#6574=DIRECTION('',(0.,0.,-1.));
#6575=DIRECTION('center_axis',(-1.,0.,0.));
#6576=DIRECTION('ref_axis',(0.,0.,-1.));
#6577=DIRECTION('',(0.,0.,-1.));
#6578=DIRECTION('',(0.,-1.,0.));
#6579=DIRECTION('',(0.,0.,-1.));
#6580=DIRECTION('center_axis',(0.,9.15647855360954E-17,-1.));
#6581=DIRECTION('ref_axis',(0.,-1.,-9.15647855360954E-17));
#6582=DIRECTION('',(-1.,0.,0.));
#6583=DIRECTION('',(0.,-1.,-9.15647855360954E-17));
#6584=DIRECTION('center_axis',(-1.,0.,0.));
#6585=DIRECTION('ref_axis',(0.,-1.,-1.18423789293349E-14));
#6586=DIRECTION('center_axis',(-1.,0.,0.));
#6587=DIRECTION('ref_axis',(0.,-1.,-1.18423789293349E-14));
#6588=DIRECTION('center_axis',(0.,0.,-1.));
#6589=DIRECTION('ref_axis',(0.,-1.,0.));
#6590=DIRECTION('',(-1.,0.,0.));
#6591=DIRECTION('',(0.,-1.,0.));
#6592=DIRECTION('center_axis',(-1.,0.,0.));
#6593=DIRECTION('ref_axis',(0.,-1.,-5.92118946466745E-15));
#6594=DIRECTION('center_axis',(-1.,0.,0.));
#6595=DIRECTION('ref_axis',(0.,-1.,-5.92118946466745E-15));
#6596=DIRECTION('center_axis',(0.,0.,-1.));
#6597=DIRECTION('ref_axis',(0.,-1.,0.));
#6598=DIRECTION('',(-1.,0.,0.));
#6599=DIRECTION('',(0.,-1.,0.));
#6600=DIRECTION('center_axis',(-1.,0.,0.));
#6601=DIRECTION('ref_axis',(0.,-1.,-5.92118946466745E-15));
#6602=DIRECTION('center_axis',(-1.,0.,0.));
#6603=DIRECTION('ref_axis',(0.,-1.,-5.92118946466745E-15));
#6604=DIRECTION('center_axis',(0.,0.,-1.));
#6605=DIRECTION('ref_axis',(0.,-1.,0.));
#6606=DIRECTION('',(-1.,0.,0.));
#6607=DIRECTION('',(0.,-1.,0.));
#6608=DIRECTION('center_axis',(-1.,0.,0.));
#6609=DIRECTION('ref_axis',(0.,-1.,-5.92118946466745E-15));
#6610=DIRECTION('center_axis',(-1.,0.,0.));
#6611=DIRECTION('ref_axis',(0.,-1.,-5.92118946466745E-15));
#6612=DIRECTION('center_axis',(0.,0.,-1.));
#6613=DIRECTION('ref_axis',(0.,-1.,0.));
#6614=DIRECTION('',(-1.,0.,0.));
#6615=DIRECTION('',(0.,-1.,0.));
#6616=DIRECTION('center_axis',(-1.,0.,0.));
#6617=DIRECTION('ref_axis',(0.,-1.,-5.92118946466745E-15));
#6618=DIRECTION('center_axis',(-1.,0.,0.));
#6619=DIRECTION('ref_axis',(0.,-1.,-5.92118946466745E-15));
#6620=DIRECTION('center_axis',(0.,0.,-1.));
#6621=DIRECTION('ref_axis',(0.,-1.,0.));
#6622=DIRECTION('',(-1.,0.,0.));
#6623=DIRECTION('',(0.,-1.,0.));
#6624=DIRECTION('center_axis',(-1.,0.,0.));
#6625=DIRECTION('ref_axis',(0.,0.,1.));
#6626=DIRECTION('center_axis',(-1.,0.,0.));
#6627=DIRECTION('ref_axis',(0.,0.,1.));
#6628=DIRECTION('center_axis',(1.,0.,0.));
#6629=DIRECTION('ref_axis',(0.,-1.,0.));
#6630=DIRECTION('center_axis',(1.,0.,0.));
#6631=DIRECTION('ref_axis',(0.,-1.,0.));
#6632=DIRECTION('',(1.,0.,0.));
#6633=DIRECTION('center_axis',(1.,0.,0.));
#6634=DIRECTION('ref_axis',(0.,-1.,0.));
#6635=DIRECTION('',(0.,1.,0.));
#6636=DIRECTION('',(0.,0.,-1.));
#6637=DIRECTION('',(0.,-1.,0.));
#6638=DIRECTION('',(0.,0.,-1.));
#6639=DIRECTION('center_axis',(0.,1.,0.));
#6640=DIRECTION('ref_axis',(1.,0.,0.));
#6641=DIRECTION('',(-1.,0.,0.));
#6642=DIRECTION('',(1.,0.,0.));
#6643=DIRECTION('',(0.,0.,-1.));
#6644=DIRECTION('center_axis',(-1.,0.,0.));
#6645=DIRECTION('ref_axis',(0.,1.,0.));
#6646=DIRECTION('',(0.,-1.,0.));
#6647=DIRECTION('',(0.,1.,0.));
#6648=DIRECTION('',(0.,0.,-1.));
#6649=DIRECTION('center_axis',(0.,-1.,0.));
#6650=DIRECTION('ref_axis',(-1.,0.,0.));
#6651=DIRECTION('',(1.,0.,0.));
#6652=DIRECTION('',(-1.,0.,0.));
#6653=DIRECTION('center_axis',(0.,0.,-1.));
#6654=DIRECTION('ref_axis',(-1.,0.,0.));
#6655=DIRECTION('center_axis',(0.,0.,-1.));
#6656=DIRECTION('ref_axis',(-1.,0.,0.));
#6657=DIRECTION('',(0.,0.,-1.));
#6658=DIRECTION('center_axis',(0.,0.,1.));
#6659=DIRECTION('ref_axis',(-1.,0.,0.));
#6660=DIRECTION('center_axis',(1.,0.,0.));
#6661=DIRECTION('ref_axis',(0.,-1.,0.));
#6662=DIRECTION('',(0.,1.,0.));
#6663=DIRECTION('',(0.,0.,-1.));
#6664=DIRECTION('',(0.,-1.,0.));
#6665=DIRECTION('',(0.,0.,-1.));
#6666=DIRECTION('center_axis',(0.,1.,0.));
#6667=DIRECTION('ref_axis',(1.,0.,0.));
#6668=DIRECTION('',(-1.,0.,0.));
#6669=DIRECTION('',(1.,0.,0.));
#6670=DIRECTION('',(0.,0.,-1.));
#6671=DIRECTION('center_axis',(-1.,0.,0.));
#6672=DIRECTION('ref_axis',(0.,1.,0.));
#6673=DIRECTION('',(0.,-1.,0.));
#6674=DIRECTION('',(0.,1.,0.));
#6675=DIRECTION('',(0.,0.,-1.));
#6676=DIRECTION('center_axis',(0.,-1.,0.));
#6677=DIRECTION('ref_axis',(-1.,0.,0.));
#6678=DIRECTION('',(1.,0.,0.));
#6679=DIRECTION('',(-1.,0.,0.));
#6680=DIRECTION('center_axis',(0.,1.,0.));
#6681=DIRECTION('ref_axis',(0.,0.,-1.));
#6682=DIRECTION('',(-1.,0.,0.));
#6683=DIRECTION('',(0.,0.,-1.));
#6684=DIRECTION('center_axis',(0.,0.,-1.));
#6685=DIRECTION('ref_axis',(0.,-1.,0.));
#6686=DIRECTION('',(0.,-1.,0.));
#6687=DIRECTION('center_axis',(0.,0.,1.));
#6688=DIRECTION('ref_axis',(-1.,0.,0.));
#6689=DIRECTION('',(-1.,0.,0.));
#6690=DIRECTION('',(-1.,0.,0.));
#6691=DIRECTION('center_axis',(0.,0.,-1.));
#6692=DIRECTION('ref_axis',(1.,0.,0.));
#6693=DIRECTION('',(1.,0.,0.));
#6694=DIRECTION('',(1.,0.,0.));
#6695=DIRECTION('center_axis',(0.,-1.,0.));
#6696=DIRECTION('ref_axis',(0.,0.,-1.));
#6697=DIRECTION('center_axis',(0.,1.,0.));
#6698=DIRECTION('ref_axis',(-0.707106781186547,0.,-0.707106781186547));
#6699=DIRECTION('center_axis',(0.,-1.,0.));
#6700=DIRECTION('ref_axis',(-0.707106781186547,0.,-0.707106781186547));
#6701=DIRECTION('',(0.,-1.,0.));
#6702=DIRECTION('center_axis',(0.,1.,0.));
#6703=DIRECTION('ref_axis',(-0.707106781186547,0.,-0.707106781186547));
#6704=DIRECTION('',(0.,1.,0.));
#6705=DIRECTION('center_axis',(-1.,0.,0.));
#6706=DIRECTION('ref_axis',(0.,0.,1.));
#6707=DIRECTION('',(0.,0.,-1.));
#6708=DIRECTION('',(0.,-1.,0.));
#6709=DIRECTION('',(0.,0.,1.));
#6710=DIRECTION('center_axis',(0.,1.,0.));
#6711=DIRECTION('ref_axis',(1.,0.,0.));
#6712=DIRECTION('',(1.,0.,0.));
#6713=DIRECTION('center_axis',(0.,1.,0.));
#6714=DIRECTION('ref_axis',(0.707106781186547,0.,-0.707106781186547));
#6715=DIRECTION('',(0.,0.,1.));
#6716=DIRECTION('center_axis',(0.,1.,0.));
#6717=DIRECTION('ref_axis',(0.707106781186547,0.,0.707106781186547));
#6718=DIRECTION('',(-1.,0.,0.));
#6719=DIRECTION('center_axis',(0.,1.,0.));
#6720=DIRECTION('ref_axis',(-0.707106781186547,0.,0.707106781186547));
#6721=DIRECTION('center_axis',(0.,-1.,0.));
#6722=DIRECTION('ref_axis',(1.,0.,0.));
#6723=DIRECTION('center_axis',(0.,-1.,0.));
#6724=DIRECTION('ref_axis',(1.,0.,0.));
#6725=DIRECTION('center_axis',(0.,-1.,0.));
#6726=DIRECTION('ref_axis',(1.,0.,0.));
#6727=DIRECTION('center_axis',(0.,-1.,0.));
#6728=DIRECTION('ref_axis',(1.,0.,0.));
#6729=DIRECTION('center_axis',(0.,1.,0.));
#6730=DIRECTION('ref_axis',(0.707106781186547,0.,-0.707106781186547));
#6731=DIRECTION('center_axis',(0.,-1.,0.));
#6732=DIRECTION('ref_axis',(0.707106781186547,0.,-0.707106781186547));
#6733=DIRECTION('',(0.,-1.,0.));
#6734=DIRECTION('',(0.,1.,0.));
#6735=DIRECTION('center_axis',(1.,0.,0.));
#6736=DIRECTION('ref_axis',(0.,0.,-1.));
#6737=DIRECTION('',(0.,0.,-1.));
#6738=DIRECTION('',(0.,1.,0.));
#6739=DIRECTION('center_axis',(0.,1.,0.));
#6740=DIRECTION('ref_axis',(0.707106781186547,0.,0.707106781186547));
#6741=DIRECTION('center_axis',(0.,-1.,0.));
#6742=DIRECTION('ref_axis',(0.707106781186547,0.,0.707106781186547));
#6743=DIRECTION('',(0.,-1.,0.));
#6744=DIRECTION('center_axis',(0.,1.,0.));
#6745=DIRECTION('ref_axis',(-0.707106781186547,0.,0.707106781186547));
#6746=DIRECTION('center_axis',(0.,-1.,0.));
#6747=DIRECTION('ref_axis',(-0.707106781186547,0.,0.707106781186547));
#6748=DIRECTION('',(0.,1.,0.));
#6749=DIRECTION('center_axis',(0.,1.,0.));
#6750=DIRECTION('ref_axis',(1.,0.,0.));
#6751=DIRECTION('center_axis',(0.,-1.,0.));
#6752=DIRECTION('ref_axis',(1.,0.,0.));
#6753=DIRECTION('',(0.,-1.,0.));
#6754=DIRECTION('center_axis',(0.,1.,0.));
#6755=DIRECTION('ref_axis',(1.,0.,0.));
#6756=DIRECTION('center_axis',(0.,-1.,0.));
#6757=DIRECTION('ref_axis',(1.,0.,0.));
#6758=DIRECTION('',(0.,-1.,0.));
#6759=DIRECTION('center_axis',(0.,1.,0.));
#6760=DIRECTION('ref_axis',(1.,0.,0.));
#6761=DIRECTION('center_axis',(0.,-1.,0.));
#6762=DIRECTION('ref_axis',(1.,0.,0.));
#6763=DIRECTION('',(0.,-1.,0.));
#6764=DIRECTION('center_axis',(0.,1.,0.));
#6765=DIRECTION('ref_axis',(1.,0.,0.));
#6766=DIRECTION('center_axis',(0.,-1.,0.));
#6767=DIRECTION('ref_axis',(1.,0.,0.));
#6768=DIRECTION('',(0.,-1.,0.));
#6769=DIRECTION('center_axis',(0.,0.,1.));
#6770=DIRECTION('ref_axis',(1.,0.,0.));
#6771=DIRECTION('',(1.,0.,0.));
#6772=DIRECTION('center_axis',(0.,0.,-1.));
#6773=DIRECTION('ref_axis',(-1.,0.,0.));
#6774=DIRECTION('',(-1.,0.,0.));
#6775=DIRECTION('center_axis',(0.,1.,0.));
#6776=DIRECTION('ref_axis',(1.,0.,0.));
#6777=DIRECTION('',(-1.,1.82815500264399E-14,2.09554595897998E-15));
#6778=DIRECTION('',(-2.06739138338783E-15,-2.30183155348203E-16,-0.999999999999999));
#6779=CARTESIAN_POINT('',(0.,0.,0.));
#6780=CARTESIAN_POINT('',(0.,0.,0.));
#6781=CARTESIAN_POINT('Origin',(-55.2851295471191,-2.,-20.8609383646399));
#6782=CARTESIAN_POINT('',(-55.2851295471191,-2.,-23.5730802360922));
#6783=CARTESIAN_POINT('',(-55.2851295471191,-2.,-20.8609383646399));
#6784=CARTESIAN_POINT('',(-55.2851295471191,-1.99999999999997,-9.46117872232844));
#6785=CARTESIAN_POINT('',(-55.2851295471191,-2.8,-23.5730802360922));
#6786=CARTESIAN_POINT('',(-55.2851295471191,-2.,-23.5730802360922));
#6787=CARTESIAN_POINT('',(-55.2851295471191,-2.8,-20.8609383646399));
#6788=CARTESIAN_POINT('',(-55.2851295471191,-2.8,-23.5730802360922));
#6789=CARTESIAN_POINT('',(-55.2851295471191,-2.,-20.8609383646399));
#6790=CARTESIAN_POINT('Origin',(-57.5006818771362,-2.,-21.695863539353));
#6791=CARTESIAN_POINT('',(-57.5006818771362,-2.,-21.695863539353));
#6792=CARTESIAN_POINT('',(-31.4730803564202,-1.99999999999997,-11.8874291130355));
#6793=CARTESIAN_POINT('',(-57.5006818771362,-2.8,-21.695863539353));
#6794=CARTESIAN_POINT('',(-55.2851295471191,-2.8,-20.8609383646399));
#6795=CARTESIAN_POINT('',(-57.5006818771362,-2.,-21.695863539353));
#6796=CARTESIAN_POINT('Ctrl Pts',(-59.1596180200577,-2.,-22.2633945289999));
#6797=CARTESIAN_POINT('Ctrl Pts',(-59.1596180200577,-2.8,-22.2633945289999));
#6798=CARTESIAN_POINT('Ctrl Pts',(-58.9124059785573,-2.,-22.1873460439095));
#6799=CARTESIAN_POINT('Ctrl Pts',(-58.9124059785573,-2.8,-22.1873460439095));
#6800=CARTESIAN_POINT('Ctrl Pts',(-58.353565638407,-2.,-22.0154330536769));
#6801=CARTESIAN_POINT('Ctrl Pts',(-58.353565638407,-2.8,-22.0154330536769));
#6802=CARTESIAN_POINT('Ctrl Pts',(-57.8060147790053,-2.,-21.810269618573));
#6803=CARTESIAN_POINT('Ctrl Pts',(-57.8060147790053,-2.8,-21.810269618573));
#6804=CARTESIAN_POINT('Ctrl Pts',(-57.5006818771362,-2.,-21.695863539353));
#6805=CARTESIAN_POINT('Ctrl Pts',(-57.5006818771362,-2.8,-21.695863539353));
#6806=CARTESIAN_POINT('',(-59.1596180200577,-2.,-22.2633945289999));
#6807=CARTESIAN_POINT('Ctrl Pts',(-57.5006818771362,-2.,-21.695863539353));
#6808=CARTESIAN_POINT('Ctrl Pts',(-57.8060147790053,-2.,-21.810269618573));
#6809=CARTESIAN_POINT('Ctrl Pts',(-58.353565638407,-2.,-22.0154330536769));
#6810=CARTESIAN_POINT('Ctrl Pts',(-58.9124059785573,-2.,-22.1873460439095));
#6811=CARTESIAN_POINT('Ctrl Pts',(-59.1596180200577,-2.,-22.2633945289999));
#6812=CARTESIAN_POINT('',(-59.1596180200577,-2.8,-22.2633945289999));
#6813=CARTESIAN_POINT('Ctrl Pts',(-59.1596180200577,-2.8,-22.2633945289999));
#6814=CARTESIAN_POINT('Ctrl Pts',(-58.9124059785573,-2.8,-22.1873460439095));
#6815=CARTESIAN_POINT('Ctrl Pts',(-58.353565638407,-2.8,-22.0154330536769));
#6816=CARTESIAN_POINT('Ctrl Pts',(-57.8060147790053,-2.8,-21.810269618573));
#6817=CARTESIAN_POINT('Ctrl Pts',(-57.5006818771362,-2.8,-21.695863539353));
#6818=CARTESIAN_POINT('',(-59.1596180200577,-2.,-22.2633945289999));
#6819=CARTESIAN_POINT('Ctrl Pts',(-57.6316505670547,-2.,-22.6944994274527));
#6820=CARTESIAN_POINT('Ctrl Pts',(-57.6316505670547,-2.8,-22.6944994274527));
#6821=CARTESIAN_POINT('Ctrl Pts',(-57.8839825456183,-2.,-22.6071519780082));
#6822=CARTESIAN_POINT('Ctrl Pts',(-57.8839825456183,-2.8,-22.6071519780082));
#6823=CARTESIAN_POINT('Ctrl Pts',(-58.3849325069965,-2.,-22.4337427190044));
#6824=CARTESIAN_POINT('Ctrl Pts',(-58.3849325069965,-2.8,-22.4337427190044));
#6825=CARTESIAN_POINT('Ctrl Pts',(-58.9026689988714,-2.,-22.3198959091659));
#6826=CARTESIAN_POINT('Ctrl Pts',(-58.9026689988714,-2.8,-22.3198959091659));
#6827=CARTESIAN_POINT('Ctrl Pts',(-59.1596180200577,-2.,-22.2633945289999));
#6828=CARTESIAN_POINT('Ctrl Pts',(-59.1596180200577,-2.8,-22.2633945289999));
#6829=CARTESIAN_POINT('',(-57.6316505670547,-2.,-22.6944994274527));
#6830=CARTESIAN_POINT('Ctrl Pts',(-59.1596180200577,-2.,-22.2633945289999));
#6831=CARTESIAN_POINT('Ctrl Pts',(-58.9026689988714,-2.,-22.3198959091659));
#6832=CARTESIAN_POINT('Ctrl Pts',(-58.3849325069965,-2.,-22.4337427190044));
#6833=CARTESIAN_POINT('Ctrl Pts',(-57.8839825456183,-2.,-22.6071519780082));
#6834=CARTESIAN_POINT('Ctrl Pts',(-57.6316505670547,-2.,-22.6944994274527));
#6835=CARTESIAN_POINT('',(-57.6316505670547,-2.8,-22.6944994274527));
#6836=CARTESIAN_POINT('Ctrl Pts',(-57.6316505670547,-2.8,-22.6944994274527));
#6837=CARTESIAN_POINT('Ctrl Pts',(-57.8839825456183,-2.8,-22.6071519780082));
#6838=CARTESIAN_POINT('Ctrl Pts',(-58.3849325069965,-2.8,-22.4337427190044));
#6839=CARTESIAN_POINT('Ctrl Pts',(-58.9026689988714,-2.8,-22.3198959091659));
#6840=CARTESIAN_POINT('Ctrl Pts',(-59.1596180200577,-2.8,-22.2633945289999));
#6841=CARTESIAN_POINT('',(-57.6316505670547,-2.,-22.6944994274527));
#6842=CARTESIAN_POINT('Origin',(-55.2851295471191,-2.,-23.5730802360922));
#6843=CARTESIAN_POINT('',(-38.2819861522982,-1.99999999999997,-29.9393711605373));
#6844=CARTESIAN_POINT('',(-57.6316505670547,-2.8,-22.6944994274527));
#6845=CARTESIAN_POINT('Origin',(-60.,-2.,-22.8090965095907));
#6846=CARTESIAN_POINT('',(-51.9999998807907,-2.,-25.8814024273306));
#6847=CARTESIAN_POINT('',(-60.,-2.,-22.8090965095907));
#6848=CARTESIAN_POINT('',(-41.0296256680988,-1.99999999999997,-30.0944455662356));
#6849=CARTESIAN_POINT('',(-51.9999998807907,-2.8,-25.8814024273306));
#6850=CARTESIAN_POINT('',(-51.9999998807907,-2.,-25.8814024273306));
#6851=CARTESIAN_POINT('',(-60.,-2.8,-22.8090965095907));
#6852=CARTESIAN_POINT('',(-51.9999998807907,-2.8,-25.8814024273306));
#6853=CARTESIAN_POINT('',(-60.,-2.,-22.8090965095907));
#6854=CARTESIAN_POINT('Origin',(-60.,-2.,-21.6685783211142));
#6855=CARTESIAN_POINT('',(-60.,-2.,-21.6685783211142));
#6856=CARTESIAN_POINT('',(-60.,-1.99999999999997,-9.86499870056559));
#6857=CARTESIAN_POINT('',(-60.,-2.8,-21.6685783211142));
#6858=CARTESIAN_POINT('',(-60.,-2.8,-22.8090965095907));
#6859=CARTESIAN_POINT('',(-60.,-2.,-21.6685783211142));
#6860=CARTESIAN_POINT('Origin',(-51.9999998807907,-2.,-18.3943628612906));
#6861=CARTESIAN_POINT('',(-51.9999998807907,-2.,-18.3943628612906));
#6862=CARTESIAN_POINT('',(-29.1469098135692,-1.99999999999997,-9.04112040030999));
#6863=CARTESIAN_POINT('',(-51.9999998807907,-2.8,-18.3943628612906));
#6864=CARTESIAN_POINT('',(-60.,-2.8,-21.6685783211142));
#6865=CARTESIAN_POINT('',(-51.9999998807907,-2.,-18.3943628612906));
#6866=CARTESIAN_POINT('Origin',(-51.9999998807907,-2.,-19.6003662887961));
#6867=CARTESIAN_POINT('',(-51.9999998807907,-2.,-19.6003662887961));
#6868=CARTESIAN_POINT('',(-51.9999998807907,-1.99999999999997,-8.83089268440653));
#6869=CARTESIAN_POINT('',(-51.9999998807907,-2.8,-19.6003662887961));
#6870=CARTESIAN_POINT('',(-51.9999998807907,-2.8,-18.3943628612906));
#6871=CARTESIAN_POINT('',(-51.9999998807907,-2.,-19.6003662887961));
#6872=CARTESIAN_POINT('Origin',(-54.4229191541672,-2.,-20.5335169378668));
#6873=CARTESIAN_POINT('',(-54.4229191541672,-2.,-20.5335169378668));
#6874=CARTESIAN_POINT('',(-29.9881872204463,-1.99999999999997,-11.1228501383715));
#6875=CARTESIAN_POINT('',(-54.4229191541672,-2.8,-20.5335169378668));
#6876=CARTESIAN_POINT('',(-51.9999998807907,-2.8,-19.6003662887961));
#6877=CARTESIAN_POINT('',(-54.4229191541672,-2.,-20.5335169378668));
#6878=CARTESIAN_POINT('Origin',(-54.4229191541672,-2.,-23.8786738459021));
#6879=CARTESIAN_POINT('',(-54.4229191541672,-2.,-23.8786738459021));
#6880=CARTESIAN_POINT('',(-54.4229191541672,-1.99999999999997,-10.9700464629595));
#6881=CARTESIAN_POINT('',(-54.4229191541672,-2.8,-23.8786738459021));
#6882=CARTESIAN_POINT('',(-54.4229191541672,-2.8,-20.5335169378668));
#6883=CARTESIAN_POINT('',(-54.4229191541672,-2.,-23.8786738459021));
#6884=CARTESIAN_POINT('Origin',(-51.9999998807907,-2.,-24.7572552505881));
#6885=CARTESIAN_POINT('',(-51.9999998807907,-2.,-24.7572552505881));
#6886=CARTESIAN_POINT('',(-36.3744441482083,-1.99999999999997,-30.4232808814792));
#6887=CARTESIAN_POINT('',(-51.9999998807907,-2.8,-24.7572552505881));
#6888=CARTESIAN_POINT('',(-54.4229191541672,-2.8,-23.8786738459021));
#6889=CARTESIAN_POINT('',(-51.9999998807907,-2.,-24.7572552505881));
#6890=CARTESIAN_POINT('Origin',(-51.9999998807907,-2.,-25.8814024273306));
#6891=CARTESIAN_POINT('',(-51.9999998807907,-1.99999999999997,-11.9714107536738));
#6892=CARTESIAN_POINT('',(-51.9999998807907,-2.8,-24.7572552505881));
#6893=CARTESIAN_POINT('Origin',(-55.9345158934593,-2.8,1.72296470962465));
#6894=CARTESIAN_POINT('Origin',(-6.95949182916934,-1.99999999999997,1.938580919983));
#6895=CARTESIAN_POINT('Ctrl Pts',(-53.2305592298508,-2.,-10.3288780990988));
#6896=CARTESIAN_POINT('Ctrl Pts',(-53.2305592298508,-2.8,-10.3288780990988));
#6897=CARTESIAN_POINT('Ctrl Pts',(-53.4555992258161,-2.,-10.4700775394246));
#6898=CARTESIAN_POINT('Ctrl Pts',(-53.4555992258161,-2.8,-10.4700775394246));
#6899=CARTESIAN_POINT('Ctrl Pts',(-53.9623744964699,-2.,-10.7880493927404));
#6900=CARTESIAN_POINT('Ctrl Pts',(-53.9623744964699,-2.8,-10.7880493927404));
#6901=CARTESIAN_POINT('Ctrl Pts',(-54.5634953664036,-2.,-10.8050835247211));
#6902=CARTESIAN_POINT('Ctrl Pts',(-54.5634953664036,-2.8,-10.8050835247211));
#6903=CARTESIAN_POINT('Ctrl Pts',(-54.8976808786392,-2.,-10.8145534340292));
#6904=CARTESIAN_POINT('Ctrl Pts',(-54.8976808786392,-2.8,-10.8145534340292));
#6905=CARTESIAN_POINT('',(-54.8976808786392,-2.,-10.8145534340292));
#6906=CARTESIAN_POINT('',(-53.2305592298508,-2.,-10.3288780990988));
#6907=CARTESIAN_POINT('Ctrl Pts',(-54.8976808786392,-2.,-10.8145534340292));
#6908=CARTESIAN_POINT('Ctrl Pts',(-54.5634953664036,-2.,-10.8050835247211));
#6909=CARTESIAN_POINT('Ctrl Pts',(-53.9623744964699,-2.,-10.7880493927404));
#6910=CARTESIAN_POINT('Ctrl Pts',(-53.4555992258161,-2.,-10.4700775394246));
#6911=CARTESIAN_POINT('Ctrl Pts',(-53.2305592298508,-2.,-10.3288780990988));
#6912=CARTESIAN_POINT('',(-54.8976808786392,-2.8,-10.8145534340292));
#6913=CARTESIAN_POINT('',(-54.8976808786392,-2.,-10.8145534340292));
#6914=CARTESIAN_POINT('',(-53.2305592298508,-2.8,-10.3288780990988));
#6915=CARTESIAN_POINT('Ctrl Pts',(-53.2305592298508,-2.8,-10.3288780990988));
#6916=CARTESIAN_POINT('Ctrl Pts',(-53.4555992258161,-2.8,-10.4700775394246));
#6917=CARTESIAN_POINT('Ctrl Pts',(-53.9623744964699,-2.8,-10.7880493927404));
#6918=CARTESIAN_POINT('Ctrl Pts',(-54.5634953664036,-2.8,-10.8050835247211));
#6919=CARTESIAN_POINT('Ctrl Pts',(-54.8976808786392,-2.8,-10.8145534340292));
#6920=CARTESIAN_POINT('',(-53.2305592298508,-2.,-10.3288780990988));
#6921=CARTESIAN_POINT('Ctrl Pts',(-52.6766711473465,-2.,-9.10650604404509));
#6922=CARTESIAN_POINT('Ctrl Pts',(-52.6766711473465,-2.8,-9.10650604404509));
#6923=CARTESIAN_POINT('Ctrl Pts',(-52.699748601107,-2.,-9.34161179186565));
#6924=CARTESIAN_POINT('Ctrl Pts',(-52.699748601107,-2.8,-9.34161179186565));
#6925=CARTESIAN_POINT('Ctrl Pts',(-52.7459028260106,-2.,-9.81181633321955));
#6926=CARTESIAN_POINT('Ctrl Pts',(-52.7459028260106,-2.8,-9.81181633321955));
#6927=CARTESIAN_POINT('Ctrl Pts',(-53.0690086881406,-2.,-10.1565258765478));
#6928=CARTESIAN_POINT('Ctrl Pts',(-53.0690086881406,-2.8,-10.1565258765478));
#6929=CARTESIAN_POINT('Ctrl Pts',(-53.2305592298508,-2.,-10.3288780990988));
#6930=CARTESIAN_POINT('Ctrl Pts',(-53.2305592298508,-2.8,-10.3288780990988));
#6931=CARTESIAN_POINT('',(-52.6766711473465,-2.,-9.10650604404509));
#6932=CARTESIAN_POINT('Ctrl Pts',(-53.2305592298508,-2.,-10.3288780990988));
#6933=CARTESIAN_POINT('Ctrl Pts',(-53.0690086881406,-2.,-10.1565258765478));
#6934=CARTESIAN_POINT('Ctrl Pts',(-52.7459028260106,-2.,-9.81181633321955));
#6935=CARTESIAN_POINT('Ctrl Pts',(-52.699748601107,-2.,-9.34161179186565));
#6936=CARTESIAN_POINT('Ctrl Pts',(-52.6766711473465,-2.,-9.10650604404509));
#6937=CARTESIAN_POINT('',(-52.6766711473465,-2.8,-9.10650604404509));
#6938=CARTESIAN_POINT('Ctrl Pts',(-52.6766711473465,-2.8,-9.10650604404509));
#6939=CARTESIAN_POINT('Ctrl Pts',(-52.699748601107,-2.8,-9.34161179186565));
#6940=CARTESIAN_POINT('Ctrl Pts',(-52.7459028260106,-2.8,-9.81181633321955));
#6941=CARTESIAN_POINT('Ctrl Pts',(-53.0690086881406,-2.8,-10.1565258765478));
#6942=CARTESIAN_POINT('Ctrl Pts',(-53.2305592298508,-2.8,-10.3288780990988));
#6943=CARTESIAN_POINT('',(-52.6766711473465,-2.,-9.10650604404509));
#6944=CARTESIAN_POINT('Ctrl Pts',(-53.2332879304886,-2.,-7.88958900608122));
#6945=CARTESIAN_POINT('Ctrl Pts',(-53.2332879304886,-2.8,-7.88958900608122));
#6946=CARTESIAN_POINT('Ctrl Pts',(-53.0709417642735,-2.,-8.0613548455049));
#6947=CARTESIAN_POINT('Ctrl Pts',(-53.0709417642735,-2.8,-8.0613548455049));
#6948=CARTESIAN_POINT('Ctrl Pts',(-52.7471934453332,-2.,-8.4038877371725));
#6949=CARTESIAN_POINT('Ctrl Pts',(-52.7471934453332,-2.8,-8.4038877371725));
#6950=CARTESIAN_POINT('Ctrl Pts',(-52.7001328388731,-2.,-8.8727556637062));
#6951=CARTESIAN_POINT('Ctrl Pts',(-52.7001328388731,-2.8,-8.8727556637062));
#6952=CARTESIAN_POINT('Ctrl Pts',(-52.6766711473465,-2.,-9.10650604404509));
#6953=CARTESIAN_POINT('Ctrl Pts',(-52.6766711473465,-2.8,-9.10650604404509));
#6954=CARTESIAN_POINT('',(-53.2332879304886,-2.,-7.88958900608122));
#6955=CARTESIAN_POINT('Ctrl Pts',(-52.6766711473465,-2.,-9.10650604404509));
#6956=CARTESIAN_POINT('Ctrl Pts',(-52.7001328388731,-2.,-8.8727556637062));
#6957=CARTESIAN_POINT('Ctrl Pts',(-52.7471934453332,-2.,-8.4038877371725));
#6958=CARTESIAN_POINT('Ctrl Pts',(-53.0709417642735,-2.,-8.0613548455049));
#6959=CARTESIAN_POINT('Ctrl Pts',(-53.2332879304886,-2.,-7.88958900608122));
#6960=CARTESIAN_POINT('',(-53.2332879304886,-2.8,-7.88958900608122));
#6961=CARTESIAN_POINT('Ctrl Pts',(-53.2332879304886,-2.8,-7.88958900608122));
#6962=CARTESIAN_POINT('Ctrl Pts',(-53.0709417642735,-2.8,-8.0613548455049));
#6963=CARTESIAN_POINT('Ctrl Pts',(-52.7471934453332,-2.8,-8.4038877371725));
#6964=CARTESIAN_POINT('Ctrl Pts',(-52.7001328388731,-2.8,-8.8727556637062));
#6965=CARTESIAN_POINT('Ctrl Pts',(-52.6766711473465,-2.8,-9.10650604404509));
#6966=CARTESIAN_POINT('',(-53.2332879304886,-2.,-7.88958900608122));
#6967=CARTESIAN_POINT('Ctrl Pts',(-54.9304229021072,-2.,-7.40391128696501));
#6968=CARTESIAN_POINT('Ctrl Pts',(-54.9304229021072,-2.8,-7.40391128696501));
#6969=CARTESIAN_POINT('Ctrl Pts',(-54.5891265783818,-2.,-7.41274953882616));
#6970=CARTESIAN_POINT('Ctrl Pts',(-54.5891265783818,-2.8,-7.41274953882616));
#6971=CARTESIAN_POINT('Ctrl Pts',(-53.97824662699,-2.,-7.4285689616913));
#6972=CARTESIAN_POINT('Ctrl Pts',(-53.97824662699,-2.8,-7.4285689616913));
#6973=CARTESIAN_POINT('Ctrl Pts',(-53.4613821670262,-2.,-7.74843216671882));
#6974=CARTESIAN_POINT('Ctrl Pts',(-53.4613821670262,-2.8,-7.74843216671882));
#6975=CARTESIAN_POINT('Ctrl Pts',(-53.2332879304886,-2.,-7.88958900608122));
#6976=CARTESIAN_POINT('Ctrl Pts',(-53.2332879304886,-2.8,-7.88958900608122));
#6977=CARTESIAN_POINT('',(-54.9304229021072,-2.,-7.40391128696501));
#6978=CARTESIAN_POINT('Ctrl Pts',(-53.2332879304886,-2.,-7.88958900608122));
#6979=CARTESIAN_POINT('Ctrl Pts',(-53.4613821670262,-2.,-7.74843216671882));
#6980=CARTESIAN_POINT('Ctrl Pts',(-53.97824662699,-2.,-7.4285689616913));
#6981=CARTESIAN_POINT('Ctrl Pts',(-54.5891265783818,-2.,-7.41274953882616));
#6982=CARTESIAN_POINT('Ctrl Pts',(-54.9304229021072,-2.,-7.40391128696501));
#6983=CARTESIAN_POINT('',(-54.9304229021072,-2.8,-7.40391128696501));
#6984=CARTESIAN_POINT('Ctrl Pts',(-54.9304229021072,-2.8,-7.40391128696501));
#6985=CARTESIAN_POINT('Ctrl Pts',(-54.5891265783818,-2.8,-7.41274953882616));
#6986=CARTESIAN_POINT('Ctrl Pts',(-53.97824662699,-2.8,-7.4285689616913));
#6987=CARTESIAN_POINT('Ctrl Pts',(-53.4613821670262,-2.8,-7.74843216671882));
#6988=CARTESIAN_POINT('Ctrl Pts',(-53.2332879304886,-2.8,-7.88958900608122));
#6989=CARTESIAN_POINT('',(-54.9304229021072,-2.,-7.40391128696501));
#6990=CARTESIAN_POINT('Ctrl Pts',(-56.559345126152,-2.,-7.89231651462615));
#6991=CARTESIAN_POINT('Ctrl Pts',(-56.559345126152,-2.8,-7.89231651462615));
#6992=CARTESIAN_POINT('Ctrl Pts',(-56.3376833868994,-2.,-7.75025015379606));
#6993=CARTESIAN_POINT('Ctrl Pts',(-56.3376833868994,-2.8,-7.75025015379606));
#6994=CARTESIAN_POINT('Ctrl Pts',(-55.8439350540921,-2.,-7.4337993804494));
#6995=CARTESIAN_POINT('Ctrl Pts',(-55.8439350540921,-2.8,-7.4337993804494));
#6996=CARTESIAN_POINT('Ctrl Pts',(-55.2549764071101,-2.,-7.4145299585143));
#6997=CARTESIAN_POINT('Ctrl Pts',(-55.2549764071101,-2.8,-7.4145299585143));
#6998=CARTESIAN_POINT('Ctrl Pts',(-54.9304229021072,-2.,-7.40391128696501));
#6999=CARTESIAN_POINT('Ctrl Pts',(-54.9304229021072,-2.8,-7.40391128696501));
#7000=CARTESIAN_POINT('',(-56.559345126152,-2.,-7.89231651462615));
#7001=CARTESIAN_POINT('Ctrl Pts',(-54.9304229021072,-2.,-7.40391128696501));
#7002=CARTESIAN_POINT('Ctrl Pts',(-55.2549764071101,-2.,-7.4145299585143));
#7003=CARTESIAN_POINT('Ctrl Pts',(-55.8439350540921,-2.,-7.4337993804494));
#7004=CARTESIAN_POINT('Ctrl Pts',(-56.3376833868994,-2.,-7.75025015379606));
#7005=CARTESIAN_POINT('Ctrl Pts',(-56.559345126152,-2.,-7.89231651462615));
#7006=CARTESIAN_POINT('',(-56.559345126152,-2.8,-7.89231651462615));
#7007=CARTESIAN_POINT('Ctrl Pts',(-56.559345126152,-2.8,-7.89231651462615));
#7008=CARTESIAN_POINT('Ctrl Pts',(-56.3376833868994,-2.8,-7.75025015379606));
#7009=CARTESIAN_POINT('Ctrl Pts',(-55.8439350540921,-2.8,-7.4337993804494));
#7010=CARTESIAN_POINT('Ctrl Pts',(-55.2549764071101,-2.8,-7.4145299585143));
#7011=CARTESIAN_POINT('Ctrl Pts',(-54.9304229021072,-2.8,-7.40391128696501));
#7012=CARTESIAN_POINT('',(-56.559345126152,-2.,-7.89231651462615));
#7013=CARTESIAN_POINT('Ctrl Pts',(-57.1132332086563,-2.,-9.10650604404509));
#7014=CARTESIAN_POINT('Ctrl Pts',(-57.1132332086563,-2.8,-9.10650604404509));
#7015=CARTESIAN_POINT('Ctrl Pts',(-57.0896998982133,-2.,-8.87406945884451));
#7016=CARTESIAN_POINT('Ctrl Pts',(-57.0896998982133,-2.8,-8.87406945884451));
#7017=CARTESIAN_POINT('Ctrl Pts',(-57.0423986627718,-2.,-8.40687901964112));
#7018=CARTESIAN_POINT('Ctrl Pts',(-57.0423986627718,-2.8,-8.40687901964112));
#7019=CARTESIAN_POINT('Ctrl Pts',(-56.7208945261667,-2.,-8.06440357672883));
#7020=CARTESIAN_POINT('Ctrl Pts',(-56.7208945261667,-2.8,-8.06440357672883));
#7021=CARTESIAN_POINT('Ctrl Pts',(-56.559345126152,-2.,-7.89231651462615));
#7022=CARTESIAN_POINT('Ctrl Pts',(-56.559345126152,-2.8,-7.89231651462615));
#7023=CARTESIAN_POINT('',(-57.1132332086563,-2.,-9.10650604404509));
#7024=CARTESIAN_POINT('Ctrl Pts',(-56.559345126152,-2.,-7.89231651462615));
#7025=CARTESIAN_POINT('Ctrl Pts',(-56.7208945261667,-2.,-8.06440357672883));
#7026=CARTESIAN_POINT('Ctrl Pts',(-57.0423986627718,-2.,-8.40687901964112));
#7027=CARTESIAN_POINT('Ctrl Pts',(-57.0896998982133,-2.,-8.87406945884451));
#7028=CARTESIAN_POINT('Ctrl Pts',(-57.1132332086563,-2.,-9.10650604404509));
#7029=CARTESIAN_POINT('',(-57.1132332086563,-2.8,-9.10650604404509));
#7030=CARTESIAN_POINT('Ctrl Pts',(-57.1132332086563,-2.8,-9.10650604404509));
#7031=CARTESIAN_POINT('Ctrl Pts',(-57.0896998982133,-2.8,-8.87406945884451));
#7032=CARTESIAN_POINT('Ctrl Pts',(-57.0423986627718,-2.8,-8.40687901964112));
#7033=CARTESIAN_POINT('Ctrl Pts',(-56.7208945261667,-2.8,-8.06440357672883));
#7034=CARTESIAN_POINT('Ctrl Pts',(-56.559345126152,-2.8,-7.89231651462615));
#7035=CARTESIAN_POINT('',(-57.1132332086563,-2.,-9.10650604404509));
#7036=CARTESIAN_POINT('Ctrl Pts',(-56.5620738267899,-2.,-10.3288780990988));
#7037=CARTESIAN_POINT('Ctrl Pts',(-56.5620738267899,-2.8,-10.3288780990988));
#7038=CARTESIAN_POINT('Ctrl Pts',(-56.7228286162049,-2.,-10.1564280798532));
#7039=CARTESIAN_POINT('Ctrl Pts',(-56.7228286162049,-2.8,-10.1564280798532));
#7040=CARTESIAN_POINT('Ctrl Pts',(-57.0445996325241,-2.,-9.81124758377703));
#7041=CARTESIAN_POINT('Ctrl Pts',(-57.0445996325241,-2.8,-9.81124758377703));
#7042=CARTESIAN_POINT('Ctrl Pts',(-57.0903429611966,-2.,-9.34154710045873));
#7043=CARTESIAN_POINT('Ctrl Pts',(-57.0903429611966,-2.8,-9.34154710045873));
#7044=CARTESIAN_POINT('Ctrl Pts',(-57.1132332086563,-2.,-9.10650604404509));
#7045=CARTESIAN_POINT('Ctrl Pts',(-57.1132332086563,-2.8,-9.10650604404509));
#7046=CARTESIAN_POINT('',(-56.5620738267899,-2.,-10.3288780990988));
#7047=CARTESIAN_POINT('Ctrl Pts',(-57.1132332086563,-2.,-9.10650604404509));
#7048=CARTESIAN_POINT('Ctrl Pts',(-57.0903429611966,-2.,-9.34154710045873));
#7049=CARTESIAN_POINT('Ctrl Pts',(-57.0445996325241,-2.,-9.81124758377703));
#7050=CARTESIAN_POINT('Ctrl Pts',(-56.7228286162049,-2.,-10.1564280798532));
#7051=CARTESIAN_POINT('Ctrl Pts',(-56.5620738267899,-2.,-10.3288780990988));
#7052=CARTESIAN_POINT('',(-56.5620738267899,-2.8,-10.3288780990988));
#7053=CARTESIAN_POINT('Ctrl Pts',(-56.5620738267899,-2.8,-10.3288780990988));
#7054=CARTESIAN_POINT('Ctrl Pts',(-56.7228286162049,-2.8,-10.1564280798532));
#7055=CARTESIAN_POINT('Ctrl Pts',(-57.0445996325241,-2.8,-9.81124758377703));
#7056=CARTESIAN_POINT('Ctrl Pts',(-57.0903429611966,-2.8,-9.34154710045873));
#7057=CARTESIAN_POINT('Ctrl Pts',(-57.1132332086563,-2.8,-9.10650604404509));
#7058=CARTESIAN_POINT('',(-56.5620738267899,-2.,-10.3288780990988));
#7059=CARTESIAN_POINT('Ctrl Pts',(-54.8976808786392,-2.,-10.8145534340292));
#7060=CARTESIAN_POINT('Ctrl Pts',(-54.8976808786392,-2.8,-10.8145534340292));
#7061=CARTESIAN_POINT('Ctrl Pts',(-55.2316894733331,-2.,-10.8051745048796));
#7062=CARTESIAN_POINT('Ctrl Pts',(-55.2316894733331,-2.8,-10.8051745048796));
#7063=CARTESIAN_POINT('Ctrl Pts',(-55.8320596675217,-2.,-10.7883161676861));
#7064=CARTESIAN_POINT('Ctrl Pts',(-55.8320596675217,-2.8,-10.7883161676861));
#7065=CARTESIAN_POINT('Ctrl Pts',(-56.3377279097097,-2.,-10.4700713260111));
#7066=CARTESIAN_POINT('Ctrl Pts',(-56.3377279097097,-2.8,-10.4700713260111));
#7067=CARTESIAN_POINT('Ctrl Pts',(-56.5620738267899,-2.,-10.3288780990988));
#7068=CARTESIAN_POINT('Ctrl Pts',(-56.5620738267899,-2.8,-10.3288780990988));
#7069=CARTESIAN_POINT('Ctrl Pts',(-56.5620738267899,-2.,-10.3288780990988));
#7070=CARTESIAN_POINT('Ctrl Pts',(-56.3377279097097,-2.,-10.4700713260111));
#7071=CARTESIAN_POINT('Ctrl Pts',(-55.8320596675217,-2.,-10.7883161676861));
#7072=CARTESIAN_POINT('Ctrl Pts',(-55.2316894733331,-2.,-10.8051745048796));
#7073=CARTESIAN_POINT('Ctrl Pts',(-54.8976808786392,-2.,-10.8145534340292));
#7074=CARTESIAN_POINT('Ctrl Pts',(-54.8976808786392,-2.8,-10.8145534340292));
#7075=CARTESIAN_POINT('Ctrl Pts',(-55.2316894733331,-2.8,-10.8051745048796));
#7076=CARTESIAN_POINT('Ctrl Pts',(-55.8320596675217,-2.8,-10.7883161676861));
#7077=CARTESIAN_POINT('Ctrl Pts',(-56.3377279097097,-2.8,-10.4700713260111));
#7078=CARTESIAN_POINT('Ctrl Pts',(-56.5620738267899,-2.8,-10.3288780990988));
#7079=CARTESIAN_POINT('Ctrl Pts',(-57.282400727272,-2.,-10.9291517082602));
#7080=CARTESIAN_POINT('Ctrl Pts',(-57.282400727272,-2.8,-10.9291517082602));
#7081=CARTESIAN_POINT('Ctrl Pts',(-56.9691487116429,-2.,-11.1896551239106));
#7082=CARTESIAN_POINT('Ctrl Pts',(-56.9691487116429,-2.8,-11.1896551239106));
#7083=CARTESIAN_POINT('Ctrl Pts',(-56.2826618224021,-2.,-11.7605442819175));
#7084=CARTESIAN_POINT('Ctrl Pts',(-56.2826618224021,-2.8,-11.7605442819175));
#7085=CARTESIAN_POINT('Ctrl Pts',(-55.3854723024074,-2.,-11.8017179098359));
#7086=CARTESIAN_POINT('Ctrl Pts',(-55.3854723024074,-2.8,-11.8017179098359));
#7087=CARTESIAN_POINT('Ctrl Pts',(-54.8976808786392,-2.,-11.8241035286337));
#7088=CARTESIAN_POINT('Ctrl Pts',(-54.8976808786392,-2.8,-11.8241035286337));
#7089=CARTESIAN_POINT('',(-54.8976808786392,-2.,-11.8241035286337));
#7090=CARTESIAN_POINT('',(-57.282400727272,-2.,-10.9291517082602));
#7091=CARTESIAN_POINT('Ctrl Pts',(-54.8976808786392,-2.,-11.8241035286337));
#7092=CARTESIAN_POINT('Ctrl Pts',(-55.3854723024074,-2.,-11.8017179098359));
#7093=CARTESIAN_POINT('Ctrl Pts',(-56.2826618224021,-2.,-11.7605442819175));
#7094=CARTESIAN_POINT('Ctrl Pts',(-56.9691487116429,-2.,-11.1896551239106));
#7095=CARTESIAN_POINT('Ctrl Pts',(-57.282400727272,-2.,-10.9291517082602));
#7096=CARTESIAN_POINT('',(-54.8976808786392,-2.8,-11.8241035286337));
#7097=CARTESIAN_POINT('',(-54.8976808786392,-2.,-11.8241035286337));
#7098=CARTESIAN_POINT('',(-57.282400727272,-2.8,-10.9291517082602));
#7099=CARTESIAN_POINT('Ctrl Pts',(-57.282400727272,-2.8,-10.9291517082602));
#7100=CARTESIAN_POINT('Ctrl Pts',(-56.9691487116429,-2.8,-11.1896551239106));
#7101=CARTESIAN_POINT('Ctrl Pts',(-56.2826618224021,-2.8,-11.7605442819175));
#7102=CARTESIAN_POINT('Ctrl Pts',(-55.3854723024074,-2.8,-11.8017179098359));
#7103=CARTESIAN_POINT('Ctrl Pts',(-54.8976808786392,-2.8,-11.8241035286337));
#7104=CARTESIAN_POINT('',(-57.282400727272,-2.,-10.9291517082602));
#7105=CARTESIAN_POINT('Ctrl Pts',(-57.9263299703598,-2.,-9.10650604404509));
#7106=CARTESIAN_POINT('Ctrl Pts',(-57.9263299703598,-2.8,-9.10650604404509));
#7107=CARTESIAN_POINT('Ctrl Pts',(-57.9021197049479,-2.,-9.44811491663241));
#7108=CARTESIAN_POINT('Ctrl Pts',(-57.9021197049479,-2.8,-9.44811491663241));
#7109=CARTESIAN_POINT('Ctrl Pts',(-57.8548137481137,-2.,-10.1156059294689));
#7110=CARTESIAN_POINT('Ctrl Pts',(-57.8548137481137,-2.8,-10.1156059294689));
#7111=CARTESIAN_POINT('Ctrl Pts',(-57.4701843207373,-2.,-10.6622630383181));
#7112=CARTESIAN_POINT('Ctrl Pts',(-57.4701843207373,-2.8,-10.6622630383181));
#7113=CARTESIAN_POINT('Ctrl Pts',(-57.282400727272,-2.,-10.9291517082602));
#7114=CARTESIAN_POINT('Ctrl Pts',(-57.282400727272,-2.8,-10.9291517082602));
#7115=CARTESIAN_POINT('',(-57.9263299703598,-2.,-9.10650604404509));
#7116=CARTESIAN_POINT('Ctrl Pts',(-57.282400727272,-2.,-10.9291517082602));
#7117=CARTESIAN_POINT('Ctrl Pts',(-57.4701843207373,-2.,-10.6622630383181));
#7118=CARTESIAN_POINT('Ctrl Pts',(-57.8548137481137,-2.,-10.1156059294689));
#7119=CARTESIAN_POINT('Ctrl Pts',(-57.9021197049479,-2.,-9.44811491663241));
#7120=CARTESIAN_POINT('Ctrl Pts',(-57.9263299703598,-2.,-9.10650604404509));
#7121=CARTESIAN_POINT('',(-57.9263299703598,-2.8,-9.10650604404509));
#7122=CARTESIAN_POINT('Ctrl Pts',(-57.9263299703598,-2.8,-9.10650604404509));
#7123=CARTESIAN_POINT('Ctrl Pts',(-57.9021197049479,-2.8,-9.44811491663241));
#7124=CARTESIAN_POINT('Ctrl Pts',(-57.8548137481137,-2.8,-10.1156059294689));
#7125=CARTESIAN_POINT('Ctrl Pts',(-57.4701843207373,-2.8,-10.6622630383181));
#7126=CARTESIAN_POINT('Ctrl Pts',(-57.282400727272,-2.8,-10.9291517082602));
#7127=CARTESIAN_POINT('',(-57.9263299703598,-2.,-9.10650604404509));
#7128=CARTESIAN_POINT('Ctrl Pts',(-57.1432465314865,-2.,-7.15288990177214));
#7129=CARTESIAN_POINT('Ctrl Pts',(-57.1432465314865,-2.8,-7.15288990177214));
#7130=CARTESIAN_POINT('Ctrl Pts',(-57.3716032177294,-2.,-7.42884316758733));
#7131=CARTESIAN_POINT('Ctrl Pts',(-57.3716032177294,-2.8,-7.42884316758733));
#7132=CARTESIAN_POINT('Ctrl Pts',(-57.8404570548571,-2.,-7.99542061129624));
#7133=CARTESIAN_POINT('Ctrl Pts',(-57.8404570548571,-2.8,-7.99542061129624));
#7134=CARTESIAN_POINT('Ctrl Pts',(-57.8972157633373,-2.,-8.7298055312082));
#7135=CARTESIAN_POINT('Ctrl Pts',(-57.8972157633373,-2.8,-8.7298055312082));
#7136=CARTESIAN_POINT('Ctrl Pts',(-57.9263299703598,-2.,-9.10650604404509));
#7137=CARTESIAN_POINT('Ctrl Pts',(-57.9263299703598,-2.8,-9.10650604404509));
#7138=CARTESIAN_POINT('',(-57.1432465314865,-2.,-7.15288990177214));
#7139=CARTESIAN_POINT('Ctrl Pts',(-57.9263299703598,-2.,-9.10650604404509));
#7140=CARTESIAN_POINT('Ctrl Pts',(-57.8972157633373,-2.,-8.7298055312082));
#7141=CARTESIAN_POINT('Ctrl Pts',(-57.8404570548571,-2.,-7.99542061129624));
#7142=CARTESIAN_POINT('Ctrl Pts',(-57.3716032177294,-2.,-7.42884316758733));
#7143=CARTESIAN_POINT('Ctrl Pts',(-57.1432465314865,-2.,-7.15288990177214));
#7144=CARTESIAN_POINT('',(-57.1432465314865,-2.8,-7.15288990177214));
#7145=CARTESIAN_POINT('Ctrl Pts',(-57.1432465314865,-2.8,-7.15288990177214));
#7146=CARTESIAN_POINT('Ctrl Pts',(-57.3716032177294,-2.8,-7.42884316758733));
#7147=CARTESIAN_POINT('Ctrl Pts',(-57.8404570548571,-2.8,-7.99542061129624));
#7148=CARTESIAN_POINT('Ctrl Pts',(-57.8972157633373,-2.8,-8.7298055312082));
#7149=CARTESIAN_POINT('Ctrl Pts',(-57.9263299703598,-2.8,-9.10650604404509));
#7150=CARTESIAN_POINT('',(-57.1432465314865,-2.,-7.15288990177214));
#7151=CARTESIAN_POINT('Ctrl Pts',(-54.9795359373093,-2.,-6.39436357654631));
#7152=CARTESIAN_POINT('Ctrl Pts',(-54.9795359373093,-2.8,-6.39436357654631));
#7153=CARTESIAN_POINT('Ctrl Pts',(-55.4048487598911,-2.,-6.41679725393534));
#7154=CARTESIAN_POINT('Ctrl Pts',(-55.4048487598911,-2.8,-6.41679725393534));
#7155=CARTESIAN_POINT('Ctrl Pts',(-56.2030856561934,-2.,-6.45890129609178));
#7156=CARTESIAN_POINT('Ctrl Pts',(-56.2030856561934,-2.8,-6.45890129609178));
#7157=CARTESIAN_POINT('Ctrl Pts',(-56.8438780991863,-2.,-6.93190827365244));
#7158=CARTESIAN_POINT('Ctrl Pts',(-56.8438780991863,-2.8,-6.93190827365244));
#7159=CARTESIAN_POINT('Ctrl Pts',(-57.1432465314865,-2.,-7.15288990177214));
#7160=CARTESIAN_POINT('Ctrl Pts',(-57.1432465314865,-2.8,-7.15288990177214));
#7161=CARTESIAN_POINT('',(-54.9795359373093,-2.,-6.39436357654631));
#7162=CARTESIAN_POINT('Ctrl Pts',(-57.1432465314865,-2.,-7.15288990177214));
#7163=CARTESIAN_POINT('Ctrl Pts',(-56.8438780991863,-2.,-6.93190827365244));
#7164=CARTESIAN_POINT('Ctrl Pts',(-56.2030856561934,-2.,-6.45890129609178));
#7165=CARTESIAN_POINT('Ctrl Pts',(-55.4048487598911,-2.,-6.41679725393534));
#7166=CARTESIAN_POINT('Ctrl Pts',(-54.9795359373093,-2.,-6.39436357654631));
#7167=CARTESIAN_POINT('',(-54.9795359373093,-2.8,-6.39436357654631));
#7168=CARTESIAN_POINT('Ctrl Pts',(-54.9795359373093,-2.8,-6.39436357654631));
#7169=CARTESIAN_POINT('Ctrl Pts',(-55.4048487598911,-2.8,-6.41679725393534));
#7170=CARTESIAN_POINT('Ctrl Pts',(-56.2030856561934,-2.8,-6.45890129609178));
#7171=CARTESIAN_POINT('Ctrl Pts',(-56.8438780991863,-2.8,-6.93190827365244));
#7172=CARTESIAN_POINT('Ctrl Pts',(-57.1432465314865,-2.8,-7.15288990177214));
#7173=CARTESIAN_POINT('',(-54.9795359373093,-2.,-6.39436357654631));
#7174=CARTESIAN_POINT('Ctrl Pts',(-53.2196450233459,-2.,-6.72996872104704));
#7175=CARTESIAN_POINT('Ctrl Pts',(-53.2196450233459,-2.8,-6.72996872104704));
#7176=CARTESIAN_POINT('Ctrl Pts',(-53.4703744655582,-2.,-6.63239861099838));
#7177=CARTESIAN_POINT('Ctrl Pts',(-53.4703744655582,-2.8,-6.63239861099838));
#7178=CARTESIAN_POINT('Ctrl Pts',(-54.034956824706,-2.,-6.41269420601286));
#7179=CARTESIAN_POINT('Ctrl Pts',(-54.034956824706,-2.8,-6.41269420601286));
#7180=CARTESIAN_POINT('Ctrl Pts',(-54.642050731696,-2.,-6.4009128598959));
#7181=CARTESIAN_POINT('Ctrl Pts',(-54.642050731696,-2.8,-6.4009128598959));
#7182=CARTESIAN_POINT('Ctrl Pts',(-54.9795359373093,-2.,-6.39436357654631));
#7183=CARTESIAN_POINT('Ctrl Pts',(-54.9795359373093,-2.8,-6.39436357654631));
#7184=CARTESIAN_POINT('',(-53.2196450233459,-2.,-6.72996872104704));
#7185=CARTESIAN_POINT('Ctrl Pts',(-54.9795359373093,-2.,-6.39436357654631));
#7186=CARTESIAN_POINT('Ctrl Pts',(-54.642050731696,-2.,-6.4009128598959));
#7187=CARTESIAN_POINT('Ctrl Pts',(-54.034956824706,-2.,-6.41269420601286));
#7188=CARTESIAN_POINT('Ctrl Pts',(-53.4703744655582,-2.,-6.63239861099838));
#7189=CARTESIAN_POINT('Ctrl Pts',(-53.2196450233459,-2.,-6.72996872104704));
#7190=CARTESIAN_POINT('',(-53.2196450233459,-2.8,-6.72996872104704));
#7191=CARTESIAN_POINT('Ctrl Pts',(-53.2196450233459,-2.8,-6.72996872104704));
#7192=CARTESIAN_POINT('Ctrl Pts',(-53.4703744655582,-2.8,-6.63239861099838));
#7193=CARTESIAN_POINT('Ctrl Pts',(-54.034956824706,-2.8,-6.41269420601286));
#7194=CARTESIAN_POINT('Ctrl Pts',(-54.642050731696,-2.8,-6.4009128598959));
#7195=CARTESIAN_POINT('Ctrl Pts',(-54.9795359373093,-2.8,-6.39436357654631));
#7196=CARTESIAN_POINT('',(-53.2196450233459,-2.,-6.72996872104704));
#7197=CARTESIAN_POINT('Ctrl Pts',(-52.2237378358841,-2.,-7.70677679218352));
#7198=CARTESIAN_POINT('Ctrl Pts',(-52.2237378358841,-2.8,-7.70677679218352));
#7199=CARTESIAN_POINT('Ctrl Pts',(-52.3535547343728,-2.,-7.50596343171467));
#7200=CARTESIAN_POINT('Ctrl Pts',(-52.3535547343728,-2.8,-7.50596343171467));
#7201=CARTESIAN_POINT('Ctrl Pts',(-52.6123312544975,-2.,-7.10566282970001));
#7202=CARTESIAN_POINT('Ctrl Pts',(-52.6123312544975,-2.8,-7.10566282970001));
#7203=CARTESIAN_POINT('Ctrl Pts',(-53.0176546865942,-2.,-6.85492320654527));
#7204=CARTESIAN_POINT('Ctrl Pts',(-53.0176546865942,-2.8,-6.85492320654527));
#7205=CARTESIAN_POINT('Ctrl Pts',(-53.2196450233459,-2.,-6.72996872104704));
#7206=CARTESIAN_POINT('Ctrl Pts',(-53.2196450233459,-2.8,-6.72996872104704));
#7207=CARTESIAN_POINT('',(-52.2237378358841,-2.,-7.70677679218352));
#7208=CARTESIAN_POINT('Ctrl Pts',(-53.2196450233459,-2.,-6.72996872104704));
#7209=CARTESIAN_POINT('Ctrl Pts',(-53.0176546865942,-2.,-6.85492320654527));
#7210=CARTESIAN_POINT('Ctrl Pts',(-52.6123312544975,-2.,-7.10566282970001));
#7211=CARTESIAN_POINT('Ctrl Pts',(-52.3535547343728,-2.,-7.50596343171467));
#7212=CARTESIAN_POINT('Ctrl Pts',(-52.2237378358841,-2.,-7.70677679218352));
#7213=CARTESIAN_POINT('',(-52.2237378358841,-2.8,-7.70677679218352));
#7214=CARTESIAN_POINT('Ctrl Pts',(-52.2237378358841,-2.8,-7.70677679218352));
#7215=CARTESIAN_POINT('Ctrl Pts',(-52.3535547343728,-2.8,-7.50596343171467));
#7216=CARTESIAN_POINT('Ctrl Pts',(-52.6123312544975,-2.8,-7.10566282970001));
#7217=CARTESIAN_POINT('Ctrl Pts',(-53.0176546865942,-2.8,-6.85492320654527));
#7218=CARTESIAN_POINT('Ctrl Pts',(-53.2196450233459,-2.8,-6.72996872104704));
#7219=CARTESIAN_POINT('',(-52.2237378358841,-2.,-7.70677679218352));
#7220=CARTESIAN_POINT('Ctrl Pts',(-51.8690317869186,-2.,-9.10650604404509));
#7221=CARTESIAN_POINT('Ctrl Pts',(-51.8690317869186,-2.8,-9.10650604404509));
#7222=CARTESIAN_POINT('Ctrl Pts',(-51.8832681455152,-2.,-8.85953876591176));
#7223=CARTESIAN_POINT('Ctrl Pts',(-51.8832681455152,-2.8,-8.85953876591176));
#7224=CARTESIAN_POINT('Ctrl Pts',(-51.911485235098,-2.,-8.37003874637593));
#7225=CARTESIAN_POINT('Ctrl Pts',(-51.911485235098,-2.8,-8.37003874637593));
#7226=CARTESIAN_POINT('Ctrl Pts',(-52.1202841609671,-2.,-7.92652479883293));
#7227=CARTESIAN_POINT('Ctrl Pts',(-52.1202841609671,-2.8,-7.92652479883293));
#7228=CARTESIAN_POINT('Ctrl Pts',(-52.2237378358841,-2.,-7.70677679218352));
#7229=CARTESIAN_POINT('Ctrl Pts',(-52.2237378358841,-2.8,-7.70677679218352));
#7230=CARTESIAN_POINT('',(-51.8690317869186,-2.,-9.10650604404509));
#7231=CARTESIAN_POINT('Ctrl Pts',(-52.2237378358841,-2.,-7.70677679218352));
#7232=CARTESIAN_POINT('Ctrl Pts',(-52.1202841609671,-2.,-7.92652479883293));
#7233=CARTESIAN_POINT('Ctrl Pts',(-51.911485235098,-2.,-8.37003874637593));
#7234=CARTESIAN_POINT('Ctrl Pts',(-51.8832681455152,-2.,-8.85953876591176));
#7235=CARTESIAN_POINT('Ctrl Pts',(-51.8690317869186,-2.,-9.10650604404509));
#7236=CARTESIAN_POINT('',(-51.8690317869186,-2.8,-9.10650604404509));
#7237=CARTESIAN_POINT('Ctrl Pts',(-51.8690317869186,-2.8,-9.10650604404509));
#7238=CARTESIAN_POINT('Ctrl Pts',(-51.8832681455152,-2.8,-8.85953876591176));
#7239=CARTESIAN_POINT('Ctrl Pts',(-51.911485235098,-2.8,-8.37003874637593));
#7240=CARTESIAN_POINT('Ctrl Pts',(-52.1202841609671,-2.8,-7.92652479883293));
#7241=CARTESIAN_POINT('Ctrl Pts',(-52.2237378358841,-2.8,-7.70677679218352));
#7242=CARTESIAN_POINT('',(-51.8690317869186,-2.,-9.10650604404509));
#7243=CARTESIAN_POINT('Ctrl Pts',(-52.6493859291077,-2.,-11.0737621132284));
#7244=CARTESIAN_POINT('Ctrl Pts',(-52.6493859291077,-2.8,-11.0737621132284));
#7245=CARTESIAN_POINT('Ctrl Pts',(-52.4218511237016,-2.,-10.7979020576134));
#7246=CARTESIAN_POINT('Ctrl Pts',(-52.4218511237016,-2.8,-10.7979020576134));
#7247=CARTESIAN_POINT('Ctrl Pts',(-51.951251238348,-2.,-10.2273532560163));
#7248=CARTESIAN_POINT('Ctrl Pts',(-51.951251238348,-2.8,-10.2273532560163));
#7249=CARTESIAN_POINT('Ctrl Pts',(-51.8970346713344,-2.,-9.48825214401196));
#7250=CARTESIAN_POINT('Ctrl Pts',(-51.8970346713344,-2.8,-9.48825214401196));
#7251=CARTESIAN_POINT('Ctrl Pts',(-51.8690317869186,-2.,-9.10650604404509));
#7252=CARTESIAN_POINT('Ctrl Pts',(-51.8690317869186,-2.8,-9.10650604404509));
#7253=CARTESIAN_POINT('',(-52.6493859291077,-2.,-11.0737621132284));
#7254=CARTESIAN_POINT('Ctrl Pts',(-51.8690317869186,-2.,-9.10650604404509));
#7255=CARTESIAN_POINT('Ctrl Pts',(-51.8970346713344,-2.,-9.48825214401196));
#7256=CARTESIAN_POINT('Ctrl Pts',(-51.951251238348,-2.,-10.2273532560163));
#7257=CARTESIAN_POINT('Ctrl Pts',(-52.4218511237016,-2.,-10.7979020576134));
#7258=CARTESIAN_POINT('Ctrl Pts',(-52.6493859291077,-2.,-11.0737621132284));
#7259=CARTESIAN_POINT('',(-52.6493859291077,-2.8,-11.0737621132284));
#7260=CARTESIAN_POINT('Ctrl Pts',(-52.6493859291077,-2.8,-11.0737621132284));
#7261=CARTESIAN_POINT('Ctrl Pts',(-52.4218511237016,-2.8,-10.7979020576134));
#7262=CARTESIAN_POINT('Ctrl Pts',(-51.951251238348,-2.8,-10.2273532560163));
#7263=CARTESIAN_POINT('Ctrl Pts',(-51.8970346713344,-2.8,-9.48825214401196));
#7264=CARTESIAN_POINT('Ctrl Pts',(-51.8690317869186,-2.8,-9.10650604404509));
#7265=CARTESIAN_POINT('',(-52.6493859291077,-2.,-11.0737621132284));
#7266=CARTESIAN_POINT('Ctrl Pts',(-54.8976808786392,-2.,-11.8241035286337));
#7267=CARTESIAN_POINT('Ctrl Pts',(-54.8976808786392,-2.8,-11.8241035286337));
#7268=CARTESIAN_POINT('Ctrl Pts',(-54.4504285891404,-2.,-11.804824003563));
#7269=CARTESIAN_POINT('Ctrl Pts',(-54.4504285891404,-2.8,-11.804824003563));
#7270=CARTESIAN_POINT('Ctrl Pts',(-53.6254049408881,-2.,-11.7692600400375));
#7271=CARTESIAN_POINT('Ctrl Pts',(-53.6254049408881,-2.8,-11.7692600400375));
#7272=CARTESIAN_POINT('Ctrl Pts',(-52.9559319540761,-2.,-11.2922026582012));
#7273=CARTESIAN_POINT('Ctrl Pts',(-52.9559319540761,-2.8,-11.2922026582012));
#7274=CARTESIAN_POINT('Ctrl Pts',(-52.6493859291077,-2.,-11.0737621132284));
#7275=CARTESIAN_POINT('Ctrl Pts',(-52.6493859291077,-2.8,-11.0737621132284));
#7276=CARTESIAN_POINT('Ctrl Pts',(-52.6493859291077,-2.,-11.0737621132284));
#7277=CARTESIAN_POINT('Ctrl Pts',(-52.9559319540761,-2.,-11.2922026582012));
#7278=CARTESIAN_POINT('Ctrl Pts',(-53.6254049408881,-2.,-11.7692600400375));
#7279=CARTESIAN_POINT('Ctrl Pts',(-54.4504285891404,-2.,-11.804824003563));
#7280=CARTESIAN_POINT('Ctrl Pts',(-54.8976808786392,-2.,-11.8241035286337));
#7281=CARTESIAN_POINT('Ctrl Pts',(-54.8976808786392,-2.8,-11.8241035286337));
#7282=CARTESIAN_POINT('Ctrl Pts',(-54.4504285891404,-2.8,-11.804824003563));
#7283=CARTESIAN_POINT('Ctrl Pts',(-53.6254049408881,-2.8,-11.7692600400375));
#7284=CARTESIAN_POINT('Ctrl Pts',(-52.9559319540761,-2.8,-11.2922026582012));
#7285=CARTESIAN_POINT('Ctrl Pts',(-52.6493859291077,-2.8,-11.0737621132284));
#7286=CARTESIAN_POINT('Origin',(-55.9345158934593,-2.8,1.72296470962465));
#7287=CARTESIAN_POINT('Origin',(-6.95949182916934,-1.99999999999997,1.938580919983));
#7288=CARTESIAN_POINT('Origin',(-60.,-2.,0.978080099448562));
#7289=CARTESIAN_POINT('',(-58.8703954219818,-2.,0.978080099448562));
#7290=CARTESIAN_POINT('',(-60.,-2.,0.978080099448562));
#7291=CARTESIAN_POINT('',(-33.4797459145847,-1.99999999999997,0.978080099448562));
#7292=CARTESIAN_POINT('',(-58.8703954219818,-2.8,0.978080099448562));
#7293=CARTESIAN_POINT('',(-58.8703954219818,-2.,0.978080099448562));
#7294=CARTESIAN_POINT('',(-60.,-2.8,0.978080099448562));
#7295=CARTESIAN_POINT('',(-58.8703954219818,-2.8,0.978080099448562));
#7296=CARTESIAN_POINT('',(-60.,-2.,0.978080099448562));
#7297=CARTESIAN_POINT('Origin',(-60.,-2.,1.96034557186067));
#7298=CARTESIAN_POINT('',(-60.,-2.,1.96034557186067));
#7299=CARTESIAN_POINT('',(-60.,-1.99999999999997,1.94946324592184));
#7300=CARTESIAN_POINT('',(-60.,-2.8,1.96034557186067));
#7301=CARTESIAN_POINT('',(-60.,-2.8,0.978080099448562));
#7302=CARTESIAN_POINT('',(-60.,-2.,1.96034557186067));
#7303=CARTESIAN_POINT('Origin',(-58.8703954219818,-2.,1.96034557186067));
#7304=CARTESIAN_POINT('',(-58.8703954219818,-2.,1.96034557186067));
#7305=CARTESIAN_POINT('',(-32.9149436255756,-1.99999999999997,1.96034557186067));
#7306=CARTESIAN_POINT('',(-58.8703954219818,-2.8,1.96034557186067));
#7307=CARTESIAN_POINT('',(-60.,-2.8,1.96034557186067));
#7308=CARTESIAN_POINT('',(-58.8703954219818,-2.,1.96034557186067));
#7309=CARTESIAN_POINT('Origin',(-58.8703954219818,-2.,0.978080099448562));
#7310=CARTESIAN_POINT('',(-58.8703954219818,-1.99999999999997,1.45833050971578));
#7311=CARTESIAN_POINT('',(-58.8703954219818,-2.8,1.96034557186067));
#7312=CARTESIAN_POINT('Origin',(-55.9345158934593,-2.8,1.72296470962465));
#7313=CARTESIAN_POINT('Origin',(-57.7953612804413,-2.,0.978080099448562));
#7314=CARTESIAN_POINT('',(-51.9999998807907,-2.,0.978080099448562));
#7315=CARTESIAN_POINT('',(-57.7953612804413,-2.,0.978080099448562));
#7316=CARTESIAN_POINT('',(-32.3774265548053,-1.99999999999997,0.978080099448562));
#7317=CARTESIAN_POINT('',(-51.9999998807907,-2.8,0.978080099448562));
#7318=CARTESIAN_POINT('',(-51.9999998807907,-2.,0.978080099448562));
#7319=CARTESIAN_POINT('',(-57.7953612804413,-2.8,0.978080099448562));
#7320=CARTESIAN_POINT('',(-51.9999998807907,-2.8,0.978080099448562));
#7321=CARTESIAN_POINT('',(-57.7953612804413,-2.,0.978080099448562));
#7322=CARTESIAN_POINT('Origin',(-57.7953612804413,-2.,1.96034557186067));
#7323=CARTESIAN_POINT('',(-57.7953612804413,-2.,1.96034557186067));
#7324=CARTESIAN_POINT('',(-57.7953612804413,-1.99999999999997,1.94946324592184));
#7325=CARTESIAN_POINT('',(-57.7953612804413,-2.8,1.96034557186067));
#7326=CARTESIAN_POINT('',(-57.7953612804413,-2.8,0.978080099448562));
#7327=CARTESIAN_POINT('',(-57.7953612804413,-2.,1.96034557186067));
#7328=CARTESIAN_POINT('Origin',(-51.9999998807907,-2.,1.96034557186067));
#7329=CARTESIAN_POINT('',(-51.9999998807907,-2.,1.96034557186067));
#7330=CARTESIAN_POINT('',(-29.47974585498,-1.99999999999997,1.96034557186067));
#7331=CARTESIAN_POINT('',(-51.9999998807907,-2.8,1.96034557186067));
#7332=CARTESIAN_POINT('',(-57.7953612804413,-2.8,1.96034557186067));
#7333=CARTESIAN_POINT('',(-51.9999998807907,-2.,1.96034557186067));
#7334=CARTESIAN_POINT('Origin',(-51.9999998807907,-2.,0.978080099448562));
#7335=CARTESIAN_POINT('',(-51.9999998807907,-1.99999999999997,1.45833050971578));
#7336=CARTESIAN_POINT('',(-51.9999998807907,-2.8,1.96034557186067));
#7337=CARTESIAN_POINT('Origin',(-55.9345158934593,-2.8,1.72296470962465));
#7338=CARTESIAN_POINT('Origin',(-60.,-2.,9.04356366954744));
#7339=CARTESIAN_POINT('',(-51.9999998807907,-2.,9.04356366954744));
#7340=CARTESIAN_POINT('',(-60.,-2.,9.04356366954744));
#7341=CARTESIAN_POINT('',(-33.4797459145847,-1.99999999999997,9.04356366954744));
#7342=CARTESIAN_POINT('',(-51.9999998807907,-2.8,9.04356366954744));
#7343=CARTESIAN_POINT('',(-51.9999998807907,-2.,9.04356366954744));
#7344=CARTESIAN_POINT('',(-60.,-2.8,9.04356366954744));
#7345=CARTESIAN_POINT('',(-51.9999998807907,-2.8,9.04356366954744));
#7346=CARTESIAN_POINT('',(-60.,-2.,9.04356366954744));
#7347=CARTESIAN_POINT('Origin',(-60.,-2.,10.0258315261453));
#7348=CARTESIAN_POINT('',(-60.,-2.,10.0258315261453));
#7349=CARTESIAN_POINT('',(-60.,-1.99999999999997,5.98220622306417));
#7350=CARTESIAN_POINT('',(-60.,-2.8,10.0258315261453));
#7351=CARTESIAN_POINT('',(-60.,-2.8,9.04356366954744));
#7352=CARTESIAN_POINT('',(-60.,-2.,10.0258315261453));
#7353=CARTESIAN_POINT('Origin',(-57.1296042203903,-2.,10.0258315261453));
#7354=CARTESIAN_POINT('',(-57.1296042203903,-2.,10.0258315261453));
#7355=CARTESIAN_POINT('',(-32.0445480247798,-1.99999999999997,10.0258315261453));
#7356=CARTESIAN_POINT('',(-57.1296042203903,-2.8,10.0258315261453));
#7357=CARTESIAN_POINT('',(-60.,-2.8,10.0258315261453));
#7358=CARTESIAN_POINT('',(-57.1296042203903,-2.,10.0258315261453));
#7359=CARTESIAN_POINT('Ctrl Pts',(-57.9263299703598,-2.,11.7611659225076));
#7360=CARTESIAN_POINT('Ctrl Pts',(-57.9263299703598,-2.8,11.7611659225076));
#7361=CARTESIAN_POINT('Ctrl Pts',(-57.8929644145489,-2.,11.4267775372164));
#7362=CARTESIAN_POINT('Ctrl Pts',(-57.8929644145489,-2.8,11.4267775372164));
#7363=CARTESIAN_POINT('Ctrl Pts',(-57.8261482796858,-2.,10.7571486668057));
#7364=CARTESIAN_POINT('Ctrl Pts',(-57.8261482796858,-2.8,10.7571486668057));
#7365=CARTESIAN_POINT('Ctrl Pts',(-57.3619824564866,-2.,10.2698106182153));
#7366=CARTESIAN_POINT('Ctrl Pts',(-57.3619824564866,-2.8,10.2698106182153));
#7367=CARTESIAN_POINT('Ctrl Pts',(-57.1296042203903,-2.,10.0258315261453));
#7368=CARTESIAN_POINT('Ctrl Pts',(-57.1296042203903,-2.8,10.0258315261453));
#7369=CARTESIAN_POINT('',(-57.9263299703598,-2.,11.7611659225076));
#7370=CARTESIAN_POINT('Ctrl Pts',(-57.1296042203903,-2.,10.0258315261453));
#7371=CARTESIAN_POINT('Ctrl Pts',(-57.3619824564866,-2.,10.2698106182153));
#7372=CARTESIAN_POINT('Ctrl Pts',(-57.8261482796858,-2.,10.7571486668057));
#7373=CARTESIAN_POINT('Ctrl Pts',(-57.8929644145489,-2.,11.4267775372164));
#7374=CARTESIAN_POINT('Ctrl Pts',(-57.9263299703598,-2.,11.7611659225076));
#7375=CARTESIAN_POINT('',(-57.9263299703598,-2.8,11.7611659225076));
#7376=CARTESIAN_POINT('Ctrl Pts',(-57.9263299703598,-2.8,11.7611659225076));
#7377=CARTESIAN_POINT('Ctrl Pts',(-57.8929644145489,-2.8,11.4267775372164));
#7378=CARTESIAN_POINT('Ctrl Pts',(-57.8261482796858,-2.8,10.7571486668057));
#7379=CARTESIAN_POINT('Ctrl Pts',(-57.3619824564866,-2.8,10.2698106182153));
#7380=CARTESIAN_POINT('Ctrl Pts',(-57.1296042203903,-2.8,10.0258315261453));
#7381=CARTESIAN_POINT('',(-57.9263299703598,-2.,11.7611659225076));
#7382=CARTESIAN_POINT('Ctrl Pts',(-57.6725780963898,-2.,12.8798545058817));
#7383=CARTESIAN_POINT('Ctrl Pts',(-57.6725780963898,-2.8,12.8798545058817));
#7384=CARTESIAN_POINT('Ctrl Pts',(-57.7465450377673,-2.,12.7099560302268));
#7385=CARTESIAN_POINT('Ctrl Pts',(-57.7465450377673,-2.8,12.7099560302268));
#7386=CARTESIAN_POINT('Ctrl Pts',(-57.9017289224473,-2.,12.353506176247));
#7387=CARTESIAN_POINT('Ctrl Pts',(-57.9017289224473,-2.8,12.353506176247));
#7388=CARTESIAN_POINT('Ctrl Pts',(-57.9178781306156,-2.,11.9646680219474));
#7389=CARTESIAN_POINT('Ctrl Pts',(-57.9178781306156,-2.8,11.9646680219474));
#7390=CARTESIAN_POINT('Ctrl Pts',(-57.9263299703598,-2.,11.7611659225076));
#7391=CARTESIAN_POINT('Ctrl Pts',(-57.9263299703598,-2.8,11.7611659225076));
#7392=CARTESIAN_POINT('',(-57.6725780963898,-2.,12.8798545058817));
#7393=CARTESIAN_POINT('Ctrl Pts',(-57.9263299703598,-2.,11.7611659225076));
#7394=CARTESIAN_POINT('Ctrl Pts',(-57.9178781306156,-2.,11.9646680219474));
#7395=CARTESIAN_POINT('Ctrl Pts',(-57.9017289224473,-2.,12.353506176247));
#7396=CARTESIAN_POINT('Ctrl Pts',(-57.7465450377673,-2.,12.7099560302268));
#7397=CARTESIAN_POINT('Ctrl Pts',(-57.6725780963898,-2.,12.8798545058817));
#7398=CARTESIAN_POINT('',(-57.6725780963898,-2.8,12.8798545058817));
#7399=CARTESIAN_POINT('Ctrl Pts',(-57.6725780963898,-2.8,12.8798545058817));
#7400=CARTESIAN_POINT('Ctrl Pts',(-57.7465450377673,-2.8,12.7099560302268));
#7401=CARTESIAN_POINT('Ctrl Pts',(-57.9017289224473,-2.8,12.353506176247));
#7402=CARTESIAN_POINT('Ctrl Pts',(-57.9178781306156,-2.8,11.9646680219474));
#7403=CARTESIAN_POINT('Ctrl Pts',(-57.9263299703598,-2.8,11.7611659225076));
#7404=CARTESIAN_POINT('',(-57.6725780963898,-2.,12.8798545058817));
#7405=CARTESIAN_POINT('Ctrl Pts',(-56.971350312233,-2.,13.5592520888895));
#7406=CARTESIAN_POINT('Ctrl Pts',(-56.971350312233,-2.8,13.5592520888895));
#7407=CARTESIAN_POINT('Ctrl Pts',(-57.1134073538565,-2.,13.4779384365005));
#7408=CARTESIAN_POINT('Ctrl Pts',(-57.1134073538565,-2.8,13.4779384365005));
#7409=CARTESIAN_POINT('Ctrl Pts',(-57.4046016354854,-2.,13.3112584161127));
#7410=CARTESIAN_POINT('Ctrl Pts',(-57.4046016354854,-2.8,13.3112584161127));
#7411=CARTESIAN_POINT('Ctrl Pts',(-57.5818163230392,-2.,13.0259680256692));
#7412=CARTESIAN_POINT('Ctrl Pts',(-57.5818163230392,-2.8,13.0259680256692));
#7413=CARTESIAN_POINT('Ctrl Pts',(-57.6725780963898,-2.,12.8798545058817));
#7414=CARTESIAN_POINT('Ctrl Pts',(-57.6725780963898,-2.8,12.8798545058817));
#7415=CARTESIAN_POINT('',(-56.971350312233,-2.,13.5592520888895));
#7416=CARTESIAN_POINT('Ctrl Pts',(-57.6725780963898,-2.,12.8798545058817));
#7417=CARTESIAN_POINT('Ctrl Pts',(-57.5818163230392,-2.,13.0259680256692));
#7418=CARTESIAN_POINT('Ctrl Pts',(-57.4046016354854,-2.,13.3112584161127));
#7419=CARTESIAN_POINT('Ctrl Pts',(-57.1134073538565,-2.,13.4779384365005));
#7420=CARTESIAN_POINT('Ctrl Pts',(-56.971350312233,-2.,13.5592520888895));
#7421=CARTESIAN_POINT('',(-56.971350312233,-2.8,13.5592520888895));
#7422=CARTESIAN_POINT('Ctrl Pts',(-56.971350312233,-2.8,13.5592520888895));
#7423=CARTESIAN_POINT('Ctrl Pts',(-57.1134073538565,-2.8,13.4779384365005));
#7424=CARTESIAN_POINT('Ctrl Pts',(-57.4046016354854,-2.8,13.3112584161127));
#7425=CARTESIAN_POINT('Ctrl Pts',(-57.5818163230392,-2.8,13.0259680256692));
#7426=CARTESIAN_POINT('Ctrl Pts',(-57.6725780963898,-2.8,12.8798545058817));
#7427=CARTESIAN_POINT('',(-56.971350312233,-2.,13.5592520888895));
#7428=CARTESIAN_POINT('Ctrl Pts',(-55.6725782155991,-2.,13.7638915237039));
#7429=CARTESIAN_POINT('Ctrl Pts',(-55.6725782155991,-2.8,13.7638915237039));
#7430=CARTESIAN_POINT('Ctrl Pts',(-55.9251660163507,-2.,13.7612098117661));
#7431=CARTESIAN_POINT('Ctrl Pts',(-55.9251660163507,-2.8,13.7612098117661));
#7432=CARTESIAN_POINT('Ctrl Pts',(-56.3690213902397,-2.,13.7564974216534));
#7433=CARTESIAN_POINT('Ctrl Pts',(-56.3690213902397,-2.8,13.7564974216534));
#7434=CARTESIAN_POINT('Ctrl Pts',(-56.7899586751027,-2.,13.6186526132873));
#7435=CARTESIAN_POINT('Ctrl Pts',(-56.7899586751027,-2.8,13.6186526132873));
#7436=CARTESIAN_POINT('Ctrl Pts',(-56.971350312233,-2.,13.5592520888895));
#7437=CARTESIAN_POINT('Ctrl Pts',(-56.971350312233,-2.8,13.5592520888895));
#7438=CARTESIAN_POINT('',(-55.6725782155991,-2.,13.7638915237039));
#7439=CARTESIAN_POINT('Ctrl Pts',(-56.971350312233,-2.,13.5592520888895));
#7440=CARTESIAN_POINT('Ctrl Pts',(-56.7899586751027,-2.,13.6186526132873));
#7441=CARTESIAN_POINT('Ctrl Pts',(-56.3690213902397,-2.,13.7564974216534));
#7442=CARTESIAN_POINT('Ctrl Pts',(-55.9251660163507,-2.,13.7612098117661));
#7443=CARTESIAN_POINT('Ctrl Pts',(-55.6725782155991,-2.,13.7638915237039));
#7444=CARTESIAN_POINT('',(-55.6725782155991,-2.8,13.7638915237039));
#7445=CARTESIAN_POINT('Ctrl Pts',(-55.6725782155991,-2.8,13.7638915237039));
#7446=CARTESIAN_POINT('Ctrl Pts',(-55.9251660163507,-2.8,13.7612098117661));
#7447=CARTESIAN_POINT('Ctrl Pts',(-56.3690213902397,-2.8,13.7564974216534));
#7448=CARTESIAN_POINT('Ctrl Pts',(-56.7899586751027,-2.8,13.6186526132873));
#7449=CARTESIAN_POINT('Ctrl Pts',(-56.971350312233,-2.8,13.5592520888895));
#7450=CARTESIAN_POINT('',(-55.6725782155991,-2.,13.7638915237039));
#7451=CARTESIAN_POINT('Origin',(-51.9999998807907,-2.,13.7638915237039));
#7452=CARTESIAN_POINT('',(-51.9999998807907,-2.,13.7638915237039));
#7453=CARTESIAN_POINT('',(-29.47974585498,-1.99999999999997,13.7638915237039));
#7454=CARTESIAN_POINT('',(-51.9999998807907,-2.8,13.7638915237039));
#7455=CARTESIAN_POINT('',(-55.6725782155991,-2.8,13.7638915237039));
#7456=CARTESIAN_POINT('',(-51.9999998807907,-2.,13.7638915237039));
#7457=CARTESIAN_POINT('Origin',(-51.9999998807907,-2.,12.7816260512918));
#7458=CARTESIAN_POINT('',(-51.9999998807907,-2.,12.7816260512918));
#7459=CARTESIAN_POINT('',(-51.9999998807907,-1.99999999999997,7.36010348563741));
#7460=CARTESIAN_POINT('',(-51.9999998807907,-2.8,12.7816260512918));
#7461=CARTESIAN_POINT('',(-51.9999998807907,-2.8,13.7638915237039));
#7462=CARTESIAN_POINT('',(-51.9999998807907,-2.,12.7816260512918));
#7463=CARTESIAN_POINT('Origin',(-55.6725782155991,-2.,12.7816260512918));
#7464=CARTESIAN_POINT('',(-55.6725782155991,-2.,12.7816260512918));
#7465=CARTESIAN_POINT('',(-31.3160350223842,-1.99999999999997,12.7816260512918));
#7466=CARTESIAN_POINT('',(-55.6725782155991,-2.8,12.7816260512918));
#7467=CARTESIAN_POINT('',(-51.9999998807907,-2.8,12.7816260512918));
#7468=CARTESIAN_POINT('',(-55.6725782155991,-2.,12.7816260512918));
#7469=CARTESIAN_POINT('Ctrl Pts',(-56.7448836565018,-2.,12.462393110618));
#7470=CARTESIAN_POINT('Ctrl Pts',(-56.7448836565018,-2.8,12.462393110618));
#7471=CARTESIAN_POINT('Ctrl Pts',(-56.6037803101409,-2.,12.5551245509982));
#7472=CARTESIAN_POINT('Ctrl Pts',(-56.6037803101409,-2.8,12.5551245509982));
#7473=CARTESIAN_POINT('Ctrl Pts',(-56.2806869672237,-2.,12.7674576517975));
#7474=CARTESIAN_POINT('Ctrl Pts',(-56.2806869672237,-2.8,12.7674576517975));
#7475=CARTESIAN_POINT('Ctrl Pts',(-55.8916899957053,-2.,12.7765209393753));
#7476=CARTESIAN_POINT('Ctrl Pts',(-55.8916899957053,-2.8,12.7765209393753));
#7477=CARTESIAN_POINT('Ctrl Pts',(-55.6725782155991,-2.,12.7816260512918));
#7478=CARTESIAN_POINT('Ctrl Pts',(-55.6725782155991,-2.8,12.7816260512918));
#7479=CARTESIAN_POINT('',(-56.7448836565018,-2.,12.462393110618));
#7480=CARTESIAN_POINT('Ctrl Pts',(-55.6725782155991,-2.,12.7816260512918));
#7481=CARTESIAN_POINT('Ctrl Pts',(-55.8916899957053,-2.,12.7765209393753));
#7482=CARTESIAN_POINT('Ctrl Pts',(-56.2806869672237,-2.,12.7674576517975));
#7483=CARTESIAN_POINT('Ctrl Pts',(-56.6037803101409,-2.,12.5551245509982));
#7484=CARTESIAN_POINT('Ctrl Pts',(-56.7448836565018,-2.,12.462393110618));
#7485=CARTESIAN_POINT('',(-56.7448836565018,-2.8,12.462393110618));
#7486=CARTESIAN_POINT('Ctrl Pts',(-56.7448836565018,-2.8,12.462393110618));
#7487=CARTESIAN_POINT('Ctrl Pts',(-56.6037803101409,-2.8,12.5551245509982));
#7488=CARTESIAN_POINT('Ctrl Pts',(-56.2806869672237,-2.8,12.7674576517975));
#7489=CARTESIAN_POINT('Ctrl Pts',(-55.8916899957053,-2.8,12.7765209393753));
#7490=CARTESIAN_POINT('Ctrl Pts',(-55.6725782155991,-2.8,12.7816260512918));
#7491=CARTESIAN_POINT('',(-56.7448836565018,-2.,12.462393110618));
#7492=CARTESIAN_POINT('Ctrl Pts',(-57.0804911851883,-2.,11.5592539962381));
#7493=CARTESIAN_POINT('Ctrl Pts',(-57.0804911851883,-2.8,11.5592539962381));
#7494=CARTESIAN_POINT('Ctrl Pts',(-57.0705328976692,-2.,11.7388076792122));
#7495=CARTESIAN_POINT('Ctrl Pts',(-57.0705328976692,-2.8,11.7388076792122));
#7496=CARTESIAN_POINT('Ctrl Pts',(-57.0518345938845,-2.,12.0759489099211));
#7497=CARTESIAN_POINT('Ctrl Pts',(-57.0518345938845,-2.8,12.0759489099211));
#7498=CARTESIAN_POINT('Ctrl Pts',(-56.8426577250514,-2.,12.339297797433));
#7499=CARTESIAN_POINT('Ctrl Pts',(-56.8426577250514,-2.8,12.339297797433));
#7500=CARTESIAN_POINT('Ctrl Pts',(-56.7448836565018,-2.,12.462393110618));
#7501=CARTESIAN_POINT('Ctrl Pts',(-56.7448836565018,-2.8,12.462393110618));
#7502=CARTESIAN_POINT('',(-57.0804911851883,-2.,11.5592539962381));
#7503=CARTESIAN_POINT('Ctrl Pts',(-56.7448836565018,-2.,12.462393110618));
#7504=CARTESIAN_POINT('Ctrl Pts',(-56.8426577250514,-2.,12.339297797433));
#7505=CARTESIAN_POINT('Ctrl Pts',(-57.0518345938845,-2.,12.0759489099211));
#7506=CARTESIAN_POINT('Ctrl Pts',(-57.0705328976692,-2.,11.7388076792122));
#7507=CARTESIAN_POINT('Ctrl Pts',(-57.0804911851883,-2.,11.5592539962381));
#7508=CARTESIAN_POINT('',(-57.0804911851883,-2.8,11.5592539962381));
#7509=CARTESIAN_POINT('Ctrl Pts',(-57.0804911851883,-2.8,11.5592539962381));
#7510=CARTESIAN_POINT('Ctrl Pts',(-57.0705328976692,-2.8,11.7388076792122));
#7511=CARTESIAN_POINT('Ctrl Pts',(-57.0518345938845,-2.8,12.0759489099211));
#7512=CARTESIAN_POINT('Ctrl Pts',(-56.8426577250514,-2.8,12.339297797433));
#7513=CARTESIAN_POINT('Ctrl Pts',(-56.7448836565018,-2.8,12.462393110618));
#7514=CARTESIAN_POINT('',(-57.0804911851883,-2.,11.5592539962381));
#7515=CARTESIAN_POINT('Ctrl Pts',(-56.8540245294571,-2.,10.7379687484354));
#7516=CARTESIAN_POINT('Ctrl Pts',(-56.8540245294571,-2.8,10.7379687484354));
#7517=CARTESIAN_POINT('Ctrl Pts',(-56.9200766451828,-2.,10.8679358302691));
#7518=CARTESIAN_POINT('Ctrl Pts',(-56.9200766451828,-2.8,10.8679358302691));
#7519=CARTESIAN_POINT('Ctrl Pts',(-57.0514071837845,-2.,11.1263476414607));
#7520=CARTESIAN_POINT('Ctrl Pts',(-57.0514071837845,-2.8,11.1263476414607));
#7521=CARTESIAN_POINT('Ctrl Pts',(-57.0708346683729,-2.,11.415519733667));
#7522=CARTESIAN_POINT('Ctrl Pts',(-57.0708346683729,-2.8,11.415519733667));
#7523=CARTESIAN_POINT('Ctrl Pts',(-57.0804911851883,-2.,11.5592539962381));
#7524=CARTESIAN_POINT('Ctrl Pts',(-57.0804911851883,-2.8,11.5592539962381));
#7525=CARTESIAN_POINT('',(-56.8540245294571,-2.,10.7379687484354));
#7526=CARTESIAN_POINT('Ctrl Pts',(-57.0804911851883,-2.,11.5592539962381));
#7527=CARTESIAN_POINT('Ctrl Pts',(-57.0708346683729,-2.,11.415519733667));
#7528=CARTESIAN_POINT('Ctrl Pts',(-57.0514071837845,-2.,11.1263476414607));
#7529=CARTESIAN_POINT('Ctrl Pts',(-56.9200766451828,-2.,10.8679358302691));
#7530=CARTESIAN_POINT('Ctrl Pts',(-56.8540245294571,-2.,10.7379687484354));
#7531=CARTESIAN_POINT('',(-56.8540245294571,-2.8,10.7379687484354));
#7532=CARTESIAN_POINT('Ctrl Pts',(-56.8540245294571,-2.8,10.7379687484354));
#7533=CARTESIAN_POINT('Ctrl Pts',(-56.9200766451828,-2.8,10.8679358302691));
#7534=CARTESIAN_POINT('Ctrl Pts',(-57.0514071837845,-2.8,11.1263476414607));
#7535=CARTESIAN_POINT('Ctrl Pts',(-57.0708346683729,-2.8,11.415519733667));
#7536=CARTESIAN_POINT('Ctrl Pts',(-57.0804911851883,-2.8,11.5592539962381));
#7537=CARTESIAN_POINT('',(-56.8540245294571,-2.,10.7379687484354));
#7538=CARTESIAN_POINT('Ctrl Pts',(-56.2401086091995,-2.,10.1895392592996));
#7539=CARTESIAN_POINT('Ctrl Pts',(-56.2401086091995,-2.8,10.1895392592996));
#7540=CARTESIAN_POINT('Ctrl Pts',(-56.3631347238472,-2.,10.2543211208073));
#7541=CARTESIAN_POINT('Ctrl Pts',(-56.3631347238472,-2.8,10.2543211208073));
#7542=CARTESIAN_POINT('Ctrl Pts',(-56.6132056736272,-2.,10.3860009814786));
#7543=CARTESIAN_POINT('Ctrl Pts',(-56.6132056736272,-2.8,10.3860009814786));
#7544=CARTESIAN_POINT('Ctrl Pts',(-56.7728961517553,-2.,10.6193959155976));
#7545=CARTESIAN_POINT('Ctrl Pts',(-56.7728961517553,-2.8,10.6193959155976));
#7546=CARTESIAN_POINT('Ctrl Pts',(-56.8540245294571,-2.,10.7379687484354));
#7547=CARTESIAN_POINT('Ctrl Pts',(-56.8540245294571,-2.8,10.7379687484354));
#7548=CARTESIAN_POINT('',(-56.2401086091995,-2.,10.1895392592996));
#7549=CARTESIAN_POINT('Ctrl Pts',(-56.8540245294571,-2.,10.7379687484354));
#7550=CARTESIAN_POINT('Ctrl Pts',(-56.7728961517553,-2.,10.6193959155976));
#7551=CARTESIAN_POINT('Ctrl Pts',(-56.6132056736272,-2.,10.3860009814786));
#7552=CARTESIAN_POINT('Ctrl Pts',(-56.3631347238472,-2.,10.2543211208073));
#7553=CARTESIAN_POINT('Ctrl Pts',(-56.2401086091995,-2.,10.1895392592996));
#7554=CARTESIAN_POINT('',(-56.2401086091995,-2.8,10.1895392592996));
#7555=CARTESIAN_POINT('Ctrl Pts',(-56.2401086091995,-2.8,10.1895392592996));
#7556=CARTESIAN_POINT('Ctrl Pts',(-56.3631347238472,-2.8,10.2543211208073));
#7557=CARTESIAN_POINT('Ctrl Pts',(-56.6132056736272,-2.8,10.3860009814786));
#7558=CARTESIAN_POINT('Ctrl Pts',(-56.7728961517553,-2.8,10.6193959155976));
#7559=CARTESIAN_POINT('Ctrl Pts',(-56.8540245294571,-2.8,10.7379687484354));
#7560=CARTESIAN_POINT('',(-56.2401086091995,-2.,10.1895392592996));
#7561=CARTESIAN_POINT('Ctrl Pts',(-55.1705318689346,-2.,10.0258315261453));
#7562=CARTESIAN_POINT('Ctrl Pts',(-55.1705318689346,-2.8,10.0258315261453));
#7563=CARTESIAN_POINT('Ctrl Pts',(-55.375142663766,-2.,10.0286289740749));
#7564=CARTESIAN_POINT('Ctrl Pts',(-55.375142663766,-2.8,10.0286289740749));
#7565=CARTESIAN_POINT('Ctrl Pts',(-55.7398580355623,-2.,10.0336153789348));
#7566=CARTESIAN_POINT('Ctrl Pts',(-55.7398580355623,-2.8,10.0336153789348));
#7567=CARTESIAN_POINT('Ctrl Pts',(-56.0874993064134,-2.,10.1419722280473));
#7568=CARTESIAN_POINT('Ctrl Pts',(-56.0874993064134,-2.8,10.1419722280473));
#7569=CARTESIAN_POINT('Ctrl Pts',(-56.2401086091995,-2.,10.1895392592996));
#7570=CARTESIAN_POINT('Ctrl Pts',(-56.2401086091995,-2.8,10.1895392592996));
#7571=CARTESIAN_POINT('',(-55.1705318689346,-2.,10.0258315261453));
#7572=CARTESIAN_POINT('Ctrl Pts',(-56.2401086091995,-2.,10.1895392592996));
#7573=CARTESIAN_POINT('Ctrl Pts',(-56.0874993064134,-2.,10.1419722280473));
#7574=CARTESIAN_POINT('Ctrl Pts',(-55.7398580355623,-2.,10.0336153789348));
#7575=CARTESIAN_POINT('Ctrl Pts',(-55.375142663766,-2.,10.0286289740749));
#7576=CARTESIAN_POINT('Ctrl Pts',(-55.1705318689346,-2.,10.0258315261453));
#7577=CARTESIAN_POINT('',(-55.1705318689346,-2.8,10.0258315261453));
#7578=CARTESIAN_POINT('Ctrl Pts',(-55.1705318689346,-2.8,10.0258315261453));
#7579=CARTESIAN_POINT('Ctrl Pts',(-55.375142663766,-2.8,10.0286289740749));
#7580=CARTESIAN_POINT('Ctrl Pts',(-55.7398580355623,-2.8,10.0336153789348));
#7581=CARTESIAN_POINT('Ctrl Pts',(-56.0874993064134,-2.8,10.1419722280473));
#7582=CARTESIAN_POINT('Ctrl Pts',(-56.2401086091995,-2.8,10.1895392592996));
#7583=CARTESIAN_POINT('',(-55.1705318689346,-2.,10.0258315261453));
#7584=CARTESIAN_POINT('Origin',(-51.9999998807907,-2.,10.0258315261453));
#7585=CARTESIAN_POINT('',(-51.9999998807907,-2.,10.0258315261453));
#7586=CARTESIAN_POINT('',(-29.47974585498,-1.99999999999997,10.0258315261453));
#7587=CARTESIAN_POINT('',(-51.9999998807907,-2.8,10.0258315261453));
#7588=CARTESIAN_POINT('',(-55.1705318689346,-2.8,10.0258315261453));
#7589=CARTESIAN_POINT('',(-51.9999998807907,-2.,10.0258315261453));
#7590=CARTESIAN_POINT('Origin',(-51.9999998807907,-2.,9.04356366954744));
#7591=CARTESIAN_POINT('',(-51.9999998807907,-1.99999999999997,5.49107229476522));
#7592=CARTESIAN_POINT('',(-51.9999998807907,-2.8,10.0258315261453));
#7593=CARTESIAN_POINT('Origin',(-55.9345158934593,-2.8,1.72296470962465));
#7594=CARTESIAN_POINT('Ctrl Pts',(-54.5375168323517,-2.,17.3546088393778));
#7595=CARTESIAN_POINT('Ctrl Pts',(-54.5375168323517,-2.8,17.3546088393778));
#7596=CARTESIAN_POINT('Ctrl Pts',(-54.5837367123389,-2.,17.6690164216259));
#7597=CARTESIAN_POINT('Ctrl Pts',(-54.5837367123389,-2.8,17.6690164216259));
#7598=CARTESIAN_POINT('Ctrl Pts',(-54.663893613521,-2.,18.2142782766576));
#7599=CARTESIAN_POINT('Ctrl Pts',(-54.663893613521,-2.8,18.2142782766576));
#7600=CARTESIAN_POINT('Ctrl Pts',(-54.835808676954,-2.,18.7374664692595));
#7601=CARTESIAN_POINT('Ctrl Pts',(-54.835808676954,-2.8,18.7374664692595));
#7602=CARTESIAN_POINT('Ctrl Pts',(-54.9085944890976,-2.,18.958975141868));
#7603=CARTESIAN_POINT('Ctrl Pts',(-54.9085944890976,-2.8,18.958975141868));
#7604=CARTESIAN_POINT('',(-54.9085944890976,-2.,18.958975141868));
#7605=CARTESIAN_POINT('',(-54.5375168323517,-2.,17.3546088393778));
#7606=CARTESIAN_POINT('Ctrl Pts',(-54.9085944890976,-2.,18.958975141868));
#7607=CARTESIAN_POINT('Ctrl Pts',(-54.835808676954,-2.,18.7374664692595));
#7608=CARTESIAN_POINT('Ctrl Pts',(-54.663893613521,-2.,18.2142782766576));
#7609=CARTESIAN_POINT('Ctrl Pts',(-54.5837367123389,-2.,17.6690164216259));
#7610=CARTESIAN_POINT('Ctrl Pts',(-54.5375168323517,-2.,17.3546088393778));
#7611=CARTESIAN_POINT('',(-54.9085944890976,-2.8,18.958975141868));
#7612=CARTESIAN_POINT('',(-54.9085944890976,-2.,18.958975141868));
#7613=CARTESIAN_POINT('',(-54.5375168323517,-2.8,17.3546088393778));
#7614=CARTESIAN_POINT('Ctrl Pts',(-54.5375168323517,-2.8,17.3546088393778));
#7615=CARTESIAN_POINT('Ctrl Pts',(-54.5837367123389,-2.8,17.6690164216259));
#7616=CARTESIAN_POINT('Ctrl Pts',(-54.663893613521,-2.8,18.2142782766576));
#7617=CARTESIAN_POINT('Ctrl Pts',(-54.835808676954,-2.8,18.7374664692595));
#7618=CARTESIAN_POINT('Ctrl Pts',(-54.9085944890976,-2.8,18.958975141868));
#7619=CARTESIAN_POINT('',(-54.5375168323517,-2.,17.3546088393778));
#7620=CARTESIAN_POINT('Ctrl Pts',(-54.3410640954971,-2.,16.4978564437479));
#7621=CARTESIAN_POINT('Ctrl Pts',(-54.3410640954971,-2.8,16.4978564437479));
#7622=CARTESIAN_POINT('Ctrl Pts',(-54.3783790628215,-2.,16.6104245548758));
#7623=CARTESIAN_POINT('Ctrl Pts',(-54.3783790628215,-2.8,16.6104245548758));
#7624=CARTESIAN_POINT('Ctrl Pts',(-54.4708843327512,-2.,16.8894853246427));
#7625=CARTESIAN_POINT('Ctrl Pts',(-54.4708843327512,-2.8,16.8894853246427));
#7626=CARTESIAN_POINT('Ctrl Pts',(-54.5126178610882,-2.,17.1808033075905));
#7627=CARTESIAN_POINT('Ctrl Pts',(-54.5126178610882,-2.8,17.1808033075905));
#7628=CARTESIAN_POINT('Ctrl Pts',(-54.5375168323517,-2.,17.3546088393778));
#7629=CARTESIAN_POINT('Ctrl Pts',(-54.5375168323517,-2.8,17.3546088393778));
#7630=CARTESIAN_POINT('',(-54.3410640954971,-2.,16.4978564437479));
#7631=CARTESIAN_POINT('Ctrl Pts',(-54.5375168323517,-2.,17.3546088393778));
#7632=CARTESIAN_POINT('Ctrl Pts',(-54.5126178610882,-2.,17.1808033075905));
#7633=CARTESIAN_POINT('Ctrl Pts',(-54.4708843327512,-2.,16.8894853246427));
#7634=CARTESIAN_POINT('Ctrl Pts',(-54.3783790628215,-2.,16.6104245548758));
#7635=CARTESIAN_POINT('Ctrl Pts',(-54.3410640954971,-2.,16.4978564437479));
#7636=CARTESIAN_POINT('',(-54.3410640954971,-2.8,16.4978564437479));
#7637=CARTESIAN_POINT('Ctrl Pts',(-54.3410640954971,-2.8,16.4978564437479));
#7638=CARTESIAN_POINT('Ctrl Pts',(-54.3783790628215,-2.8,16.6104245548758));
#7639=CARTESIAN_POINT('Ctrl Pts',(-54.4708843327512,-2.8,16.8894853246427));
#7640=CARTESIAN_POINT('Ctrl Pts',(-54.5126178610882,-2.8,17.1808033075905));
#7641=CARTESIAN_POINT('Ctrl Pts',(-54.5375168323517,-2.8,17.3546088393778));
#7642=CARTESIAN_POINT('',(-54.3410640954971,-2.,16.4978564437479));
#7643=CARTESIAN_POINT('Ctrl Pts',(-54.0218275785446,-2.,16.1104071792215));
#7644=CARTESIAN_POINT('Ctrl Pts',(-54.0218275785446,-2.8,16.1104071792215));
#7645=CARTESIAN_POINT('Ctrl Pts',(-54.0880577651427,-2.,16.1616072013336));
#7646=CARTESIAN_POINT('Ctrl Pts',(-54.0880577651427,-2.8,16.1616072013336));
#7647=CARTESIAN_POINT('Ctrl Pts',(-54.2237196423952,-2.,16.2664822057973));
#7648=CARTESIAN_POINT('Ctrl Pts',(-54.2237196423952,-2.8,16.2664822057973));
#7649=CARTESIAN_POINT('Ctrl Pts',(-54.3013386967392,-2.,16.4195277829384));
#7650=CARTESIAN_POINT('Ctrl Pts',(-54.3013386967392,-2.8,16.4195277829384));
#7651=CARTESIAN_POINT('Ctrl Pts',(-54.3410640954971,-2.,16.4978564437479));
#7652=CARTESIAN_POINT('Ctrl Pts',(-54.3410640954971,-2.8,16.4978564437479));
#7653=CARTESIAN_POINT('',(-54.0218275785446,-2.,16.1104071792215));
#7654=CARTESIAN_POINT('Ctrl Pts',(-54.3410640954971,-2.,16.4978564437479));
#7655=CARTESIAN_POINT('Ctrl Pts',(-54.3013386967392,-2.,16.4195277829384));
#7656=CARTESIAN_POINT('Ctrl Pts',(-54.2237196423952,-2.,16.2664822057973));
#7657=CARTESIAN_POINT('Ctrl Pts',(-54.0880577651427,-2.,16.1616072013336));
#7658=CARTESIAN_POINT('Ctrl Pts',(-54.0218275785446,-2.,16.1104071792215));
#7659=CARTESIAN_POINT('',(-54.0218275785446,-2.8,16.1104071792215));
#7660=CARTESIAN_POINT('Ctrl Pts',(-54.0218275785446,-2.8,16.1104071792215));
#7661=CARTESIAN_POINT('Ctrl Pts',(-54.0880577651427,-2.8,16.1616072013336));
#7662=CARTESIAN_POINT('Ctrl Pts',(-54.2237196423952,-2.8,16.2664822057973));
#7663=CARTESIAN_POINT('Ctrl Pts',(-54.3013386967392,-2.8,16.4195277829384));
#7664=CARTESIAN_POINT('Ctrl Pts',(-54.3410640954971,-2.8,16.4978564437479));
#7665=CARTESIAN_POINT('',(-54.0218275785446,-2.,16.1104071792215));
#7666=CARTESIAN_POINT('Ctrl Pts',(-53.555251955986,-2.,15.9739840682596));
#7667=CARTESIAN_POINT('Ctrl Pts',(-53.555251955986,-2.8,15.9739840682596));
#7668=CARTESIAN_POINT('Ctrl Pts',(-53.6385902702448,-2.,15.9795231547195));
#7669=CARTESIAN_POINT('Ctrl Pts',(-53.6385902702448,-2.8,15.9795231547195));
#7670=CARTESIAN_POINT('Ctrl Pts',(-53.8042276282442,-2.,15.9905322524569));
#7671=CARTESIAN_POINT('Ctrl Pts',(-53.8042276282442,-2.8,15.9905322524569));
#7672=CARTESIAN_POINT('Ctrl Pts',(-53.9495982983661,-2.,16.0706163628187));
#7673=CARTESIAN_POINT('Ctrl Pts',(-53.9495982983661,-2.8,16.0706163628187));
#7674=CARTESIAN_POINT('Ctrl Pts',(-54.0218275785446,-2.,16.1104071792215));
#7675=CARTESIAN_POINT('Ctrl Pts',(-54.0218275785446,-2.8,16.1104071792215));
#7676=CARTESIAN_POINT('',(-53.555251955986,-2.,15.9739840682596));
#7677=CARTESIAN_POINT('Ctrl Pts',(-54.0218275785446,-2.,16.1104071792215));
#7678=CARTESIAN_POINT('Ctrl Pts',(-53.9495982983661,-2.,16.0706163628187));
#7679=CARTESIAN_POINT('Ctrl Pts',(-53.8042276282442,-2.,15.9905322524569));
#7680=CARTESIAN_POINT('Ctrl Pts',(-53.6385902702448,-2.,15.9795231547195));
#7681=CARTESIAN_POINT('Ctrl Pts',(-53.555251955986,-2.,15.9739840682596));
#7682=CARTESIAN_POINT('',(-53.555251955986,-2.8,15.9739840682596));
#7683=CARTESIAN_POINT('Ctrl Pts',(-53.555251955986,-2.8,15.9739840682596));
#7684=CARTESIAN_POINT('Ctrl Pts',(-53.6385902702448,-2.8,15.9795231547195));
#7685=CARTESIAN_POINT('Ctrl Pts',(-53.8042276282442,-2.8,15.9905322524569));
#7686=CARTESIAN_POINT('Ctrl Pts',(-53.9495982983661,-2.8,16.0706163628187));
#7687=CARTESIAN_POINT('Ctrl Pts',(-54.0218275785446,-2.8,16.1104071792215));
#7688=CARTESIAN_POINT('',(-53.555251955986,-2.,15.9739840682596));
#7689=CARTESIAN_POINT('Ctrl Pts',(-52.9004091024399,-2.,16.271396940574));
#7690=CARTESIAN_POINT('Ctrl Pts',(-52.9004091024399,-2.8,16.271396940574));
#7691=CARTESIAN_POINT('Ctrl Pts',(-52.9930157725821,-2.,16.1846516716473));
#7692=CARTESIAN_POINT('Ctrl Pts',(-52.9930157725821,-2.8,16.1846516716473));
#7693=CARTESIAN_POINT('Ctrl Pts',(-53.1777718890829,-2.,16.0115894182792));
#7694=CARTESIAN_POINT('Ctrl Pts',(-53.1777718890829,-2.8,16.0115894182792));
#7695=CARTESIAN_POINT('Ctrl Pts',(-53.4296330308285,-2.,15.9864984870695));
#7696=CARTESIAN_POINT('Ctrl Pts',(-53.4296330308285,-2.8,15.9864984870695));
#7697=CARTESIAN_POINT('Ctrl Pts',(-53.555251955986,-2.,15.9739840682596));
#7698=CARTESIAN_POINT('Ctrl Pts',(-53.555251955986,-2.8,15.9739840682596));
#7699=CARTESIAN_POINT('',(-52.9004091024399,-2.,16.271396940574));
#7700=CARTESIAN_POINT('Ctrl Pts',(-53.555251955986,-2.,15.9739840682596));
#7701=CARTESIAN_POINT('Ctrl Pts',(-53.4296330308285,-2.,15.9864984870695));
#7702=CARTESIAN_POINT('Ctrl Pts',(-53.1777718890829,-2.,16.0115894182792));
#7703=CARTESIAN_POINT('Ctrl Pts',(-52.9930157725821,-2.,16.1846516716473));
#7704=CARTESIAN_POINT('Ctrl Pts',(-52.9004091024399,-2.,16.271396940574));
#7705=CARTESIAN_POINT('',(-52.9004091024399,-2.8,16.271396940574));
#7706=CARTESIAN_POINT('Ctrl Pts',(-52.9004091024399,-2.8,16.271396940574));
#7707=CARTESIAN_POINT('Ctrl Pts',(-52.9930157725821,-2.8,16.1846516716473));
#7708=CARTESIAN_POINT('Ctrl Pts',(-53.1777718890829,-2.8,16.0115894182792));
#7709=CARTESIAN_POINT('Ctrl Pts',(-53.4296330308285,-2.8,15.9864984870695));
#7710=CARTESIAN_POINT('Ctrl Pts',(-53.555251955986,-2.8,15.9739840682596));
#7711=CARTESIAN_POINT('',(-52.9004091024399,-2.,16.271396940574));
#7712=CARTESIAN_POINT('Ctrl Pts',(-52.6384717226028,-2.,17.1417868789285));
#7713=CARTESIAN_POINT('Ctrl Pts',(-52.6384717226028,-2.8,17.1417868789285));
#7714=CARTESIAN_POINT('Ctrl Pts',(-52.6442746422333,-2.,16.9686096134986));
#7715=CARTESIAN_POINT('Ctrl Pts',(-52.6442746422333,-2.8,16.9686096134986));
#7716=CARTESIAN_POINT('Ctrl Pts',(-52.654822522362,-2.,16.653827891009));
#7717=CARTESIAN_POINT('Ctrl Pts',(-52.654822522362,-2.8,16.653827891009));
#7718=CARTESIAN_POINT('Ctrl Pts',(-52.8242101378538,-2.,16.3900550628525));
#7719=CARTESIAN_POINT('Ctrl Pts',(-52.8242101378538,-2.8,16.3900550628525));
#7720=CARTESIAN_POINT('Ctrl Pts',(-52.9004091024399,-2.,16.271396940574));
#7721=CARTESIAN_POINT('Ctrl Pts',(-52.9004091024399,-2.8,16.271396940574));
#7722=CARTESIAN_POINT('',(-52.6384717226028,-2.,17.1417868789285));
#7723=CARTESIAN_POINT('Ctrl Pts',(-52.9004091024399,-2.,16.271396940574));
#7724=CARTESIAN_POINT('Ctrl Pts',(-52.8242101378538,-2.,16.3900550628525));
#7725=CARTESIAN_POINT('Ctrl Pts',(-52.654822522362,-2.,16.653827891009));
#7726=CARTESIAN_POINT('Ctrl Pts',(-52.6442746422333,-2.,16.9686096134986));
#7727=CARTESIAN_POINT('Ctrl Pts',(-52.6384717226028,-2.,17.1417868789285));
#7728=CARTESIAN_POINT('',(-52.6384717226028,-2.8,17.1417868789285));
#7729=CARTESIAN_POINT('Ctrl Pts',(-52.6384717226028,-2.8,17.1417868789285));
#7730=CARTESIAN_POINT('Ctrl Pts',(-52.6442746422333,-2.8,16.9686096134986));
#7731=CARTESIAN_POINT('Ctrl Pts',(-52.654822522362,-2.8,16.653827891009));
#7732=CARTESIAN_POINT('Ctrl Pts',(-52.8242101378538,-2.8,16.3900550628525));
#7733=CARTESIAN_POINT('Ctrl Pts',(-52.9004091024399,-2.8,16.271396940574));
#7734=CARTESIAN_POINT('',(-52.6384717226028,-2.,17.1417868789285));
#7735=CARTESIAN_POINT('Ctrl Pts',(-52.8867667913437,-2.,18.151336973533));
#7736=CARTESIAN_POINT('Ctrl Pts',(-52.8867667913437,-2.8,18.151336973533));
#7737=CARTESIAN_POINT('Ctrl Pts',(-52.8143651484013,-2.,17.9961213128303));
#7738=CARTESIAN_POINT('Ctrl Pts',(-52.8143651484013,-2.8,17.9961213128303));
#7739=CARTESIAN_POINT('Ctrl Pts',(-52.6651451690682,-2.,17.6762214218757));
#7740=CARTESIAN_POINT('Ctrl Pts',(-52.6651451690682,-2.8,17.6762214218757));
#7741=CARTESIAN_POINT('Ctrl Pts',(-52.6475366007263,-2.,17.3234126018394));
#7742=CARTESIAN_POINT('Ctrl Pts',(-52.6475366007263,-2.8,17.3234126018394));
#7743=CARTESIAN_POINT('Ctrl Pts',(-52.6384717226028,-2.,17.1417868789285));
#7744=CARTESIAN_POINT('Ctrl Pts',(-52.6384717226028,-2.8,17.1417868789285));
#7745=CARTESIAN_POINT('',(-52.8867667913437,-2.,18.151336973533));
#7746=CARTESIAN_POINT('Ctrl Pts',(-52.6384717226028,-2.,17.1417868789285));
#7747=CARTESIAN_POINT('Ctrl Pts',(-52.6475366007263,-2.,17.3234126018394));
#7748=CARTESIAN_POINT('Ctrl Pts',(-52.6651451690682,-2.,17.6762214218757));
#7749=CARTESIAN_POINT('Ctrl Pts',(-52.8143651484013,-2.,17.9961213128303));
#7750=CARTESIAN_POINT('Ctrl Pts',(-52.8867667913437,-2.,18.151336973533));
#7751=CARTESIAN_POINT('',(-52.8867667913437,-2.8,18.151336973533));
#7752=CARTESIAN_POINT('Ctrl Pts',(-52.8867667913437,-2.8,18.151336973533));
#7753=CARTESIAN_POINT('Ctrl Pts',(-52.8143651484013,-2.8,17.9961213128303));
#7754=CARTESIAN_POINT('Ctrl Pts',(-52.6651451690682,-2.8,17.6762214218757));
#7755=CARTESIAN_POINT('Ctrl Pts',(-52.6475366007263,-2.8,17.3234126018394));
#7756=CARTESIAN_POINT('Ctrl Pts',(-52.6384717226028,-2.8,17.1417868789285));
#7757=CARTESIAN_POINT('',(-52.8867667913437,-2.,18.151336973533));
#7758=CARTESIAN_POINT('Ctrl Pts',(-53.5661661624908,-2.,18.8007224258035));
#7759=CARTESIAN_POINT('Ctrl Pts',(-53.5661661624908,-2.8,18.8007224258035));
#7760=CARTESIAN_POINT('Ctrl Pts',(-53.4294609651886,-2.,18.7207076883508));
#7761=CARTESIAN_POINT('Ctrl Pts',(-53.4294609651886,-2.8,18.7207076883508));
#7762=CARTESIAN_POINT('Ctrl Pts',(-53.1517265656118,-2.,18.5581473358383));
#7763=CARTESIAN_POINT('Ctrl Pts',(-53.1517265656118,-2.8,18.5581473358383));
#7764=CARTESIAN_POINT('Ctrl Pts',(-52.9759986764327,-2.,18.288340620983));
#7765=CARTESIAN_POINT('Ctrl Pts',(-52.9759986764327,-2.8,18.288340620983));
#7766=CARTESIAN_POINT('Ctrl Pts',(-52.8867667913437,-2.,18.151336973533));
#7767=CARTESIAN_POINT('Ctrl Pts',(-52.8867667913437,-2.8,18.151336973533));
#7768=CARTESIAN_POINT('',(-53.5661661624908,-2.,18.8007224258035));
#7769=CARTESIAN_POINT('Ctrl Pts',(-52.8867667913437,-2.,18.151336973533));
#7770=CARTESIAN_POINT('Ctrl Pts',(-52.9759986764327,-2.,18.288340620983));
#7771=CARTESIAN_POINT('Ctrl Pts',(-53.1517265656118,-2.,18.5581473358383));
#7772=CARTESIAN_POINT('Ctrl Pts',(-53.4294609651886,-2.,18.7207076883508));
#7773=CARTESIAN_POINT('Ctrl Pts',(-53.5661661624908,-2.,18.8007224258035));
#7774=CARTESIAN_POINT('',(-53.5661661624908,-2.8,18.8007224258035));
#7775=CARTESIAN_POINT('Ctrl Pts',(-53.5661661624908,-2.8,18.8007224258035));
#7776=CARTESIAN_POINT('Ctrl Pts',(-53.4294609651886,-2.8,18.7207076883508));
#7777=CARTESIAN_POINT('Ctrl Pts',(-53.1517265656118,-2.8,18.5581473358383));
#7778=CARTESIAN_POINT('Ctrl Pts',(-52.9759986764327,-2.8,18.288340620983));
#7779=CARTESIAN_POINT('Ctrl Pts',(-52.8867667913437,-2.8,18.151336973533));
#7780=CARTESIAN_POINT('',(-53.5661661624908,-2.,18.8007224258035));
#7781=CARTESIAN_POINT('Ctrl Pts',(-54.5484310388565,-2.,18.958975141868));
#7782=CARTESIAN_POINT('Ctrl Pts',(-54.5484310388565,-2.8,18.958975141868));
#7783=CARTESIAN_POINT('Ctrl Pts',(-54.3563478472131,-2.,18.9570893885708));
#7784=CARTESIAN_POINT('Ctrl Pts',(-54.3563478472131,-2.8,18.9570893885708));
#7785=CARTESIAN_POINT('Ctrl Pts',(-54.0201892952912,-2.,18.9537891930032));
#7786=CARTESIAN_POINT('Ctrl Pts',(-54.0201892952912,-2.8,18.9537891930032));
#7787=CARTESIAN_POINT('Ctrl Pts',(-53.7023780058679,-2.,18.8466441091139));
#7788=CARTESIAN_POINT('Ctrl Pts',(-53.7023780058679,-2.8,18.8466441091139));
#7789=CARTESIAN_POINT('Ctrl Pts',(-53.5661661624908,-2.,18.8007224258035));
#7790=CARTESIAN_POINT('Ctrl Pts',(-53.5661661624908,-2.8,18.8007224258035));
#7791=CARTESIAN_POINT('',(-54.5484310388565,-2.,18.958975141868));
#7792=CARTESIAN_POINT('Ctrl Pts',(-53.5661661624908,-2.,18.8007224258035));
#7793=CARTESIAN_POINT('Ctrl Pts',(-53.7023780058679,-2.,18.8466441091139));
#7794=CARTESIAN_POINT('Ctrl Pts',(-54.0201892952912,-2.,18.9537891930032));
#7795=CARTESIAN_POINT('Ctrl Pts',(-54.3563478472131,-2.,18.9570893885708));
#7796=CARTESIAN_POINT('Ctrl Pts',(-54.5484310388565,-2.,18.958975141868));
#7797=CARTESIAN_POINT('',(-54.5484310388565,-2.8,18.958975141868));
#7798=CARTESIAN_POINT('Ctrl Pts',(-54.5484310388565,-2.8,18.958975141868));
#7799=CARTESIAN_POINT('Ctrl Pts',(-54.3563478472131,-2.8,18.9570893885708));
#7800=CARTESIAN_POINT('Ctrl Pts',(-54.0201892952912,-2.8,18.9537891930032));
#7801=CARTESIAN_POINT('Ctrl Pts',(-53.7023780058679,-2.8,18.8466441091139));
#7802=CARTESIAN_POINT('Ctrl Pts',(-53.5661661624908,-2.8,18.8007224258035));
#7803=CARTESIAN_POINT('',(-54.5484310388565,-2.,18.958975141868));
#7804=CARTESIAN_POINT('Origin',(-54.9085944890976,-2.,18.958975141868));
#7805=CARTESIAN_POINT('',(-30.9340431591335,-1.99999999999997,18.958975141868));
#7806=CARTESIAN_POINT('',(-54.5484310388565,-2.8,18.958975141868));
#7807=CARTESIAN_POINT('Ctrl Pts',(-52.060027718544,-2.,17.9903567489237));
#7808=CARTESIAN_POINT('Ctrl Pts',(-52.060027718544,-2.8,17.9903567489237));
#7809=CARTESIAN_POINT('Ctrl Pts',(-52.1399793760143,-2.,18.1659913965599));
#7810=CARTESIAN_POINT('Ctrl Pts',(-52.1399793760143,-2.8,18.1659913965599));
#7811=CARTESIAN_POINT('Ctrl Pts',(-52.3122554700323,-2.,18.5444407248965));
#7812=CARTESIAN_POINT('Ctrl Pts',(-52.3122554700323,-2.8,18.5444407248965));
#7813=CARTESIAN_POINT('Ctrl Pts',(-52.5743900811265,-2.,18.8676353812945));
#7814=CARTESIAN_POINT('Ctrl Pts',(-52.5743900811265,-2.8,18.8676353812945));
#7815=CARTESIAN_POINT('Ctrl Pts',(-52.7148705720901,-2.,19.0408385451883));
#7816=CARTESIAN_POINT('Ctrl Pts',(-52.7148705720901,-2.8,19.0408385451883));
#7817=CARTESIAN_POINT('',(-52.7148705720901,-2.,19.0408385451883));
#7818=CARTESIAN_POINT('',(-52.060027718544,-2.,17.9903567489237));
#7819=CARTESIAN_POINT('Ctrl Pts',(-52.7148705720901,-2.,19.0408385451883));
#7820=CARTESIAN_POINT('Ctrl Pts',(-52.5743900811265,-2.,18.8676353812945));
#7821=CARTESIAN_POINT('Ctrl Pts',(-52.3122554700323,-2.,18.5444407248965));
#7822=CARTESIAN_POINT('Ctrl Pts',(-52.1399793760143,-2.,18.1659913965599));
#7823=CARTESIAN_POINT('Ctrl Pts',(-52.060027718544,-2.,17.9903567489237));
#7824=CARTESIAN_POINT('',(-52.7148705720901,-2.8,19.0408385451883));
#7825=CARTESIAN_POINT('',(-52.7148705720901,-2.,19.0408385451883));
#7826=CARTESIAN_POINT('',(-52.060027718544,-2.8,17.9903567489237));
#7827=CARTESIAN_POINT('Ctrl Pts',(-52.060027718544,-2.8,17.9903567489237));
#7828=CARTESIAN_POINT('Ctrl Pts',(-52.1399793760143,-2.8,18.1659913965599));
#7829=CARTESIAN_POINT('Ctrl Pts',(-52.3122554700323,-2.8,18.5444407248965));
#7830=CARTESIAN_POINT('Ctrl Pts',(-52.5743900811265,-2.8,18.8676353812945));
#7831=CARTESIAN_POINT('Ctrl Pts',(-52.7148705720901,-2.8,19.0408385451883));
#7832=CARTESIAN_POINT('',(-52.060027718544,-2.,17.9903567489237));
#7833=CARTESIAN_POINT('Ctrl Pts',(-51.8690317869186,-2.,16.9071353133768));
#7834=CARTESIAN_POINT('Ctrl Pts',(-51.8690317869186,-2.8,16.9071353133768));
#7835=CARTESIAN_POINT('Ctrl Pts',(-51.8764094037596,-2.,17.0953321617042));
#7836=CARTESIAN_POINT('Ctrl Pts',(-51.8764094037596,-2.8,17.0953321617042));
#7837=CARTESIAN_POINT('Ctrl Pts',(-51.8909071502783,-2.,17.4651575757185));
#7838=CARTESIAN_POINT('Ctrl Pts',(-51.8909071502783,-2.8,17.4651575757185));
#7839=CARTESIAN_POINT('Ctrl Pts',(-52.0043256520563,-2.,17.817375546429));
#7840=CARTESIAN_POINT('Ctrl Pts',(-52.0043256520563,-2.8,17.817375546429));
#7841=CARTESIAN_POINT('Ctrl Pts',(-52.060027718544,-2.,17.9903567489237));
#7842=CARTESIAN_POINT('Ctrl Pts',(-52.060027718544,-2.8,17.9903567489237));
#7843=CARTESIAN_POINT('',(-51.8690317869186,-2.,16.9071353133768));
#7844=CARTESIAN_POINT('Ctrl Pts',(-52.060027718544,-2.,17.9903567489237));
#7845=CARTESIAN_POINT('Ctrl Pts',(-52.0043256520563,-2.,17.817375546429));
#7846=CARTESIAN_POINT('Ctrl Pts',(-51.8909071502783,-2.,17.4651575757185));
#7847=CARTESIAN_POINT('Ctrl Pts',(-51.8764094037596,-2.,17.0953321617042));
#7848=CARTESIAN_POINT('Ctrl Pts',(-51.8690317869186,-2.,16.9071353133768));
#7849=CARTESIAN_POINT('',(-51.8690317869186,-2.8,16.9071353133768));
#7850=CARTESIAN_POINT('Ctrl Pts',(-51.8690317869186,-2.8,16.9071353133768));
#7851=CARTESIAN_POINT('Ctrl Pts',(-51.8764094037596,-2.8,17.0953321617042));
#7852=CARTESIAN_POINT('Ctrl Pts',(-51.8909071502783,-2.8,17.4651575757185));
#7853=CARTESIAN_POINT('Ctrl Pts',(-52.0043256520563,-2.8,17.817375546429));
#7854=CARTESIAN_POINT('Ctrl Pts',(-52.060027718544,-2.8,17.9903567489237));
#7855=CARTESIAN_POINT('',(-51.8690317869186,-2.,16.9071353133768));
#7856=CARTESIAN_POINT('Ctrl Pts',(-52.3356068134308,-2.,15.4392016585916));
#7857=CARTESIAN_POINT('Ctrl Pts',(-52.3356068134308,-2.8,15.4392016585916));
#7858=CARTESIAN_POINT('Ctrl Pts',(-52.1997977305397,-2.,15.640577581363));
#7859=CARTESIAN_POINT('Ctrl Pts',(-52.1997977305397,-2.8,15.640577581363));
#7860=CARTESIAN_POINT('Ctrl Pts',(-51.9020527797236,-2.,16.0820698802924));
#7861=CARTESIAN_POINT('Ctrl Pts',(-51.9020527797236,-2.8,16.0820698802924));
#7862=CARTESIAN_POINT('Ctrl Pts',(-51.8806643870003,-2.,16.6164821437116));
#7863=CARTESIAN_POINT('Ctrl Pts',(-51.8806643870003,-2.8,16.6164821437116));
#7864=CARTESIAN_POINT('Ctrl Pts',(-51.8690317869186,-2.,16.9071353133768));
#7865=CARTESIAN_POINT('Ctrl Pts',(-51.8690317869186,-2.8,16.9071353133768));
#7866=CARTESIAN_POINT('',(-52.3356068134308,-2.,15.4392016585916));
#7867=CARTESIAN_POINT('Ctrl Pts',(-51.8690317869186,-2.,16.9071353133768));
#7868=CARTESIAN_POINT('Ctrl Pts',(-51.8806643870003,-2.,16.6164821437116));
#7869=CARTESIAN_POINT('Ctrl Pts',(-51.9020527797236,-2.,16.0820698802924));
#7870=CARTESIAN_POINT('Ctrl Pts',(-52.1997977305397,-2.,15.640577581363));
#7871=CARTESIAN_POINT('Ctrl Pts',(-52.3356068134308,-2.,15.4392016585916));
#7872=CARTESIAN_POINT('',(-52.3356068134308,-2.8,15.4392016585916));
#7873=CARTESIAN_POINT('Ctrl Pts',(-52.3356068134308,-2.8,15.4392016585916));
#7874=CARTESIAN_POINT('Ctrl Pts',(-52.1997977305397,-2.8,15.640577581363));
#7875=CARTESIAN_POINT('Ctrl Pts',(-51.9020527797236,-2.8,16.0820698802924));
#7876=CARTESIAN_POINT('Ctrl Pts',(-51.8806643870003,-2.8,16.6164821437116));
#7877=CARTESIAN_POINT('Ctrl Pts',(-51.8690317869186,-2.8,16.9071353133768));
#7878=CARTESIAN_POINT('',(-52.3356068134308,-2.,15.4392016585916));
#7879=CARTESIAN_POINT('Ctrl Pts',(-53.5279673337936,-2.,14.926239317283));
#7880=CARTESIAN_POINT('Ctrl Pts',(-53.5279673337936,-2.8,14.926239317283));
#7881=CARTESIAN_POINT('Ctrl Pts',(-53.2978804886824,-2.,14.9464794789826));
#7882=CARTESIAN_POINT('Ctrl Pts',(-53.2978804886824,-2.8,14.9464794789826));
#7883=CARTESIAN_POINT('Ctrl Pts',(-52.8436117436525,-2.,14.9864403591886));
#7884=CARTESIAN_POINT('Ctrl Pts',(-52.8436117436525,-2.8,14.9864403591886));
#7885=CARTESIAN_POINT('Ctrl Pts',(-52.5034679707207,-2.,15.2895947725705));
#7886=CARTESIAN_POINT('Ctrl Pts',(-52.5034679707207,-2.8,15.2895947725705));
#7887=CARTESIAN_POINT('Ctrl Pts',(-52.3356068134308,-2.,15.4392016585916));
#7888=CARTESIAN_POINT('Ctrl Pts',(-52.3356068134308,-2.8,15.4392016585916));
#7889=CARTESIAN_POINT('',(-53.5279673337936,-2.,14.926239317283));
#7890=CARTESIAN_POINT('Ctrl Pts',(-52.3356068134308,-2.,15.4392016585916));
#7891=CARTESIAN_POINT('Ctrl Pts',(-52.5034679707207,-2.,15.2895947725705));
#7892=CARTESIAN_POINT('Ctrl Pts',(-52.8436117436525,-2.,14.9864403591886));
#7893=CARTESIAN_POINT('Ctrl Pts',(-53.2978804886824,-2.,14.9464794789826));
#7894=CARTESIAN_POINT('Ctrl Pts',(-53.5279673337936,-2.,14.926239317283));
#7895=CARTESIAN_POINT('',(-53.5279673337936,-2.8,14.926239317283));
#7896=CARTESIAN_POINT('Ctrl Pts',(-53.5279673337936,-2.8,14.926239317283));
#7897=CARTESIAN_POINT('Ctrl Pts',(-53.2978804886824,-2.8,14.9464794789826));
#7898=CARTESIAN_POINT('Ctrl Pts',(-52.8436117436525,-2.8,14.9864403591886));
#7899=CARTESIAN_POINT('Ctrl Pts',(-52.5034679707207,-2.8,15.2895947725705));
#7900=CARTESIAN_POINT('Ctrl Pts',(-52.3356068134308,-2.8,15.4392016585916));
#7901=CARTESIAN_POINT('',(-53.5279673337936,-2.,14.926239317283));
#7902=CARTESIAN_POINT('Ctrl Pts',(-54.3055933713913,-2.,15.1199591811746));
#7903=CARTESIAN_POINT('Ctrl Pts',(-54.3055933713913,-2.8,15.1199591811746));
#7904=CARTESIAN_POINT('Ctrl Pts',(-54.1841547498081,-2.,15.0634600155829));
#7905=CARTESIAN_POINT('Ctrl Pts',(-54.1841547498081,-2.8,15.0634600155829));
#7906=CARTESIAN_POINT('Ctrl Pts',(-53.9375456802231,-2.,14.948725456863));
#7907=CARTESIAN_POINT('Ctrl Pts',(-53.9375456802231,-2.8,14.948725456863));
#7908=CARTESIAN_POINT('Ctrl Pts',(-53.6658638630247,-2.,14.933809933823));
#7909=CARTESIAN_POINT('Ctrl Pts',(-53.6658638630247,-2.8,14.933809933823));
#7910=CARTESIAN_POINT('Ctrl Pts',(-53.5279673337936,-2.,14.926239317283));
#7911=CARTESIAN_POINT('Ctrl Pts',(-53.5279673337936,-2.8,14.926239317283));
#7912=CARTESIAN_POINT('',(-54.3055933713913,-2.,15.1199591811746));
#7913=CARTESIAN_POINT('Ctrl Pts',(-53.5279673337936,-2.,14.926239317283));
#7914=CARTESIAN_POINT('Ctrl Pts',(-53.6658638630247,-2.,14.933809933823));
#7915=CARTESIAN_POINT('Ctrl Pts',(-53.9375456802231,-2.,14.948725456863));
#7916=CARTESIAN_POINT('Ctrl Pts',(-54.1841547498081,-2.,15.0634600155829));
#7917=CARTESIAN_POINT('Ctrl Pts',(-54.3055933713913,-2.,15.1199591811746));
#7918=CARTESIAN_POINT('',(-54.3055933713913,-2.8,15.1199591811746));
#7919=CARTESIAN_POINT('Ctrl Pts',(-54.3055933713913,-2.8,15.1199591811746));
#7920=CARTESIAN_POINT('Ctrl Pts',(-54.1841547498081,-2.8,15.0634600155829));
#7921=CARTESIAN_POINT('Ctrl Pts',(-53.9375456802231,-2.8,14.948725456863));
#7922=CARTESIAN_POINT('Ctrl Pts',(-53.6658638630247,-2.8,14.933809933823));
#7923=CARTESIAN_POINT('Ctrl Pts',(-53.5279673337936,-2.8,14.926239317283));
#7924=CARTESIAN_POINT('',(-54.3055933713913,-2.,15.1199591811746));
#7925=CARTESIAN_POINT('Ctrl Pts',(-54.8703950643539,-2.,15.6274665053934));
#7926=CARTESIAN_POINT('Ctrl Pts',(-54.8703950643539,-2.8,15.6274665053934));
#7927=CARTESIAN_POINT('Ctrl Pts',(-54.7927932702737,-2.,15.5274049540641));
#7928=CARTESIAN_POINT('Ctrl Pts',(-54.7927932702737,-2.8,15.5274049540641));
#7929=CARTESIAN_POINT('Ctrl Pts',(-54.6352094767758,-2.,15.3242127594939));
#7930=CARTESIAN_POINT('Ctrl Pts',(-54.6352094767758,-2.8,15.3242127594939));
#7931=CARTESIAN_POINT('Ctrl Pts',(-54.416566230006,-2.,15.1887258557943));
#7932=CARTESIAN_POINT('Ctrl Pts',(-54.416566230006,-2.8,15.1887258557943));
#7933=CARTESIAN_POINT('Ctrl Pts',(-54.3055933713913,-2.,15.1199591811746));
#7934=CARTESIAN_POINT('Ctrl Pts',(-54.3055933713913,-2.8,15.1199591811746));
#7935=CARTESIAN_POINT('',(-54.8703950643539,-2.,15.6274665053934));
#7936=CARTESIAN_POINT('Ctrl Pts',(-54.3055933713913,-2.,15.1199591811746));
#7937=CARTESIAN_POINT('Ctrl Pts',(-54.416566230006,-2.,15.1887258557943));
#7938=CARTESIAN_POINT('Ctrl Pts',(-54.6352094767758,-2.,15.3242127594939));
#7939=CARTESIAN_POINT('Ctrl Pts',(-54.7927932702737,-2.,15.5274049540641));
#7940=CARTESIAN_POINT('Ctrl Pts',(-54.8703950643539,-2.,15.6274665053934));
#7941=CARTESIAN_POINT('',(-54.8703950643539,-2.8,15.6274665053934));
#7942=CARTESIAN_POINT('Ctrl Pts',(-54.8703950643539,-2.8,15.6274665053934));
#7943=CARTESIAN_POINT('Ctrl Pts',(-54.7927932702737,-2.8,15.5274049540641));
#7944=CARTESIAN_POINT('Ctrl Pts',(-54.6352094767758,-2.8,15.3242127594939));
#7945=CARTESIAN_POINT('Ctrl Pts',(-54.416566230006,-2.8,15.1887258557943));
#7946=CARTESIAN_POINT('Ctrl Pts',(-54.3055933713913,-2.8,15.1199591811746));
#7947=CARTESIAN_POINT('',(-54.8703950643539,-2.,15.6274665053934));
#7948=CARTESIAN_POINT('Ctrl Pts',(-55.1923602819443,-2.,16.3341487105936));
#7949=CARTESIAN_POINT('Ctrl Pts',(-55.1923602819443,-2.8,16.3341487105936));
#7950=CARTESIAN_POINT('Ctrl Pts',(-55.1523402278539,-2.,16.207486251849));
#7951=CARTESIAN_POINT('Ctrl Pts',(-55.1523402278539,-2.8,16.207486251849));
#7952=CARTESIAN_POINT('Ctrl Pts',(-55.0737589575074,-2.,15.9587785191988));
#7953=CARTESIAN_POINT('Ctrl Pts',(-55.0737589575074,-2.8,15.9587785191988));
#7954=CARTESIAN_POINT('Ctrl Pts',(-54.9373388290802,-2.,15.7365285082851));
#7955=CARTESIAN_POINT('Ctrl Pts',(-54.9373388290802,-2.8,15.7365285082851));
#7956=CARTESIAN_POINT('Ctrl Pts',(-54.8703950643539,-2.,15.6274665053934));
#7957=CARTESIAN_POINT('Ctrl Pts',(-54.8703950643539,-2.8,15.6274665053934));
#7958=CARTESIAN_POINT('',(-55.1923602819443,-2.,16.3341487105936));
#7959=CARTESIAN_POINT('Ctrl Pts',(-54.8703950643539,-2.,15.6274665053934));
#7960=CARTESIAN_POINT('Ctrl Pts',(-54.9373388290802,-2.,15.7365285082851));
#7961=CARTESIAN_POINT('Ctrl Pts',(-55.0737589575074,-2.,15.9587785191988));
#7962=CARTESIAN_POINT('Ctrl Pts',(-55.1523402278539,-2.,16.207486251849));
#7963=CARTESIAN_POINT('Ctrl Pts',(-55.1923602819443,-2.,16.3341487105936));
#7964=CARTESIAN_POINT('',(-55.1923602819443,-2.8,16.3341487105936));
#7965=CARTESIAN_POINT('Ctrl Pts',(-55.1923602819443,-2.8,16.3341487105936));
#7966=CARTESIAN_POINT('Ctrl Pts',(-55.1523402278539,-2.8,16.207486251849));
#7967=CARTESIAN_POINT('Ctrl Pts',(-55.0737589575074,-2.8,15.9587785191988));
#7968=CARTESIAN_POINT('Ctrl Pts',(-54.9373388290802,-2.8,15.7365285082851));
#7969=CARTESIAN_POINT('Ctrl Pts',(-54.8703950643539,-2.8,15.6274665053934));
#7970=CARTESIAN_POINT('',(-55.1923602819443,-2.,16.3341487105936));
#7971=CARTESIAN_POINT('Ctrl Pts',(-55.3396993875504,-2.,17.2072756942362));
#7972=CARTESIAN_POINT('Ctrl Pts',(-55.3396993875504,-2.8,17.2072756942362));
#7973=CARTESIAN_POINT('Ctrl Pts',(-55.3187040597425,-2.,17.0366567178043));
#7974=CARTESIAN_POINT('Ctrl Pts',(-55.3187040597425,-2.8,17.0366567178043));
#7975=CARTESIAN_POINT('Ctrl Pts',(-55.2826112939076,-2.,16.7433480912509));
#7976=CARTESIAN_POINT('Ctrl Pts',(-55.2826112939076,-2.8,16.7433480912509));
#7977=CARTESIAN_POINT('Ctrl Pts',(-55.2189778563472,-2.,16.4548331741064));
#7978=CARTESIAN_POINT('Ctrl Pts',(-55.2189778563472,-2.8,16.4548331741064));
#7979=CARTESIAN_POINT('Ctrl Pts',(-55.1923602819443,-2.,16.3341487105936));
#7980=CARTESIAN_POINT('Ctrl Pts',(-55.1923602819443,-2.8,16.3341487105936));
#7981=CARTESIAN_POINT('',(-55.3396993875504,-2.,17.2072756942362));
#7982=CARTESIAN_POINT('Ctrl Pts',(-55.1923602819443,-2.,16.3341487105936));
#7983=CARTESIAN_POINT('Ctrl Pts',(-55.2189778563472,-2.,16.4548331741064));
#7984=CARTESIAN_POINT('Ctrl Pts',(-55.2826112939076,-2.,16.7433480912509));
#7985=CARTESIAN_POINT('Ctrl Pts',(-55.3187040597425,-2.,17.0366567178043));
#7986=CARTESIAN_POINT('Ctrl Pts',(-55.3396993875504,-2.,17.2072756942362));
#7987=CARTESIAN_POINT('',(-55.3396993875504,-2.8,17.2072756942362));
#7988=CARTESIAN_POINT('Ctrl Pts',(-55.3396993875504,-2.8,17.2072756942362));
#7989=CARTESIAN_POINT('Ctrl Pts',(-55.3187040597425,-2.8,17.0366567178043));
#7990=CARTESIAN_POINT('Ctrl Pts',(-55.2826112939076,-2.8,16.7433480912509));
#7991=CARTESIAN_POINT('Ctrl Pts',(-55.2189778563472,-2.8,16.4548331741064));
#7992=CARTESIAN_POINT('Ctrl Pts',(-55.1923602819443,-2.8,16.3341487105936));
#7993=CARTESIAN_POINT('',(-55.3396993875504,-2.,17.2072756942362));
#7994=CARTESIAN_POINT('Ctrl Pts',(-55.6780356168747,-2.,18.958975141868));
#7995=CARTESIAN_POINT('Ctrl Pts',(-55.6780356168747,-2.8,18.958975141868));
#7996=CARTESIAN_POINT('Ctrl Pts',(-55.6120913178099,-2.,18.7203341776307));
#7997=CARTESIAN_POINT('Ctrl Pts',(-55.6120913178099,-2.8,18.7203341776307));
#7998=CARTESIAN_POINT('Ctrl Pts',(-55.4533075602264,-2.,18.1457233385993));
#7999=CARTESIAN_POINT('Ctrl Pts',(-55.4533075602264,-2.8,18.1457233385993));
#8000=CARTESIAN_POINT('Ctrl Pts',(-55.3816165102942,-2.,17.5535274133759));
#8001=CARTESIAN_POINT('Ctrl Pts',(-55.3816165102942,-2.8,17.5535274133759));
#8002=CARTESIAN_POINT('Ctrl Pts',(-55.3396993875504,-2.,17.2072756942362));
#8003=CARTESIAN_POINT('Ctrl Pts',(-55.3396993875504,-2.8,17.2072756942362));
#8004=CARTESIAN_POINT('',(-55.6780356168747,-2.,18.958975141868));
#8005=CARTESIAN_POINT('Ctrl Pts',(-55.3396993875504,-2.,17.2072756942362));
#8006=CARTESIAN_POINT('Ctrl Pts',(-55.3816165102942,-2.,17.5535274133759));
#8007=CARTESIAN_POINT('Ctrl Pts',(-55.4533075602264,-2.,18.1457233385993));
#8008=CARTESIAN_POINT('Ctrl Pts',(-55.6120913178099,-2.,18.7203341776307));
#8009=CARTESIAN_POINT('Ctrl Pts',(-55.6780356168747,-2.,18.958975141868));
#8010=CARTESIAN_POINT('',(-55.6780356168747,-2.8,18.958975141868));
#8011=CARTESIAN_POINT('Ctrl Pts',(-55.6780356168747,-2.8,18.958975141868));
#8012=CARTESIAN_POINT('Ctrl Pts',(-55.6120913178099,-2.8,18.7203341776307));
#8013=CARTESIAN_POINT('Ctrl Pts',(-55.4533075602264,-2.8,18.1457233385993));
#8014=CARTESIAN_POINT('Ctrl Pts',(-55.3816165102942,-2.8,17.5535274133759));
#8015=CARTESIAN_POINT('Ctrl Pts',(-55.3396993875504,-2.8,17.2072756942362));
#8016=CARTESIAN_POINT('',(-55.6780356168747,-2.,18.958975141868));
#8017=CARTESIAN_POINT('Ctrl Pts',(-55.9345155954361,-2.,18.964439695701));
#8018=CARTESIAN_POINT('Ctrl Pts',(-55.9345155954361,-2.8,18.964439695701));
#8019=CARTESIAN_POINT('Ctrl Pts',(-55.9040462202083,-2.,18.9640389464385));
#8020=CARTESIAN_POINT('Ctrl Pts',(-55.9040462202083,-2.8,18.9640389464385));
#8021=CARTESIAN_POINT('Ctrl Pts',(-55.8185390396578,-2.,18.9629143109876));
#8022=CARTESIAN_POINT('Ctrl Pts',(-55.8185390396578,-2.8,18.9629143109876));
#8023=CARTESIAN_POINT('Ctrl Pts',(-55.7330571459763,-2.,18.960517731394));
#8024=CARTESIAN_POINT('Ctrl Pts',(-55.7330571459763,-2.8,18.960517731394));
#8025=CARTESIAN_POINT('Ctrl Pts',(-55.6780356168747,-2.,18.958975141868));
#8026=CARTESIAN_POINT('Ctrl Pts',(-55.6780356168747,-2.8,18.958975141868));
#8027=CARTESIAN_POINT('',(-55.9345155954361,-2.,18.964439695701));
#8028=CARTESIAN_POINT('Ctrl Pts',(-55.6780356168747,-2.,18.958975141868));
#8029=CARTESIAN_POINT('Ctrl Pts',(-55.7330571459763,-2.,18.960517731394));
#8030=CARTESIAN_POINT('Ctrl Pts',(-55.8185390396578,-2.,18.9629143109876));
#8031=CARTESIAN_POINT('Ctrl Pts',(-55.9040462202083,-2.,18.9640389464385));
#8032=CARTESIAN_POINT('Ctrl Pts',(-55.9345155954361,-2.,18.964439695701));
#8033=CARTESIAN_POINT('',(-55.9345155954361,-2.8,18.964439695701));
#8034=CARTESIAN_POINT('Ctrl Pts',(-55.9345155954361,-2.8,18.964439695701));
#8035=CARTESIAN_POINT('Ctrl Pts',(-55.9040462202083,-2.8,18.9640389464385));
#8036=CARTESIAN_POINT('Ctrl Pts',(-55.8185390396578,-2.8,18.9629143109876));
#8037=CARTESIAN_POINT('Ctrl Pts',(-55.7330571459763,-2.8,18.960517731394));
#8038=CARTESIAN_POINT('Ctrl Pts',(-55.6780356168747,-2.8,18.958975141868));
#8039=CARTESIAN_POINT('',(-55.9345155954361,-2.,18.964439695701));
#8040=CARTESIAN_POINT('Ctrl Pts',(-56.7803543806076,-2.,18.6861289199442));
#8041=CARTESIAN_POINT('Ctrl Pts',(-56.7803543806076,-2.8,18.6861289199442));
#8042=CARTESIAN_POINT('Ctrl Pts',(-56.6729965894131,-2.,18.7669331315052));
#8043=CARTESIAN_POINT('Ctrl Pts',(-56.6729965894131,-2.8,18.7669331315052));
#8044=CARTESIAN_POINT('Ctrl Pts',(-56.4249777395943,-2.,18.9536076838493));
#8045=CARTESIAN_POINT('Ctrl Pts',(-56.4249777395943,-2.8,18.9536076838493));
#8046=CARTESIAN_POINT('Ctrl Pts',(-56.1120110689962,-2.,18.9605196519298));
#8047=CARTESIAN_POINT('Ctrl Pts',(-56.1120110689962,-2.8,18.9605196519298));
#8048=CARTESIAN_POINT('Ctrl Pts',(-55.9345155954361,-2.,18.964439695701));
#8049=CARTESIAN_POINT('Ctrl Pts',(-55.9345155954361,-2.8,18.964439695701));
#8050=CARTESIAN_POINT('',(-56.7803543806076,-2.,18.6861289199442));
#8051=CARTESIAN_POINT('Ctrl Pts',(-55.9345155954361,-2.,18.964439695701));
#8052=CARTESIAN_POINT('Ctrl Pts',(-56.1120110689962,-2.,18.9605196519298));
#8053=CARTESIAN_POINT('Ctrl Pts',(-56.4249777395943,-2.,18.9536076838493));
#8054=CARTESIAN_POINT('Ctrl Pts',(-56.6729965894131,-2.,18.7669331315052));
#8055=CARTESIAN_POINT('Ctrl Pts',(-56.7803543806076,-2.,18.6861289199442));
#8056=CARTESIAN_POINT('',(-56.7803543806076,-2.8,18.6861289199442));
#8057=CARTESIAN_POINT('Ctrl Pts',(-56.7803543806076,-2.8,18.6861289199442));
#8058=CARTESIAN_POINT('Ctrl Pts',(-56.6729965894131,-2.8,18.7669331315052));
#8059=CARTESIAN_POINT('Ctrl Pts',(-56.4249777395943,-2.8,18.9536076838493));
#8060=CARTESIAN_POINT('Ctrl Pts',(-56.1120110689962,-2.8,18.9605196519298));
#8061=CARTESIAN_POINT('Ctrl Pts',(-55.9345155954361,-2.8,18.964439695701));
#8062=CARTESIAN_POINT('',(-56.7803543806076,-2.,18.6861289199442));
#8063=CARTESIAN_POINT('Ctrl Pts',(-57.1132332086563,-2.,17.5674403365701));
#8064=CARTESIAN_POINT('Ctrl Pts',(-57.1132332086563,-2.8,17.5674403365701));
#8065=CARTESIAN_POINT('Ctrl Pts',(-57.106284332458,-2.,17.7909857959724));
#8066=CARTESIAN_POINT('Ctrl Pts',(-57.106284332458,-2.8,17.7909857959724));
#8067=CARTESIAN_POINT('Ctrl Pts',(-57.0937177273257,-2.,18.1952536858084));
#8068=CARTESIAN_POINT('Ctrl Pts',(-57.0937177273257,-2.8,18.1952536858084));
#8069=CARTESIAN_POINT('Ctrl Pts',(-56.8771624536055,-2.,18.5344816836072));
#8070=CARTESIAN_POINT('Ctrl Pts',(-56.8771624536055,-2.8,18.5344816836072));
#8071=CARTESIAN_POINT('Ctrl Pts',(-56.7803543806076,-2.,18.6861289199442));
#8072=CARTESIAN_POINT('Ctrl Pts',(-56.7803543806076,-2.8,18.6861289199442));
#8073=CARTESIAN_POINT('',(-57.1132332086563,-2.,17.5674403365701));
#8074=CARTESIAN_POINT('Ctrl Pts',(-56.7803543806076,-2.,18.6861289199442));
#8075=CARTESIAN_POINT('Ctrl Pts',(-56.8771624536055,-2.,18.5344816836072));
#8076=CARTESIAN_POINT('Ctrl Pts',(-57.0937177273257,-2.,18.1952536858084));
#8077=CARTESIAN_POINT('Ctrl Pts',(-57.106284332458,-2.,17.7909857959724));
#8078=CARTESIAN_POINT('Ctrl Pts',(-57.1132332086563,-2.,17.5674403365701));
#8079=CARTESIAN_POINT('',(-57.1132332086563,-2.8,17.5674403365701));
#8080=CARTESIAN_POINT('Ctrl Pts',(-57.1132332086563,-2.8,17.5674403365701));
#8081=CARTESIAN_POINT('Ctrl Pts',(-57.106284332458,-2.8,17.7909857959724));
#8082=CARTESIAN_POINT('Ctrl Pts',(-57.0937177273257,-2.8,18.1952536858084));
#8083=CARTESIAN_POINT('Ctrl Pts',(-56.8771624536055,-2.8,18.5344816836072));
#8084=CARTESIAN_POINT('Ctrl Pts',(-56.7803543806076,-2.8,18.6861289199442));
#8085=CARTESIAN_POINT('',(-57.1132332086563,-2.,17.5674403365701));
#8086=CARTESIAN_POINT('Ctrl Pts',(-56.8703955411911,-2.,16.5442431624979));
#8087=CARTESIAN_POINT('Ctrl Pts',(-56.8703955411911,-2.8,16.5442431624979));
#8088=CARTESIAN_POINT('Ctrl Pts',(-56.9408846069461,-2.,16.6819916397964));
#8089=CARTESIAN_POINT('Ctrl Pts',(-56.9408846069461,-2.8,16.6819916397964));
#8090=CARTESIAN_POINT('Ctrl Pts',(-57.1044241155577,-2.,17.0015776358387));
#8091=CARTESIAN_POINT('Ctrl Pts',(-57.1044241155577,-2.8,17.0015776358387));
#8092=CARTESIAN_POINT('Ctrl Pts',(-57.1100386563782,-2.,17.3622344249675));
#8093=CARTESIAN_POINT('Ctrl Pts',(-57.1100386563782,-2.8,17.3622344249675));
#8094=CARTESIAN_POINT('Ctrl Pts',(-57.1132332086563,-2.,17.5674403365701));
#8095=CARTESIAN_POINT('Ctrl Pts',(-57.1132332086563,-2.8,17.5674403365701));
#8096=CARTESIAN_POINT('',(-56.8703955411911,-2.,16.5442431624979));
#8097=CARTESIAN_POINT('Ctrl Pts',(-57.1132332086563,-2.,17.5674403365701));
#8098=CARTESIAN_POINT('Ctrl Pts',(-57.1100386563782,-2.,17.3622344249675));
#8099=CARTESIAN_POINT('Ctrl Pts',(-57.1044241155577,-2.,17.0015776358387));
#8100=CARTESIAN_POINT('Ctrl Pts',(-56.9408846069461,-2.,16.6819916397964));
#8101=CARTESIAN_POINT('Ctrl Pts',(-56.8703955411911,-2.,16.5442431624979));
#8102=CARTESIAN_POINT('',(-56.8703955411911,-2.8,16.5442431624979));
#8103=CARTESIAN_POINT('Ctrl Pts',(-56.8703955411911,-2.8,16.5442431624979));
#8104=CARTESIAN_POINT('Ctrl Pts',(-56.9408846069461,-2.8,16.6819916397964));
#8105=CARTESIAN_POINT('Ctrl Pts',(-57.1044241155577,-2.8,17.0015776358387));
#8106=CARTESIAN_POINT('Ctrl Pts',(-57.1100386563782,-2.8,17.3622344249675));
#8107=CARTESIAN_POINT('Ctrl Pts',(-57.1132332086563,-2.8,17.5674403365701));
#8108=CARTESIAN_POINT('',(-56.8703955411911,-2.,16.5442431624979));
#8109=CARTESIAN_POINT('Ctrl Pts',(-56.010913848877,-2.,16.0558379348367));
#8110=CARTESIAN_POINT('Ctrl Pts',(-56.010913848877,-2.8,16.0558379348367));
#8111=CARTESIAN_POINT('Ctrl Pts',(-56.1943409141482,-2.,16.1077456648318));
#8112=CARTESIAN_POINT('Ctrl Pts',(-56.1943409141482,-2.8,16.1077456648318));
#8113=CARTESIAN_POINT('Ctrl Pts',(-56.5224746305891,-2.,16.2006036971516));
#8114=CARTESIAN_POINT('Ctrl Pts',(-56.5224746305891,-2.8,16.2006036971516));
#8115=CARTESIAN_POINT('Ctrl Pts',(-56.7639188668337,-2.,16.4390767688347));
#8116=CARTESIAN_POINT('Ctrl Pts',(-56.7639188668337,-2.8,16.4390767688347));
#8117=CARTESIAN_POINT('Ctrl Pts',(-56.8703955411911,-2.,16.5442431624979));
#8118=CARTESIAN_POINT('Ctrl Pts',(-56.8703955411911,-2.8,16.5442431624979));
#8119=CARTESIAN_POINT('',(-56.010913848877,-2.,16.0558379348367));
#8120=CARTESIAN_POINT('Ctrl Pts',(-56.8703955411911,-2.,16.5442431624979));
#8121=CARTESIAN_POINT('Ctrl Pts',(-56.7639188668337,-2.,16.4390767688347));
#8122=CARTESIAN_POINT('Ctrl Pts',(-56.5224746305891,-2.,16.2006036971516));
#8123=CARTESIAN_POINT('Ctrl Pts',(-56.1943409141482,-2.,16.1077456648318));
#8124=CARTESIAN_POINT('Ctrl Pts',(-56.010913848877,-2.,16.0558379348367));
#8125=CARTESIAN_POINT('',(-56.010913848877,-2.8,16.0558379348367));
#8126=CARTESIAN_POINT('Ctrl Pts',(-56.010913848877,-2.8,16.0558379348367));
#8127=CARTESIAN_POINT('Ctrl Pts',(-56.1943409141482,-2.8,16.1077456648318));
#8128=CARTESIAN_POINT('Ctrl Pts',(-56.5224746305891,-2.8,16.2006036971516));
#8129=CARTESIAN_POINT('Ctrl Pts',(-56.7639188668337,-2.8,16.4390767688347));
#8130=CARTESIAN_POINT('Ctrl Pts',(-56.8703955411911,-2.8,16.5442431624979));
#8131=CARTESIAN_POINT('',(-56.010913848877,-2.,16.0558379348367));
#8132=CARTESIAN_POINT('Origin',(-56.1418825387955,-2.,15.0954020675272));
#8133=CARTESIAN_POINT('',(-56.1418825387955,-2.,15.0954020675272));
#8134=CARTESIAN_POINT('',(-56.5736357224075,-1.99999999999997,11.9292159842423));
#8135=CARTESIAN_POINT('',(-56.1418825387955,-2.8,15.0954020675272));
#8136=CARTESIAN_POINT('',(-56.010913848877,-2.8,16.0558379348367));
#8137=CARTESIAN_POINT('',(-56.1418825387955,-2.,15.0954020675272));
#8138=CARTESIAN_POINT('Ctrl Pts',(-57.1377897262573,-2.,15.5265105422586));
#8139=CARTESIAN_POINT('Ctrl Pts',(-57.1377897262573,-2.8,15.5265105422586));
#8140=CARTESIAN_POINT('Ctrl Pts',(-56.9952536502496,-2.,15.4322721667327));
#8141=CARTESIAN_POINT('Ctrl Pts',(-56.9952536502496,-2.8,15.4322721667327));
#8142=CARTESIAN_POINT('Ctrl Pts',(-56.6892187084534,-2.,15.2299357717876));
#8143=CARTESIAN_POINT('Ctrl Pts',(-56.6892187084534,-2.8,15.2299357717876));
#8144=CARTESIAN_POINT('Ctrl Pts',(-56.332473379111,-2.,15.1422487646161));
#8145=CARTESIAN_POINT('Ctrl Pts',(-56.332473379111,-2.8,15.1422487646161));
#8146=CARTESIAN_POINT('Ctrl Pts',(-56.1418825387955,-2.,15.0954020675272));
#8147=CARTESIAN_POINT('Ctrl Pts',(-56.1418825387955,-2.8,15.0954020675272));
#8148=CARTESIAN_POINT('',(-57.1377897262573,-2.,15.5265105422586));
#8149=CARTESIAN_POINT('Ctrl Pts',(-56.1418825387955,-2.,15.0954020675272));
#8150=CARTESIAN_POINT('Ctrl Pts',(-56.332473379111,-2.,15.1422487646161));
#8151=CARTESIAN_POINT('Ctrl Pts',(-56.6892187084534,-2.,15.2299357717876));
#8152=CARTESIAN_POINT('Ctrl Pts',(-56.9952536502496,-2.,15.4322721667327));
#8153=CARTESIAN_POINT('Ctrl Pts',(-57.1377897262573,-2.,15.5265105422586));
#8154=CARTESIAN_POINT('',(-57.1377897262573,-2.8,15.5265105422586));
#8155=CARTESIAN_POINT('Ctrl Pts',(-57.1377897262573,-2.8,15.5265105422586));
#8156=CARTESIAN_POINT('Ctrl Pts',(-56.9952536502496,-2.8,15.4322721667327));
#8157=CARTESIAN_POINT('Ctrl Pts',(-56.6892187084534,-2.8,15.2299357717876));
#8158=CARTESIAN_POINT('Ctrl Pts',(-56.332473379111,-2.8,15.1422487646161));
#8159=CARTESIAN_POINT('Ctrl Pts',(-56.1418825387955,-2.8,15.0954020675272));
#8160=CARTESIAN_POINT('',(-57.1377897262573,-2.,15.5265105422586));
#8161=CARTESIAN_POINT('Ctrl Pts',(-57.7216911315918,-2.,16.3941729720682));
#8162=CARTESIAN_POINT('Ctrl Pts',(-57.7216911315918,-2.8,16.3941729720682));
#8163=CARTESIAN_POINT('Ctrl Pts',(-57.6502904487368,-2.,16.2194957913102));
#8164=CARTESIAN_POINT('Ctrl Pts',(-57.6502904487368,-2.8,16.2194957913102));
#8165=CARTESIAN_POINT('Ctrl Pts',(-57.5153543910103,-2.,15.8893834001706));
#8166=CARTESIAN_POINT('Ctrl Pts',(-57.5153543910103,-2.8,15.8893834001706));
#8167=CARTESIAN_POINT('Ctrl Pts',(-57.2586570581413,-2.,15.6426746811291));
#8168=CARTESIAN_POINT('Ctrl Pts',(-57.2586570581413,-2.8,15.6426746811291));
#8169=CARTESIAN_POINT('Ctrl Pts',(-57.1377897262573,-2.,15.5265105422586));
#8170=CARTESIAN_POINT('Ctrl Pts',(-57.1377897262573,-2.8,15.5265105422586));
#8171=CARTESIAN_POINT('',(-57.7216911315918,-2.,16.3941729720682));
#8172=CARTESIAN_POINT('Ctrl Pts',(-57.1377897262573,-2.,15.5265105422586));
#8173=CARTESIAN_POINT('Ctrl Pts',(-57.2586570581413,-2.,15.6426746811291));
#8174=CARTESIAN_POINT('Ctrl Pts',(-57.5153543910103,-2.,15.8893834001706));
#8175=CARTESIAN_POINT('Ctrl Pts',(-57.6502904487368,-2.,16.2194957913102));
#8176=CARTESIAN_POINT('Ctrl Pts',(-57.7216911315918,-2.,16.3941729720682));
#8177=CARTESIAN_POINT('',(-57.7216911315918,-2.8,16.3941729720682));
#8178=CARTESIAN_POINT('Ctrl Pts',(-57.7216911315918,-2.8,16.3941729720682));
#8179=CARTESIAN_POINT('Ctrl Pts',(-57.6502904487368,-2.8,16.2194957913102));
#8180=CARTESIAN_POINT('Ctrl Pts',(-57.5153543910103,-2.8,15.8893834001706));
#8181=CARTESIAN_POINT('Ctrl Pts',(-57.2586570581413,-2.8,15.6426746811291));
#8182=CARTESIAN_POINT('Ctrl Pts',(-57.1377897262573,-2.8,15.5265105422586));
#8183=CARTESIAN_POINT('',(-57.7216911315918,-2.,16.3941729720682));
#8184=CARTESIAN_POINT('Ctrl Pts',(-57.9263299703598,-2.,17.7093184646219));
#8185=CARTESIAN_POINT('Ctrl Pts',(-57.9263299703598,-2.8,17.7093184646219));
#8186=CARTESIAN_POINT('Ctrl Pts',(-57.9198273936471,-2.,17.4734286158048));
#8187=CARTESIAN_POINT('Ctrl Pts',(-57.9198273936471,-2.8,17.4734286158048));
#8188=CARTESIAN_POINT('Ctrl Pts',(-57.9074957277584,-2.,17.0260805981382));
#8189=CARTESIAN_POINT('Ctrl Pts',(-57.9074957277584,-2.8,17.0260805981382));
#8190=CARTESIAN_POINT('Ctrl Pts',(-57.7813291563605,-2.,16.5969974631335));
#8191=CARTESIAN_POINT('Ctrl Pts',(-57.7813291563605,-2.8,16.5969974631335));
#8192=CARTESIAN_POINT('Ctrl Pts',(-57.7216911315918,-2.,16.3941729720682));
#8193=CARTESIAN_POINT('Ctrl Pts',(-57.7216911315918,-2.8,16.3941729720682));
#8194=CARTESIAN_POINT('',(-57.9263299703598,-2.,17.7093184646219));
#8195=CARTESIAN_POINT('Ctrl Pts',(-57.7216911315918,-2.,16.3941729720682));
#8196=CARTESIAN_POINT('Ctrl Pts',(-57.7813291563605,-2.,16.5969974631335));
#8197=CARTESIAN_POINT('Ctrl Pts',(-57.9074957277584,-2.,17.0260805981382));
#8198=CARTESIAN_POINT('Ctrl Pts',(-57.9198273936471,-2.,17.4734286158048));
#8199=CARTESIAN_POINT('Ctrl Pts',(-57.9263299703598,-2.,17.7093184646219));
#8200=CARTESIAN_POINT('',(-57.9263299703598,-2.8,17.7093184646219));
#8201=CARTESIAN_POINT('Ctrl Pts',(-57.9263299703598,-2.8,17.7093184646219));
#8202=CARTESIAN_POINT('Ctrl Pts',(-57.9198273936471,-2.8,17.4734286158048));
#8203=CARTESIAN_POINT('Ctrl Pts',(-57.9074957277584,-2.8,17.0260805981382));
#8204=CARTESIAN_POINT('Ctrl Pts',(-57.7813291563605,-2.8,16.5969974631335));
#8205=CARTESIAN_POINT('Ctrl Pts',(-57.7216911315918,-2.8,16.3941729720682));
#8206=CARTESIAN_POINT('',(-57.9263299703598,-2.,17.7093184646219));
#8207=CARTESIAN_POINT('Ctrl Pts',(-57.7517050504684,-2.,18.9153254684061));
#8208=CARTESIAN_POINT('Ctrl Pts',(-57.7517050504684,-2.8,18.9153254684061));
#8209=CARTESIAN_POINT('Ctrl Pts',(-57.8025000367218,-2.,18.7386153620633));
#8210=CARTESIAN_POINT('Ctrl Pts',(-57.8025000367218,-2.8,18.7386153620633));
#8211=CARTESIAN_POINT('Ctrl Pts',(-57.9156240648702,-2.,18.3450694529394));
#8212=CARTESIAN_POINT('Ctrl Pts',(-57.9156240648702,-2.8,18.3450694529394));
#8213=CARTESIAN_POINT('Ctrl Pts',(-57.9225267377825,-2.,17.9351666072382));
#8214=CARTESIAN_POINT('Ctrl Pts',(-57.9225267377825,-2.8,17.9351666072382));
#8215=CARTESIAN_POINT('Ctrl Pts',(-57.9263299703598,-2.,17.7093184646219));
#8216=CARTESIAN_POINT('Ctrl Pts',(-57.9263299703598,-2.8,17.7093184646219));
#8217=CARTESIAN_POINT('',(-57.7517050504684,-2.,18.9153254684061));
#8218=CARTESIAN_POINT('Ctrl Pts',(-57.9263299703598,-2.,17.7093184646219));
#8219=CARTESIAN_POINT('Ctrl Pts',(-57.9225267377825,-2.,17.9351666072382));
#8220=CARTESIAN_POINT('Ctrl Pts',(-57.9156240648702,-2.,18.3450694529394));
#8221=CARTESIAN_POINT('Ctrl Pts',(-57.8025000367218,-2.,18.7386153620633));
#8222=CARTESIAN_POINT('Ctrl Pts',(-57.7517050504684,-2.,18.9153254684061));
#8223=CARTESIAN_POINT('',(-57.7517050504684,-2.8,18.9153254684061));
#8224=CARTESIAN_POINT('Ctrl Pts',(-57.7517050504684,-2.8,18.9153254684061));
#8225=CARTESIAN_POINT('Ctrl Pts',(-57.8025000367218,-2.8,18.7386153620633));
#8226=CARTESIAN_POINT('Ctrl Pts',(-57.9156240648702,-2.8,18.3450694529394));
#8227=CARTESIAN_POINT('Ctrl Pts',(-57.9225267377825,-2.8,17.9351666072382));
#8228=CARTESIAN_POINT('Ctrl Pts',(-57.9263299703598,-2.8,17.7093184646219));
#8229=CARTESIAN_POINT('',(-57.7517050504684,-2.,18.9153254684061));
#8230=CARTESIAN_POINT('Ctrl Pts',(-57.3124146461487,-2.,19.5974505599588));
#8231=CARTESIAN_POINT('Ctrl Pts',(-57.3124146461487,-2.8,19.5974505599588));
#8232=CARTESIAN_POINT('Ctrl Pts',(-57.3991188371433,-2.,19.5081880949893));
#8233=CARTESIAN_POINT('Ctrl Pts',(-57.3991188371433,-2.8,19.5081880949893));
#8234=CARTESIAN_POINT('Ctrl Pts',(-57.5908565510722,-2.,19.3107930120459));
#8235=CARTESIAN_POINT('Ctrl Pts',(-57.5908565510722,-2.8,19.3107930120459));
#8236=CARTESIAN_POINT('Ctrl Pts',(-57.6947774158067,-2.,19.0552896703068));
#8237=CARTESIAN_POINT('Ctrl Pts',(-57.6947774158067,-2.8,19.0552896703068));
#8238=CARTESIAN_POINT('Ctrl Pts',(-57.7517050504684,-2.,18.9153254684061));
#8239=CARTESIAN_POINT('Ctrl Pts',(-57.7517050504684,-2.8,18.9153254684061));
#8240=CARTESIAN_POINT('',(-57.3124146461487,-2.,19.5974505599588));
#8241=CARTESIAN_POINT('Ctrl Pts',(-57.7517050504684,-2.,18.9153254684061));
#8242=CARTESIAN_POINT('Ctrl Pts',(-57.6947774158067,-2.,19.0552896703068));
#8243=CARTESIAN_POINT('Ctrl Pts',(-57.5908565510722,-2.,19.3107930120459));
#8244=CARTESIAN_POINT('Ctrl Pts',(-57.3991188371433,-2.,19.5081880949893));
#8245=CARTESIAN_POINT('Ctrl Pts',(-57.3124146461487,-2.,19.5974505599588));
#8246=CARTESIAN_POINT('',(-57.3124146461487,-2.8,19.5974505599588));
#8247=CARTESIAN_POINT('Ctrl Pts',(-57.3124146461487,-2.8,19.5974505599588));
#8248=CARTESIAN_POINT('Ctrl Pts',(-57.3991188371433,-2.8,19.5081880949893));
#8249=CARTESIAN_POINT('Ctrl Pts',(-57.5908565510722,-2.8,19.3107930120459));
#8250=CARTESIAN_POINT('Ctrl Pts',(-57.6947774158067,-2.8,19.0552896703068));
#8251=CARTESIAN_POINT('Ctrl Pts',(-57.7517050504684,-2.8,18.9153254684061));
#8252=CARTESIAN_POINT('',(-57.3124146461487,-2.,19.5974505599588));
#8253=CARTESIAN_POINT('Ctrl Pts',(-56.6439288854599,-2.,19.903045957908));
#8254=CARTESIAN_POINT('Ctrl Pts',(-56.6439288854599,-2.8,19.903045957908));
#8255=CARTESIAN_POINT('Ctrl Pts',(-56.7703594791311,-2.,19.870394088811));
#8256=CARTESIAN_POINT('Ctrl Pts',(-56.7703594791311,-2.8,19.870394088811));
#8257=CARTESIAN_POINT('Ctrl Pts',(-57.0115586571654,-2.,19.8081021722835));
#8258=CARTESIAN_POINT('Ctrl Pts',(-57.0115586571654,-2.8,19.8081021722835));
#8259=CARTESIAN_POINT('Ctrl Pts',(-57.2154148062749,-2.,19.6653673487643));
#8260=CARTESIAN_POINT('Ctrl Pts',(-57.2154148062749,-2.8,19.6653673487643));
#8261=CARTESIAN_POINT('Ctrl Pts',(-57.3124146461487,-2.,19.5974505599588));
#8262=CARTESIAN_POINT('Ctrl Pts',(-57.3124146461487,-2.8,19.5974505599588));
#8263=CARTESIAN_POINT('',(-56.6439288854599,-2.,19.903045957908));
#8264=CARTESIAN_POINT('Ctrl Pts',(-57.3124146461487,-2.,19.5974505599588));
#8265=CARTESIAN_POINT('Ctrl Pts',(-57.2154148062749,-2.,19.6653673487643));
#8266=CARTESIAN_POINT('Ctrl Pts',(-57.0115586571654,-2.,19.8081021722835));
#8267=CARTESIAN_POINT('Ctrl Pts',(-56.7703594791311,-2.,19.870394088811));
#8268=CARTESIAN_POINT('Ctrl Pts',(-56.6439288854599,-2.,19.903045957908));
#8269=CARTESIAN_POINT('',(-56.6439288854599,-2.8,19.903045957908));
#8270=CARTESIAN_POINT('Ctrl Pts',(-56.6439288854599,-2.8,19.903045957908));
#8271=CARTESIAN_POINT('Ctrl Pts',(-56.7703594791311,-2.8,19.870394088811));
#8272=CARTESIAN_POINT('Ctrl Pts',(-57.0115586571654,-2.8,19.8081021722835));
#8273=CARTESIAN_POINT('Ctrl Pts',(-57.2154148062749,-2.8,19.6653673487643));
#8274=CARTESIAN_POINT('Ctrl Pts',(-57.3124146461487,-2.8,19.5974505599588));
#8275=CARTESIAN_POINT('',(-56.6439288854599,-2.,19.903045957908));
#8276=CARTESIAN_POINT('Ctrl Pts',(-55.7380622625351,-2.,19.952160185203));
#8277=CARTESIAN_POINT('Ctrl Pts',(-55.7380622625351,-2.8,19.952160185203));
#8278=CARTESIAN_POINT('Ctrl Pts',(-55.9229838262447,-2.,19.9526832507719));
#8279=CARTESIAN_POINT('Ctrl Pts',(-55.9229838262447,-2.8,19.9526832507719));
#8280=CARTESIAN_POINT('Ctrl Pts',(-56.2260299945915,-2.,19.9535404413195));
#8281=CARTESIAN_POINT('Ctrl Pts',(-56.2260299945915,-2.8,19.9535404413195));
#8282=CARTESIAN_POINT('Ctrl Pts',(-56.5267219365722,-2.,19.91720800635));
#8283=CARTESIAN_POINT('Ctrl Pts',(-56.5267219365722,-2.8,19.91720800635));
#8284=CARTESIAN_POINT('Ctrl Pts',(-56.6439288854599,-2.,19.903045957908));
#8285=CARTESIAN_POINT('Ctrl Pts',(-56.6439288854599,-2.8,19.903045957908));
#8286=CARTESIAN_POINT('',(-55.7380622625351,-2.,19.952160185203));
#8287=CARTESIAN_POINT('Ctrl Pts',(-56.6439288854599,-2.,19.903045957908));
#8288=CARTESIAN_POINT('Ctrl Pts',(-56.5267219365722,-2.,19.91720800635));
#8289=CARTESIAN_POINT('Ctrl Pts',(-56.2260299945915,-2.,19.9535404413195));
#8290=CARTESIAN_POINT('Ctrl Pts',(-55.9229838262447,-2.,19.9526832507719));
#8291=CARTESIAN_POINT('Ctrl Pts',(-55.7380622625351,-2.,19.952160185203));
#8292=CARTESIAN_POINT('',(-55.7380622625351,-2.8,19.952160185203));
#8293=CARTESIAN_POINT('Ctrl Pts',(-55.7380622625351,-2.8,19.952160185203));
#8294=CARTESIAN_POINT('Ctrl Pts',(-55.9229838262447,-2.8,19.9526832507719));
#8295=CARTESIAN_POINT('Ctrl Pts',(-56.2260299945915,-2.8,19.9535404413195));
#8296=CARTESIAN_POINT('Ctrl Pts',(-56.5267219365722,-2.8,19.91720800635));
#8297=CARTESIAN_POINT('Ctrl Pts',(-56.6439288854599,-2.8,19.903045957908));
#8298=CARTESIAN_POINT('',(-55.7380622625351,-2.,19.952160185203));
#8299=CARTESIAN_POINT('Origin',(-54.4283765554428,-2.,19.952160185203));
#8300=CARTESIAN_POINT('',(-54.4283765554428,-2.,19.952160185203));
#8301=CARTESIAN_POINT('',(-30.6939341923061,-1.99999999999997,19.952160185203));
#8302=CARTESIAN_POINT('',(-54.4283765554428,-2.8,19.952160185203));
#8303=CARTESIAN_POINT('',(-55.7380622625351,-2.8,19.952160185203));
#8304=CARTESIAN_POINT('',(-54.4283765554428,-2.,19.952160185203));
#8305=CARTESIAN_POINT('Ctrl Pts',(-52.6957708597183,-2.,20.0149119552225));
#8306=CARTESIAN_POINT('Ctrl Pts',(-52.6957708597183,-2.8,20.0149119552225));
#8307=CARTESIAN_POINT('Ctrl Pts',(-52.900533812301,-2.,19.9969487254715));
#8308=CARTESIAN_POINT('Ctrl Pts',(-52.900533812301,-2.8,19.9969487254715));
#8309=CARTESIAN_POINT('Ctrl Pts',(-53.4767279628147,-2.,19.9464009687785));
#8310=CARTESIAN_POINT('Ctrl Pts',(-53.4767279628147,-2.8,19.9464009687785));
#8311=CARTESIAN_POINT('Ctrl Pts',(-54.0553684068645,-2.,19.9499028029377));
#8312=CARTESIAN_POINT('Ctrl Pts',(-54.0553684068645,-2.8,19.9499028029377));
#8313=CARTESIAN_POINT('Ctrl Pts',(-54.4283765554428,-2.,19.952160185203));
#8314=CARTESIAN_POINT('Ctrl Pts',(-54.4283765554428,-2.8,19.952160185203));
#8315=CARTESIAN_POINT('',(-52.6957708597183,-2.,20.0149119552225));
#8316=CARTESIAN_POINT('Ctrl Pts',(-54.4283765554428,-2.,19.952160185203));
#8317=CARTESIAN_POINT('Ctrl Pts',(-54.0553684068645,-2.,19.9499028029377));
#8318=CARTESIAN_POINT('Ctrl Pts',(-53.4767279628147,-2.,19.9464009687785));
#8319=CARTESIAN_POINT('Ctrl Pts',(-52.900533812301,-2.,19.9969487254715));
#8320=CARTESIAN_POINT('Ctrl Pts',(-52.6957708597183,-2.,20.0149119552225));
#8321=CARTESIAN_POINT('',(-52.6957708597183,-2.8,20.0149119552225));
#8322=CARTESIAN_POINT('Ctrl Pts',(-52.6957708597183,-2.8,20.0149119552225));
#8323=CARTESIAN_POINT('Ctrl Pts',(-52.900533812301,-2.8,19.9969487254715));
#8324=CARTESIAN_POINT('Ctrl Pts',(-53.4767279628147,-2.8,19.9464009687785));
#8325=CARTESIAN_POINT('Ctrl Pts',(-54.0553684068645,-2.8,19.9499028029377));
#8326=CARTESIAN_POINT('Ctrl Pts',(-54.4283765554428,-2.8,19.952160185203));
#8327=CARTESIAN_POINT('',(-52.6957708597183,-2.,20.0149119552225));
#8328=CARTESIAN_POINT('Ctrl Pts',(-51.9999998807907,-2.,20.263210600242));
#8329=CARTESIAN_POINT('Ctrl Pts',(-51.9999998807907,-2.8,20.263210600242));
#8330=CARTESIAN_POINT('Ctrl Pts',(-52.1116725454313,-2.,20.2065742427447));
#8331=CARTESIAN_POINT('Ctrl Pts',(-52.1116725454313,-2.8,20.2065742427447));
#8332=CARTESIAN_POINT('Ctrl Pts',(-52.3330841239014,-2.,20.0942822565847));
#8333=CARTESIAN_POINT('Ctrl Pts',(-52.3330841239014,-2.8,20.0942822565847));
#8334=CARTESIAN_POINT('Ctrl Pts',(-52.5755812499354,-2.,20.0412142282504));
#8335=CARTESIAN_POINT('Ctrl Pts',(-52.5755812499354,-2.8,20.0412142282504));
#8336=CARTESIAN_POINT('Ctrl Pts',(-52.6957708597183,-2.,20.0149119552225));
#8337=CARTESIAN_POINT('Ctrl Pts',(-52.6957708597183,-2.8,20.0149119552225));
#8338=CARTESIAN_POINT('',(-51.9999998807907,-2.,20.263210600242));
#8339=CARTESIAN_POINT('Ctrl Pts',(-52.6957708597183,-2.,20.0149119552225));
#8340=CARTESIAN_POINT('Ctrl Pts',(-52.5755812499354,-2.,20.0412142282504));
#8341=CARTESIAN_POINT('Ctrl Pts',(-52.3330841239014,-2.,20.0942822565847));
#8342=CARTESIAN_POINT('Ctrl Pts',(-52.1116725454313,-2.,20.2065742427447));
#8343=CARTESIAN_POINT('Ctrl Pts',(-51.9999998807907,-2.,20.263210600242));
#8344=CARTESIAN_POINT('',(-51.9999998807907,-2.8,20.263210600242));
#8345=CARTESIAN_POINT('Ctrl Pts',(-51.9999998807907,-2.8,20.263210600242));
#8346=CARTESIAN_POINT('Ctrl Pts',(-52.1116725454313,-2.8,20.2065742427447));
#8347=CARTESIAN_POINT('Ctrl Pts',(-52.3330841239014,-2.8,20.0942822565847));
#8348=CARTESIAN_POINT('Ctrl Pts',(-52.5755812499354,-2.8,20.0412142282504));
#8349=CARTESIAN_POINT('Ctrl Pts',(-52.6957708597183,-2.8,20.0149119552225));
#8350=CARTESIAN_POINT('',(-51.9999998807907,-2.,20.263210600242));
#8351=CARTESIAN_POINT('Origin',(-51.9999998807907,-2.,19.2372859176248));
#8352=CARTESIAN_POINT('',(-51.9999998807907,-2.,19.2372859176248));
#8353=CARTESIAN_POINT('',(-51.9999998807907,-1.99999999999997,10.5879334188039));
#8354=CARTESIAN_POINT('',(-51.9999998807907,-2.8,19.2372859176248));
#8355=CARTESIAN_POINT('',(-51.9999998807907,-2.8,20.263210600242));
#8356=CARTESIAN_POINT('',(-51.9999998807907,-2.,19.2372859176248));
#8357=CARTESIAN_POINT('Ctrl Pts',(-52.7148705720901,-2.,19.0408385451883));
#8358=CARTESIAN_POINT('Ctrl Pts',(-52.7148705720901,-2.8,19.0408385451883));
#8359=CARTESIAN_POINT('Ctrl Pts',(-52.5854482227047,-2.,19.0586251105924));
#8360=CARTESIAN_POINT('Ctrl Pts',(-52.5854482227047,-2.8,19.0586251105924));
#8361=CARTESIAN_POINT('Ctrl Pts',(-52.3383504546404,-2.,19.0925838560003));
#8362=CARTESIAN_POINT('Ctrl Pts',(-52.3383504546404,-2.8,19.0925838560003));
#8363=CARTESIAN_POINT('Ctrl Pts',(-52.1091513943476,-2.,19.1906051957291));
#8364=CARTESIAN_POINT('Ctrl Pts',(-52.1091513943476,-2.8,19.1906051957291));
#8365=CARTESIAN_POINT('Ctrl Pts',(-51.9999998807907,-2.,19.2372859176248));
#8366=CARTESIAN_POINT('Ctrl Pts',(-51.9999998807907,-2.8,19.2372859176248));
#8367=CARTESIAN_POINT('Ctrl Pts',(-51.9999998807907,-2.,19.2372859176248));
#8368=CARTESIAN_POINT('Ctrl Pts',(-52.1091513943476,-2.,19.1906051957291));
#8369=CARTESIAN_POINT('Ctrl Pts',(-52.3383504546404,-2.,19.0925838560003));
#8370=CARTESIAN_POINT('Ctrl Pts',(-52.5854482227047,-2.,19.0586251105924));
#8371=CARTESIAN_POINT('Ctrl Pts',(-52.7148705720901,-2.,19.0408385451883));
#8372=CARTESIAN_POINT('Ctrl Pts',(-52.7148705720901,-2.8,19.0408385451883));
#8373=CARTESIAN_POINT('Ctrl Pts',(-52.5854482227047,-2.8,19.0586251105924));
#8374=CARTESIAN_POINT('Ctrl Pts',(-52.3383504546404,-2.8,19.0925838560003));
#8375=CARTESIAN_POINT('Ctrl Pts',(-52.1091513943476,-2.8,19.1906051957291));
#8376=CARTESIAN_POINT('Ctrl Pts',(-51.9999998807907,-2.8,19.2372859176248));
#8377=CARTESIAN_POINT('Origin',(-55.9345158934593,-2.8,1.72296470962465));
#8378=CARTESIAN_POINT('Origin',(-6.95949182916934,-1.99999999999997,1.938580919983));
#8379=CARTESIAN_POINT('Origin',(-53.8826733827591,-2.,4.03401262126863));
#8380=CARTESIAN_POINT('',(-53.7298768758774,-2.,3.06266195140779));
#8381=CARTESIAN_POINT('',(-53.8826733827591,-2.,4.03401262126863));
#8382=CARTESIAN_POINT('',(-53.1553220810449,-1.99999999999997,-0.589870401732603));
#8383=CARTESIAN_POINT('',(-53.7298768758774,-2.8,3.06266195140779));
#8384=CARTESIAN_POINT('',(-53.7298768758774,-2.,3.06266195140779));
#8385=CARTESIAN_POINT('',(-53.8826733827591,-2.8,4.03401262126863));
#8386=CARTESIAN_POINT('',(-53.7298768758774,-2.8,3.06266195140779));
#8387=CARTESIAN_POINT('',(-53.8826733827591,-2.,4.03401262126863));
#8388=CARTESIAN_POINT('Ctrl Pts',(-52.9877215623856,-2.,4.48967344127595));
#8389=CARTESIAN_POINT('Ctrl Pts',(-52.9877215623856,-2.8,4.48967344127595));
#8390=CARTESIAN_POINT('Ctrl Pts',(-53.1074858661777,-2.,4.37664969157279));
#8391=CARTESIAN_POINT('Ctrl Pts',(-53.1074858661777,-2.8,4.37664969157279));
#8392=CARTESIAN_POINT('Ctrl Pts',(-53.3604624918019,-2.,4.1379110531809));
#8393=CARTESIAN_POINT('Ctrl Pts',(-53.3604624918019,-2.8,4.1379110531809));
#8394=CARTESIAN_POINT('Ctrl Pts',(-53.7025415438533,-2.,4.069851428777));
#8395=CARTESIAN_POINT('Ctrl Pts',(-53.7025415438533,-2.8,4.069851428777));
#8396=CARTESIAN_POINT('Ctrl Pts',(-53.8826733827591,-2.,4.03401262126863));
#8397=CARTESIAN_POINT('Ctrl Pts',(-53.8826733827591,-2.8,4.03401262126863));
#8398=CARTESIAN_POINT('',(-52.9877215623856,-2.,4.48967344127595));
#8399=CARTESIAN_POINT('Ctrl Pts',(-53.8826733827591,-2.,4.03401262126863));
#8400=CARTESIAN_POINT('Ctrl Pts',(-53.7025415438533,-2.,4.069851428777));
#8401=CARTESIAN_POINT('Ctrl Pts',(-53.3604624918019,-2.,4.1379110531809));
#8402=CARTESIAN_POINT('Ctrl Pts',(-53.1074858661777,-2.,4.37664969157279));
#8403=CARTESIAN_POINT('Ctrl Pts',(-52.9877215623856,-2.,4.48967344127595));
#8404=CARTESIAN_POINT('',(-52.9877215623856,-2.8,4.48967344127595));
#8405=CARTESIAN_POINT('Ctrl Pts',(-52.9877215623856,-2.8,4.48967344127595));
#8406=CARTESIAN_POINT('Ctrl Pts',(-53.1074858661777,-2.8,4.37664969157279));
#8407=CARTESIAN_POINT('Ctrl Pts',(-53.3604624918019,-2.8,4.1379110531809));
#8408=CARTESIAN_POINT('Ctrl Pts',(-53.7025415438533,-2.8,4.069851428777));
#8409=CARTESIAN_POINT('Ctrl Pts',(-53.8826733827591,-2.8,4.03401262126863));
#8410=CARTESIAN_POINT('',(-52.9877215623856,-2.,4.48967344127595));
#8411=CARTESIAN_POINT('Ctrl Pts',(-52.6766711473465,-2.,5.53469545207918));
#8412=CARTESIAN_POINT('Ctrl Pts',(-52.6766711473465,-2.8,5.53469545207918));
#8413=CARTESIAN_POINT('Ctrl Pts',(-52.6844556513861,-2.,5.33003588205206));
#8414=CARTESIAN_POINT('Ctrl Pts',(-52.6844556513861,-2.8,5.33003588205206));
#8415=CARTESIAN_POINT('Ctrl Pts',(-52.6987744562704,-2.,4.95358538038746));
#8416=CARTESIAN_POINT('Ctrl Pts',(-52.6987744562704,-2.8,4.95358538038746));
#8417=CARTESIAN_POINT('Ctrl Pts',(-52.8971802615311,-2.,4.63503980612312));
#8418=CARTESIAN_POINT('Ctrl Pts',(-52.8971802615311,-2.8,4.63503980612312));
#8419=CARTESIAN_POINT('Ctrl Pts',(-52.9877215623856,-2.,4.48967344127595));
#8420=CARTESIAN_POINT('Ctrl Pts',(-52.9877215623856,-2.8,4.48967344127595));
#8421=CARTESIAN_POINT('',(-52.6766711473465,-2.,5.53469545207918));
#8422=CARTESIAN_POINT('Ctrl Pts',(-52.9877215623856,-2.,4.48967344127595));
#8423=CARTESIAN_POINT('Ctrl Pts',(-52.8971802615311,-2.,4.63503980612312));
#8424=CARTESIAN_POINT('Ctrl Pts',(-52.6987744562704,-2.,4.95358538038746));
#8425=CARTESIAN_POINT('Ctrl Pts',(-52.6844556513861,-2.,5.33003588205206));
#8426=CARTESIAN_POINT('Ctrl Pts',(-52.6766711473465,-2.,5.53469545207918));
#8427=CARTESIAN_POINT('',(-52.6766711473465,-2.8,5.53469545207918));
#8428=CARTESIAN_POINT('Ctrl Pts',(-52.6766711473465,-2.8,5.53469545207918));
#8429=CARTESIAN_POINT('Ctrl Pts',(-52.6844556513861,-2.8,5.33003588205206));
#8430=CARTESIAN_POINT('Ctrl Pts',(-52.6987744562704,-2.8,4.95358538038746));
#8431=CARTESIAN_POINT('Ctrl Pts',(-52.8971802615311,-2.8,4.63503980612312));
#8432=CARTESIAN_POINT('Ctrl Pts',(-52.9877215623856,-2.8,4.48967344127595));
#8433=CARTESIAN_POINT('',(-52.6766711473465,-2.,5.53469545207918));
#8434=CARTESIAN_POINT('Ctrl Pts',(-52.9522508382797,-2.,6.53878814540803));
#8435=CARTESIAN_POINT('Ctrl Pts',(-52.9522508382797,-2.8,6.53878814540803));
#8436=CARTESIAN_POINT('Ctrl Pts',(-52.8721829924321,-2.,6.40386978604768));
#8437=CARTESIAN_POINT('Ctrl Pts',(-52.8721829924321,-2.8,6.40386978604768));
#8438=CARTESIAN_POINT('Ctrl Pts',(-52.6895862551321,-2.,6.09618507241203));
#8439=CARTESIAN_POINT('Ctrl Pts',(-52.6895862551321,-2.8,6.09618507241203));
#8440=CARTESIAN_POINT('Ctrl Pts',(-52.6813153166204,-2.,5.73660262046185));
#8441=CARTESIAN_POINT('Ctrl Pts',(-52.6813153166204,-2.8,5.73660262046185));
#8442=CARTESIAN_POINT('Ctrl Pts',(-52.6766711473465,-2.,5.53469545207918));
#8443=CARTESIAN_POINT('Ctrl Pts',(-52.6766711473465,-2.8,5.53469545207918));
#8444=CARTESIAN_POINT('',(-52.9522508382797,-2.,6.53878814540803));
#8445=CARTESIAN_POINT('Ctrl Pts',(-52.6766711473465,-2.,5.53469545207918));
#8446=CARTESIAN_POINT('Ctrl Pts',(-52.6813153166204,-2.,5.73660262046185));
#8447=CARTESIAN_POINT('Ctrl Pts',(-52.6895862551321,-2.,6.09618507241203));
#8448=CARTESIAN_POINT('Ctrl Pts',(-52.8721829924321,-2.,6.40386978604768));
#8449=CARTESIAN_POINT('Ctrl Pts',(-52.9522508382797,-2.,6.53878814540803));
#8450=CARTESIAN_POINT('',(-52.9522508382797,-2.8,6.53878814540803));
#8451=CARTESIAN_POINT('Ctrl Pts',(-52.9522508382797,-2.8,6.53878814540803));
#8452=CARTESIAN_POINT('Ctrl Pts',(-52.8721829924321,-2.8,6.40386978604768));
#8453=CARTESIAN_POINT('Ctrl Pts',(-52.6895862551321,-2.8,6.09618507241203));
#8454=CARTESIAN_POINT('Ctrl Pts',(-52.6813153166204,-2.8,5.73660262046185));
#8455=CARTESIAN_POINT('Ctrl Pts',(-52.6766711473465,-2.8,5.53469545207918));
#8456=CARTESIAN_POINT('',(-52.9522508382797,-2.,6.53878814540803));
#8457=CARTESIAN_POINT('Ctrl Pts',(-53.5989087820053,-2.,6.86620838008821));
#8458=CARTESIAN_POINT('Ctrl Pts',(-53.5989087820053,-2.8,6.86620838008821));
#8459=CARTESIAN_POINT('Ctrl Pts',(-53.4774710521809,-2.,6.8504585522951));
#8460=CARTESIAN_POINT('Ctrl Pts',(-53.4774710521809,-2.8,6.8504585522951));
#8461=CARTESIAN_POINT('Ctrl Pts',(-53.2241971581714,-2.,6.81761027506769));
#8462=CARTESIAN_POINT('Ctrl Pts',(-53.2241971581714,-2.8,6.81761027506769));
#8463=CARTESIAN_POINT('Ctrl Pts',(-53.0453472373892,-2.,6.63423836614902));
#8464=CARTESIAN_POINT('Ctrl Pts',(-53.0453472373892,-2.8,6.63423836614902));
#8465=CARTESIAN_POINT('Ctrl Pts',(-52.9522508382797,-2.,6.53878814540803));
#8466=CARTESIAN_POINT('Ctrl Pts',(-52.9522508382797,-2.8,6.53878814540803));
#8467=CARTESIAN_POINT('',(-53.5989087820053,-2.,6.86620838008821));
#8468=CARTESIAN_POINT('Ctrl Pts',(-52.9522508382797,-2.,6.53878814540803));
#8469=CARTESIAN_POINT('Ctrl Pts',(-53.0453472373892,-2.,6.63423836614902));
#8470=CARTESIAN_POINT('Ctrl Pts',(-53.2241971581714,-2.,6.81761027506769));
#8471=CARTESIAN_POINT('Ctrl Pts',(-53.4774710521809,-2.,6.8504585522951));
#8472=CARTESIAN_POINT('Ctrl Pts',(-53.5989087820053,-2.,6.86620838008821));
#8473=CARTESIAN_POINT('',(-53.5989087820053,-2.8,6.86620838008821));
#8474=CARTESIAN_POINT('Ctrl Pts',(-53.5989087820053,-2.8,6.86620838008821));
#8475=CARTESIAN_POINT('Ctrl Pts',(-53.4774710521809,-2.8,6.8504585522951));
#8476=CARTESIAN_POINT('Ctrl Pts',(-53.2241971581714,-2.8,6.81761027506769));
#8477=CARTESIAN_POINT('Ctrl Pts',(-53.0453472373892,-2.8,6.63423836614902));
#8478=CARTESIAN_POINT('Ctrl Pts',(-52.9522508382797,-2.8,6.53878814540803));
#8479=CARTESIAN_POINT('',(-53.5989087820053,-2.,6.86620838008821));
#8480=CARTESIAN_POINT('Ctrl Pts',(-54.1227829456329,-2.,6.57698757015169));
#8481=CARTESIAN_POINT('Ctrl Pts',(-54.1227829456329,-2.8,6.57698757015169));
#8482=CARTESIAN_POINT('Ctrl Pts',(-54.0538939198194,-2.,6.66133884716654));
#8483=CARTESIAN_POINT('Ctrl Pts',(-54.0538939198194,-2.8,6.66133884716654));
#8484=CARTESIAN_POINT('Ctrl Pts',(-53.9177672896341,-2.,6.82801931559011));
#8485=CARTESIAN_POINT('Ctrl Pts',(-53.9177672896341,-2.8,6.82801931559011));
#8486=CARTESIAN_POINT('Ctrl Pts',(-53.704331853241,-2.,6.85358206349108));
#8487=CARTESIAN_POINT('Ctrl Pts',(-53.704331853241,-2.8,6.85358206349108));
#8488=CARTESIAN_POINT('Ctrl Pts',(-53.5989087820053,-2.,6.86620838008821));
#8489=CARTESIAN_POINT('Ctrl Pts',(-53.5989087820053,-2.8,6.86620838008821));
#8490=CARTESIAN_POINT('',(-54.1227829456329,-2.,6.57698757015169));
#8491=CARTESIAN_POINT('Ctrl Pts',(-53.5989087820053,-2.,6.86620838008821));
#8492=CARTESIAN_POINT('Ctrl Pts',(-53.704331853241,-2.,6.85358206349108));
#8493=CARTESIAN_POINT('Ctrl Pts',(-53.9177672896341,-2.,6.82801931559011));
#8494=CARTESIAN_POINT('Ctrl Pts',(-54.0538939198194,-2.,6.66133884716654));
#8495=CARTESIAN_POINT('Ctrl Pts',(-54.1227829456329,-2.,6.57698757015169));
#8496=CARTESIAN_POINT('',(-54.1227829456329,-2.8,6.57698757015169));
#8497=CARTESIAN_POINT('Ctrl Pts',(-54.1227829456329,-2.8,6.57698757015169));
#8498=CARTESIAN_POINT('Ctrl Pts',(-54.0538939198194,-2.8,6.66133884716654));
#8499=CARTESIAN_POINT('Ctrl Pts',(-53.9177672896341,-2.8,6.82801931559011));
#8500=CARTESIAN_POINT('Ctrl Pts',(-53.704331853241,-2.8,6.85358206349108));
#8501=CARTESIAN_POINT('Ctrl Pts',(-53.5989087820053,-2.8,6.86620838008821));
#8502=CARTESIAN_POINT('',(-54.1227829456329,-2.,6.57698757015169));
#8503=CARTESIAN_POINT('Ctrl Pts',(-54.4556611776352,-2.,5.57289487682283));
#8504=CARTESIAN_POINT('Ctrl Pts',(-54.4556611776352,-2.8,5.57289487682283));
#8505=CARTESIAN_POINT('Ctrl Pts',(-54.4027465734791,-2.,5.79324135325223));
#8506=CARTESIAN_POINT('Ctrl Pts',(-54.4027465734791,-2.8,5.79324135325223));
#8507=CARTESIAN_POINT('Ctrl Pts',(-54.3199943282553,-2.,6.13783744241353));
#8508=CARTESIAN_POINT('Ctrl Pts',(-54.3199943282553,-2.8,6.13783744241353));
#8509=CARTESIAN_POINT('Ctrl Pts',(-54.1750462762302,-2.,6.46060763303741));
#8510=CARTESIAN_POINT('Ctrl Pts',(-54.1750462762302,-2.8,6.46060763303741));
#8511=CARTESIAN_POINT('Ctrl Pts',(-54.1227829456329,-2.,6.57698757015169));
#8512=CARTESIAN_POINT('Ctrl Pts',(-54.1227829456329,-2.8,6.57698757015169));
#8513=CARTESIAN_POINT('',(-54.4556611776352,-2.,5.57289487682283));
#8514=CARTESIAN_POINT('Ctrl Pts',(-54.1227829456329,-2.,6.57698757015169));
#8515=CARTESIAN_POINT('Ctrl Pts',(-54.1750462762302,-2.,6.46060763303741));
#8516=CARTESIAN_POINT('Ctrl Pts',(-54.3199943282553,-2.,6.13783744241353));
#8517=CARTESIAN_POINT('Ctrl Pts',(-54.4027465734791,-2.,5.79324135325223));
#8518=CARTESIAN_POINT('Ctrl Pts',(-54.4556611776352,-2.,5.57289487682283));
#8519=CARTESIAN_POINT('',(-54.4556611776352,-2.8,5.57289487682283));
#8520=CARTESIAN_POINT('Ctrl Pts',(-54.4556611776352,-2.8,5.57289487682283));
#8521=CARTESIAN_POINT('Ctrl Pts',(-54.4027465734791,-2.8,5.79324135325223));
#8522=CARTESIAN_POINT('Ctrl Pts',(-54.3199943282553,-2.8,6.13783744241353));
#8523=CARTESIAN_POINT('Ctrl Pts',(-54.1750462762302,-2.8,6.46060763303741));
#8524=CARTESIAN_POINT('Ctrl Pts',(-54.1227829456329,-2.8,6.57698757015169));
#8525=CARTESIAN_POINT('',(-54.4556611776352,-2.,5.57289487682283));
#8526=CARTESIAN_POINT('Ctrl Pts',(-54.9276942014694,-2.,4.0749395545572));
#8527=CARTESIAN_POINT('Ctrl Pts',(-54.9276942014694,-2.8,4.0749395545572));
#8528=CARTESIAN_POINT('Ctrl Pts',(-54.851809543874,-2.,4.26825766170136));
#8529=CARTESIAN_POINT('Ctrl Pts',(-54.851809543874,-2.8,4.26825766170136));
#8530=CARTESIAN_POINT('Ctrl Pts',(-54.6601814344188,-2.,4.75643517438106));
#8531=CARTESIAN_POINT('Ctrl Pts',(-54.6601814344188,-2.8,4.75643517438106));
#8532=CARTESIAN_POINT('Ctrl Pts',(-54.5326750705084,-2.,5.26544982933461));
#8533=CARTESIAN_POINT('Ctrl Pts',(-54.5326750705084,-2.8,5.26544982933461));
#8534=CARTESIAN_POINT('Ctrl Pts',(-54.4556611776352,-2.,5.57289487682283));
#8535=CARTESIAN_POINT('Ctrl Pts',(-54.4556611776352,-2.8,5.57289487682283));
#8536=CARTESIAN_POINT('',(-54.9276942014694,-2.,4.0749395545572));
#8537=CARTESIAN_POINT('Ctrl Pts',(-54.4556611776352,-2.,5.57289487682283));
#8538=CARTESIAN_POINT('Ctrl Pts',(-54.5326750705084,-2.,5.26544982933461));
#8539=CARTESIAN_POINT('Ctrl Pts',(-54.6601814344188,-2.,4.75643517438106));
#8540=CARTESIAN_POINT('Ctrl Pts',(-54.851809543874,-2.,4.26825766170136));
#8541=CARTESIAN_POINT('Ctrl Pts',(-54.9276942014694,-2.,4.0749395545572));
#8542=CARTESIAN_POINT('',(-54.9276942014694,-2.8,4.0749395545572));
#8543=CARTESIAN_POINT('Ctrl Pts',(-54.9276942014694,-2.8,4.0749395545572));
#8544=CARTESIAN_POINT('Ctrl Pts',(-54.851809543874,-2.8,4.26825766170136));
#8545=CARTESIAN_POINT('Ctrl Pts',(-54.6601814344188,-2.8,4.75643517438106));
#8546=CARTESIAN_POINT('Ctrl Pts',(-54.5326750705084,-2.8,5.26544982933461));
#8547=CARTESIAN_POINT('Ctrl Pts',(-54.4556611776352,-2.8,5.57289487682283));
#8548=CARTESIAN_POINT('',(-54.9276942014694,-2.,4.0749395545572));
#8549=CARTESIAN_POINT('Ctrl Pts',(-55.4788535833359,-2.,3.4419263061136));
#8550=CARTESIAN_POINT('Ctrl Pts',(-55.4788535833359,-2.8,3.4419263061136));
#8551=CARTESIAN_POINT('Ctrl Pts',(-55.3669593417063,-2.,3.5241871811394));
#8552=CARTESIAN_POINT('Ctrl Pts',(-55.3669593417063,-2.8,3.5241871811394));
#8553=CARTESIAN_POINT('Ctrl Pts',(-55.1361817638897,-2.,3.69384707794059));
#8554=CARTESIAN_POINT('Ctrl Pts',(-55.1361817638897,-2.8,3.69384707794059));
#8555=CARTESIAN_POINT('Ctrl Pts',(-54.9985791530936,-2.,3.94536961064439));
#8556=CARTESIAN_POINT('Ctrl Pts',(-54.9985791530936,-2.8,3.94536961064439));
#8557=CARTESIAN_POINT('Ctrl Pts',(-54.9276942014694,-2.,4.0749395545572));
#8558=CARTESIAN_POINT('Ctrl Pts',(-54.9276942014694,-2.8,4.0749395545572));
#8559=CARTESIAN_POINT('',(-55.4788535833359,-2.,3.4419263061136));
#8560=CARTESIAN_POINT('Ctrl Pts',(-54.9276942014694,-2.,4.0749395545572));
#8561=CARTESIAN_POINT('Ctrl Pts',(-54.9985791530936,-2.,3.94536961064439));
#8562=CARTESIAN_POINT('Ctrl Pts',(-55.1361817638897,-2.,3.69384707794059));
#8563=CARTESIAN_POINT('Ctrl Pts',(-55.3669593417063,-2.,3.5241871811394));
#8564=CARTESIAN_POINT('Ctrl Pts',(-55.4788535833359,-2.,3.4419263061136));
#8565=CARTESIAN_POINT('',(-55.4788535833359,-2.8,3.4419263061136));
#8566=CARTESIAN_POINT('Ctrl Pts',(-55.4788535833359,-2.8,3.4419263061136));
#8567=CARTESIAN_POINT('Ctrl Pts',(-55.3669593417063,-2.8,3.5241871811394));
#8568=CARTESIAN_POINT('Ctrl Pts',(-55.1361817638897,-2.8,3.69384707794059));
#8569=CARTESIAN_POINT('Ctrl Pts',(-54.9985791530936,-2.8,3.94536961064439));
#8570=CARTESIAN_POINT('Ctrl Pts',(-54.9276942014694,-2.8,4.0749395545572));
#8571=CARTESIAN_POINT('',(-55.4788535833359,-2.,3.4419263061136));
#8572=CARTESIAN_POINT('Ctrl Pts',(-56.2564796209335,-2.,3.22637206874788));
#8573=CARTESIAN_POINT('Ctrl Pts',(-56.2564796209335,-2.8,3.22637206874788));
#8574=CARTESIAN_POINT('Ctrl Pts',(-56.1181530143543,-2.,3.23505770331064));
#8575=CARTESIAN_POINT('Ctrl Pts',(-56.1181530143543,-2.8,3.23505770331064));
#8576=CARTESIAN_POINT('Ctrl Pts',(-55.84373620853,-2.,3.25228854669076));
#8577=CARTESIAN_POINT('Ctrl Pts',(-55.84373620853,-2.8,3.25228854669076));
#8578=CARTESIAN_POINT('Ctrl Pts',(-55.5998185085394,-2.,3.37905809644717));
#8579=CARTESIAN_POINT('Ctrl Pts',(-55.5998185085394,-2.8,3.37905809644717));
#8580=CARTESIAN_POINT('Ctrl Pts',(-55.4788535833359,-2.,3.4419263061136));
#8581=CARTESIAN_POINT('Ctrl Pts',(-55.4788535833359,-2.8,3.4419263061136));
#8582=CARTESIAN_POINT('',(-56.2564796209335,-2.,3.22637206874788));
#8583=CARTESIAN_POINT('Ctrl Pts',(-55.4788535833359,-2.,3.4419263061136));
#8584=CARTESIAN_POINT('Ctrl Pts',(-55.5998185085394,-2.,3.37905809644717));
#8585=CARTESIAN_POINT('Ctrl Pts',(-55.84373620853,-2.,3.25228854669076));
#8586=CARTESIAN_POINT('Ctrl Pts',(-56.1181530143543,-2.,3.23505770331064));
#8587=CARTESIAN_POINT('Ctrl Pts',(-56.2564796209335,-2.,3.22637206874788));
#8588=CARTESIAN_POINT('',(-56.2564796209335,-2.8,3.22637206874788));
#8589=CARTESIAN_POINT('Ctrl Pts',(-56.2564796209335,-2.8,3.22637206874788));
#8590=CARTESIAN_POINT('Ctrl Pts',(-56.1181530143543,-2.8,3.23505770331064));
#8591=CARTESIAN_POINT('Ctrl Pts',(-55.84373620853,-2.8,3.25228854669076));
#8592=CARTESIAN_POINT('Ctrl Pts',(-55.5998185085394,-2.8,3.37905809644717));
#8593=CARTESIAN_POINT('Ctrl Pts',(-55.4788535833359,-2.8,3.4419263061136));
#8594=CARTESIAN_POINT('',(-56.2564796209335,-2.,3.22637206874788));
#8595=CARTESIAN_POINT('Ctrl Pts',(-56.9740790128708,-2.,3.40372688136995));
#8596=CARTESIAN_POINT('Ctrl Pts',(-56.9740790128708,-2.8,3.40372688136995));
#8597=CARTESIAN_POINT('Ctrl Pts',(-56.8610887398173,-2.,3.35199950458342));
#8598=CARTESIAN_POINT('Ctrl Pts',(-56.8610887398173,-2.8,3.35199950458342));
#8599=CARTESIAN_POINT('Ctrl Pts',(-56.6331238114063,-2.,3.24763629324365));
#8600=CARTESIAN_POINT('Ctrl Pts',(-56.6331238114063,-2.8,3.24763629324365));
#8601=CARTESIAN_POINT('Ctrl Pts',(-56.3827541545296,-2.,3.23350115794773));
#8602=CARTESIAN_POINT('Ctrl Pts',(-56.3827541545296,-2.8,3.23350115794773));
#8603=CARTESIAN_POINT('Ctrl Pts',(-56.2564796209335,-2.,3.22637206874788));
#8604=CARTESIAN_POINT('Ctrl Pts',(-56.2564796209335,-2.8,3.22637206874788));
#8605=CARTESIAN_POINT('',(-56.9740790128708,-2.,3.40372688136995));
#8606=CARTESIAN_POINT('Ctrl Pts',(-56.2564796209335,-2.,3.22637206874788));
#8607=CARTESIAN_POINT('Ctrl Pts',(-56.3827541545296,-2.,3.23350115794773));
#8608=CARTESIAN_POINT('Ctrl Pts',(-56.6331238114063,-2.,3.24763629324365));
#8609=CARTESIAN_POINT('Ctrl Pts',(-56.8610887398173,-2.,3.35199950458342));
#8610=CARTESIAN_POINT('Ctrl Pts',(-56.9740790128708,-2.,3.40372688136995));
#8611=CARTESIAN_POINT('',(-56.9740790128708,-2.8,3.40372688136995));
#8612=CARTESIAN_POINT('Ctrl Pts',(-56.9740790128708,-2.8,3.40372688136995));
#8613=CARTESIAN_POINT('Ctrl Pts',(-56.8610887398173,-2.8,3.35199950458342));
#8614=CARTESIAN_POINT('Ctrl Pts',(-56.6331238114063,-2.8,3.24763629324365));
#8615=CARTESIAN_POINT('Ctrl Pts',(-56.3827541545296,-2.8,3.23350115794773));
#8616=CARTESIAN_POINT('Ctrl Pts',(-56.2564796209335,-2.8,3.22637206874788));
#8617=CARTESIAN_POINT('',(-56.9740790128708,-2.,3.40372688136995));
#8618=CARTESIAN_POINT('Ctrl Pts',(-57.5225096940994,-2.,3.88667232356966));
#8619=CARTESIAN_POINT('Ctrl Pts',(-57.5225096940994,-2.8,3.88667232356966));
#8620=CARTESIAN_POINT('Ctrl Pts',(-57.4451178137384,-2.,3.79016721450459));
#8621=CARTESIAN_POINT('Ctrl Pts',(-57.4451178137384,-2.8,3.79016721450459));
#8622=CARTESIAN_POINT('Ctrl Pts',(-57.2904170122444,-2.,3.59726044378174));
#8623=CARTESIAN_POINT('Ctrl Pts',(-57.2904170122444,-2.8,3.59726044378174));
#8624=CARTESIAN_POINT('Ctrl Pts',(-57.0794873085578,-2.,3.46821500171102));
#8625=CARTESIAN_POINT('Ctrl Pts',(-57.0794873085578,-2.8,3.46821500171102));
#8626=CARTESIAN_POINT('Ctrl Pts',(-56.9740790128708,-2.,3.40372688136995));
#8627=CARTESIAN_POINT('Ctrl Pts',(-56.9740790128708,-2.8,3.40372688136995));
#8628=CARTESIAN_POINT('',(-57.5225096940994,-2.,3.88667232356966));
#8629=CARTESIAN_POINT('Ctrl Pts',(-56.9740790128708,-2.,3.40372688136995));
#8630=CARTESIAN_POINT('Ctrl Pts',(-57.0794873085578,-2.,3.46821500171102));
#8631=CARTESIAN_POINT('Ctrl Pts',(-57.2904170122444,-2.,3.59726044378174));
#8632=CARTESIAN_POINT('Ctrl Pts',(-57.4451178137384,-2.,3.79016721450459));
#8633=CARTESIAN_POINT('Ctrl Pts',(-57.5225096940994,-2.,3.88667232356966));
#8634=CARTESIAN_POINT('',(-57.5225096940994,-2.8,3.88667232356966));
#8635=CARTESIAN_POINT('Ctrl Pts',(-57.5225096940994,-2.8,3.88667232356966));
#8636=CARTESIAN_POINT('Ctrl Pts',(-57.4451178137384,-2.8,3.79016721450459));
#8637=CARTESIAN_POINT('Ctrl Pts',(-57.2904170122444,-2.8,3.59726044378174));
#8638=CARTESIAN_POINT('Ctrl Pts',(-57.0794873085578,-2.8,3.46821500171102));
#8639=CARTESIAN_POINT('Ctrl Pts',(-56.9740790128708,-2.8,3.40372688136995));
#8640=CARTESIAN_POINT('',(-57.5225096940994,-2.,3.88667232356966));
#8641=CARTESIAN_POINT('Ctrl Pts',(-57.8090035915375,-2.,4.51150304637849));
#8642=CARTESIAN_POINT('Ctrl Pts',(-57.8090035915375,-2.8,4.51150304637849));
#8643=CARTESIAN_POINT('Ctrl Pts',(-57.7708792322493,-2.,4.39101166631275));
#8644=CARTESIAN_POINT('Ctrl Pts',(-57.7708792322493,-2.8,4.39101166631275));
#8645=CARTESIAN_POINT('Ctrl Pts',(-57.7011596973696,-2.,4.17066427865758));
#8646=CARTESIAN_POINT('Ctrl Pts',(-57.7011596973696,-2.8,4.17066427865758));
#8647=CARTESIAN_POINT('Ctrl Pts',(-57.5782220205374,-2.,3.97523572809237));
#8648=CARTESIAN_POINT('Ctrl Pts',(-57.5782220205374,-2.8,3.97523572809237));
#8649=CARTESIAN_POINT('Ctrl Pts',(-57.5225096940994,-2.,3.88667232356966));
#8650=CARTESIAN_POINT('Ctrl Pts',(-57.5225096940994,-2.8,3.88667232356966));
#8651=CARTESIAN_POINT('',(-57.8090035915375,-2.,4.51150304637849));
#8652=CARTESIAN_POINT('Ctrl Pts',(-57.5225096940994,-2.,3.88667232356966));
#8653=CARTESIAN_POINT('Ctrl Pts',(-57.5782220205374,-2.,3.97523572809237));
#8654=CARTESIAN_POINT('Ctrl Pts',(-57.7011596973696,-2.,4.17066427865758));
#8655=CARTESIAN_POINT('Ctrl Pts',(-57.7708792322493,-2.,4.39101166631275));
#8656=CARTESIAN_POINT('Ctrl Pts',(-57.8090035915375,-2.,4.51150304637849));
#8657=CARTESIAN_POINT('',(-57.8090035915375,-2.8,4.51150304637849));
#8658=CARTESIAN_POINT('Ctrl Pts',(-57.8090035915375,-2.8,4.51150304637849));
#8659=CARTESIAN_POINT('Ctrl Pts',(-57.7708792322493,-2.8,4.39101166631275));
#8660=CARTESIAN_POINT('Ctrl Pts',(-57.7011596973696,-2.8,4.17066427865758));
#8661=CARTESIAN_POINT('Ctrl Pts',(-57.5782220205374,-2.8,3.97523572809237));
#8662=CARTESIAN_POINT('Ctrl Pts',(-57.5225096940994,-2.8,3.88667232356966));
#8663=CARTESIAN_POINT('',(-57.8090035915375,-2.,4.51150304637849));
#8664=CARTESIAN_POINT('Ctrl Pts',(-57.9263299703598,-2.,5.36007053218782));
#8665=CARTESIAN_POINT('Ctrl Pts',(-57.9263299703598,-2.8,5.36007053218782));
#8666=CARTESIAN_POINT('Ctrl Pts',(-57.9219202316671,-2.,5.21311600465709));
#8667=CARTESIAN_POINT('Ctrl Pts',(-57.9219202316671,-2.8,5.21311600465709));
#8668=CARTESIAN_POINT('Ctrl Pts',(-57.9133043235081,-2.,4.92599089340083));
#8669=CARTESIAN_POINT('Ctrl Pts',(-57.9133043235081,-2.8,4.92599089340083));
#8670=CARTESIAN_POINT('Ctrl Pts',(-57.8432185266632,-2.,4.6474721285541));
#8671=CARTESIAN_POINT('Ctrl Pts',(-57.8432185266632,-2.8,4.6474721285541));
#8672=CARTESIAN_POINT('Ctrl Pts',(-57.8090035915375,-2.,4.51150304637849));
#8673=CARTESIAN_POINT('Ctrl Pts',(-57.8090035915375,-2.8,4.51150304637849));
#8674=CARTESIAN_POINT('',(-57.9263299703598,-2.,5.36007053218782));
#8675=CARTESIAN_POINT('Ctrl Pts',(-57.8090035915375,-2.,4.51150304637849));
#8676=CARTESIAN_POINT('Ctrl Pts',(-57.8432185266632,-2.,4.6474721285541));
#8677=CARTESIAN_POINT('Ctrl Pts',(-57.9133043235081,-2.,4.92599089340083));
#8678=CARTESIAN_POINT('Ctrl Pts',(-57.9219202316671,-2.,5.21311600465709));
#8679=CARTESIAN_POINT('Ctrl Pts',(-57.9263299703598,-2.,5.36007053218782));
#8680=CARTESIAN_POINT('',(-57.9263299703598,-2.8,5.36007053218782));
#8681=CARTESIAN_POINT('Ctrl Pts',(-57.9263299703598,-2.8,5.36007053218782));
#8682=CARTESIAN_POINT('Ctrl Pts',(-57.9219202316671,-2.8,5.21311600465709));
#8683=CARTESIAN_POINT('Ctrl Pts',(-57.9133043235081,-2.8,4.92599089340083));
#8684=CARTESIAN_POINT('Ctrl Pts',(-57.8432185266632,-2.8,4.6474721285541));
#8685=CARTESIAN_POINT('Ctrl Pts',(-57.8090035915375,-2.8,4.51150304637849));
#8686=CARTESIAN_POINT('',(-57.9263299703598,-2.,5.36007053218782));
#8687=CARTESIAN_POINT('Ctrl Pts',(-57.7298772335052,-2.,6.55788785777986));
#8688=CARTESIAN_POINT('Ctrl Pts',(-57.7298772335052,-2.8,6.55788785777986));
#8689=CARTESIAN_POINT('Ctrl Pts',(-57.7871305476307,-2.,6.37349797772653));
#8690=CARTESIAN_POINT('Ctrl Pts',(-57.7871305476307,-2.8,6.37349797772653));
#8691=CARTESIAN_POINT('Ctrl Pts',(-57.9081876141077,-2.,5.98362189267793));
#8692=CARTESIAN_POINT('Ctrl Pts',(-57.9081876141077,-2.8,5.98362189267793));
#8693=CARTESIAN_POINT('Ctrl Pts',(-57.9200682302424,-2.,5.57528604857081));
#8694=CARTESIAN_POINT('Ctrl Pts',(-57.9200682302424,-2.8,5.57528604857081));
#8695=CARTESIAN_POINT('Ctrl Pts',(-57.9263299703598,-2.,5.36007053218782));
#8696=CARTESIAN_POINT('Ctrl Pts',(-57.9263299703598,-2.8,5.36007053218782));
#8697=CARTESIAN_POINT('',(-57.7298772335052,-2.,6.55788785777986));
#8698=CARTESIAN_POINT('Ctrl Pts',(-57.9263299703598,-2.,5.36007053218782));
#8699=CARTESIAN_POINT('Ctrl Pts',(-57.9200682302424,-2.,5.57528604857081));
#8700=CARTESIAN_POINT('Ctrl Pts',(-57.9081876141077,-2.,5.98362189267793));
#8701=CARTESIAN_POINT('Ctrl Pts',(-57.7871305476307,-2.,6.37349797772653));
#8702=CARTESIAN_POINT('Ctrl Pts',(-57.7298772335052,-2.,6.55788785777986));
#8703=CARTESIAN_POINT('',(-57.7298772335052,-2.8,6.55788785777986));
#8704=CARTESIAN_POINT('Ctrl Pts',(-57.7298772335052,-2.8,6.55788785777986));
#8705=CARTESIAN_POINT('Ctrl Pts',(-57.7871305476307,-2.8,6.37349797772653));
#8706=CARTESIAN_POINT('Ctrl Pts',(-57.9081876141077,-2.8,5.98362189267793));
#8707=CARTESIAN_POINT('Ctrl Pts',(-57.9200682302424,-2.8,5.57528604857081));
#8708=CARTESIAN_POINT('Ctrl Pts',(-57.9263299703598,-2.8,5.36007053218782));
#8709=CARTESIAN_POINT('',(-57.7298772335052,-2.,6.55788785777986));
#8710=CARTESIAN_POINT('Ctrl Pts',(-57.1978169679642,-2.,7.31914169155061));
#8711=CARTESIAN_POINT('Ctrl Pts',(-57.1978169679642,-2.8,7.31914169155061));
#8712=CARTESIAN_POINT('Ctrl Pts',(-57.3059335436424,-2.,7.22038648075998));
#8713=CARTESIAN_POINT('Ctrl Pts',(-57.3059335436424,-2.8,7.22038648075998));
#8714=CARTESIAN_POINT('Ctrl Pts',(-57.5396245838301,-2.,7.00692977637539));
#8715=CARTESIAN_POINT('Ctrl Pts',(-57.5396245838301,-2.8,7.00692977637539));
#8716=CARTESIAN_POINT('Ctrl Pts',(-57.6633780169311,-2.,6.71484197035873));
#8717=CARTESIAN_POINT('Ctrl Pts',(-57.6633780169311,-2.8,6.71484197035873));
#8718=CARTESIAN_POINT('Ctrl Pts',(-57.7298772335052,-2.,6.55788785777986));
#8719=CARTESIAN_POINT('Ctrl Pts',(-57.7298772335052,-2.8,6.55788785777986));
#8720=CARTESIAN_POINT('',(-57.1978169679642,-2.,7.31914169155061));
#8721=CARTESIAN_POINT('Ctrl Pts',(-57.7298772335052,-2.,6.55788785777986));
#8722=CARTESIAN_POINT('Ctrl Pts',(-57.6633780169311,-2.,6.71484197035873));
#8723=CARTESIAN_POINT('Ctrl Pts',(-57.5396245838301,-2.,7.00692977637539));
#8724=CARTESIAN_POINT('Ctrl Pts',(-57.3059335436424,-2.,7.22038648075998));
#8725=CARTESIAN_POINT('Ctrl Pts',(-57.1978169679642,-2.,7.31914169155061));
#8726=CARTESIAN_POINT('',(-57.1978169679642,-2.8,7.31914169155061));
#8727=CARTESIAN_POINT('Ctrl Pts',(-57.1978169679642,-2.8,7.31914169155061));
#8728=CARTESIAN_POINT('Ctrl Pts',(-57.3059335436424,-2.8,7.22038648075998));
#8729=CARTESIAN_POINT('Ctrl Pts',(-57.5396245838301,-2.8,7.00692977637539));
#8730=CARTESIAN_POINT('Ctrl Pts',(-57.6633780169311,-2.8,6.71484197035873));
#8731=CARTESIAN_POINT('Ctrl Pts',(-57.7298772335052,-2.8,6.55788785777986));
#8732=CARTESIAN_POINT('',(-57.1978169679642,-2.,7.31914169155061));
#8733=CARTESIAN_POINT('Ctrl Pts',(-56.3001364469528,-2.,7.65747672878206));
#8734=CARTESIAN_POINT('Ctrl Pts',(-56.3001364469528,-2.8,7.65747672878206));
#8735=CARTESIAN_POINT('Ctrl Pts',(-56.472573330148,-2.,7.6240098303404));
#8736=CARTESIAN_POINT('Ctrl Pts',(-56.472573330148,-2.8,7.6240098303404));
#8737=CARTESIAN_POINT('Ctrl Pts',(-56.7915289004497,-2.,7.56210628928297));
#8738=CARTESIAN_POINT('Ctrl Pts',(-56.7915289004497,-2.8,7.56210628928297));
#8739=CARTESIAN_POINT('Ctrl Pts',(-57.069928490155,-2.,7.39562036530442));
#8740=CARTESIAN_POINT('Ctrl Pts',(-57.069928490155,-2.8,7.39562036530442));
#8741=CARTESIAN_POINT('Ctrl Pts',(-57.1978169679642,-2.,7.31914169155061));
#8742=CARTESIAN_POINT('Ctrl Pts',(-57.1978169679642,-2.8,7.31914169155061));
#8743=CARTESIAN_POINT('',(-56.3001364469528,-2.,7.65747672878206));
#8744=CARTESIAN_POINT('Ctrl Pts',(-57.1978169679642,-2.,7.31914169155061));
#8745=CARTESIAN_POINT('Ctrl Pts',(-57.069928490155,-2.,7.39562036530442));
#8746=CARTESIAN_POINT('Ctrl Pts',(-56.7915289004497,-2.,7.56210628928297));
#8747=CARTESIAN_POINT('Ctrl Pts',(-56.472573330148,-2.,7.6240098303404));
#8748=CARTESIAN_POINT('Ctrl Pts',(-56.3001364469528,-2.,7.65747672878206));
#8749=CARTESIAN_POINT('',(-56.3001364469528,-2.8,7.65747672878206));
#8750=CARTESIAN_POINT('Ctrl Pts',(-56.3001364469528,-2.8,7.65747672878206));
#8751=CARTESIAN_POINT('Ctrl Pts',(-56.472573330148,-2.8,7.6240098303404));
#8752=CARTESIAN_POINT('Ctrl Pts',(-56.7915289004497,-2.8,7.56210628928297));
#8753=CARTESIAN_POINT('Ctrl Pts',(-57.069928490155,-2.8,7.39562036530442));
#8754=CARTESIAN_POINT('Ctrl Pts',(-57.1978169679642,-2.8,7.31914169155061));
#8755=CARTESIAN_POINT('',(-56.3001364469528,-2.,7.65747672878206));
#8756=CARTESIAN_POINT('Origin',(-56.1691671609879,-2.,6.69704086147249));
#8757=CARTESIAN_POINT('',(-56.1691671609879,-2.,6.69704086147249));
#8758=CARTESIAN_POINT('',(-55.4014671368435,-1.99999999999997,1.06727329352627));
#8759=CARTESIAN_POINT('',(-56.1691671609879,-2.8,6.69704086147249));
#8760=CARTESIAN_POINT('',(-56.3001364469528,-2.8,7.65747672878206));
#8761=CARTESIAN_POINT('',(-56.1691671609879,-2.,6.69704086147249));
#8762=CARTESIAN_POINT('Ctrl Pts',(-56.8676668405533,-2.,6.31777889095247));
#8763=CARTESIAN_POINT('Ctrl Pts',(-56.8676668405533,-2.8,6.31777889095247));
#8764=CARTESIAN_POINT('Ctrl Pts',(-56.7734980923722,-2.,6.41233915509412));
#8765=CARTESIAN_POINT('Ctrl Pts',(-56.7734980923722,-2.8,6.41233915509412));
#8766=CARTESIAN_POINT('Ctrl Pts',(-56.5787712881334,-2.,6.60787555543881));
#8767=CARTESIAN_POINT('Ctrl Pts',(-56.5787712881334,-2.8,6.60787555543881));
#8768=CARTESIAN_POINT('Ctrl Pts',(-56.3086561775857,-2.,6.66667597980013));
#8769=CARTESIAN_POINT('Ctrl Pts',(-56.3086561775857,-2.8,6.66667597980013));
#8770=CARTESIAN_POINT('Ctrl Pts',(-56.1691671609879,-2.,6.69704086147249));
#8771=CARTESIAN_POINT('Ctrl Pts',(-56.1691671609879,-2.8,6.69704086147249));
#8772=CARTESIAN_POINT('',(-56.8676668405533,-2.,6.31777889095247));
#8773=CARTESIAN_POINT('Ctrl Pts',(-56.1691671609879,-2.,6.69704086147249));
#8774=CARTESIAN_POINT('Ctrl Pts',(-56.3086561775857,-2.,6.66667597980013));
#8775=CARTESIAN_POINT('Ctrl Pts',(-56.5787712881334,-2.,6.60787555543881));
#8776=CARTESIAN_POINT('Ctrl Pts',(-56.7734980923722,-2.,6.41233915509412));
#8777=CARTESIAN_POINT('Ctrl Pts',(-56.8676668405533,-2.,6.31777889095247));
#8778=CARTESIAN_POINT('',(-56.8676668405533,-2.8,6.31777889095247));
#8779=CARTESIAN_POINT('Ctrl Pts',(-56.8676668405533,-2.8,6.31777889095247));
#8780=CARTESIAN_POINT('Ctrl Pts',(-56.7734980923722,-2.8,6.41233915509412));
#8781=CARTESIAN_POINT('Ctrl Pts',(-56.5787712881334,-2.8,6.60787555543881));
#8782=CARTESIAN_POINT('Ctrl Pts',(-56.3086561775857,-2.8,6.66667597980013));
#8783=CARTESIAN_POINT('Ctrl Pts',(-56.1691671609879,-2.8,6.69704086147249));
#8784=CARTESIAN_POINT('',(-56.8676668405533,-2.,6.31777889095247));
#8785=CARTESIAN_POINT('Ctrl Pts',(-57.1186900138855,-2.,5.43101198039949));
#8786=CARTESIAN_POINT('Ctrl Pts',(-57.1186900138855,-2.8,5.43101198039949));
#8787=CARTESIAN_POINT('Ctrl Pts',(-57.1128561695885,-2.,5.60494404244606));
#8788=CARTESIAN_POINT('Ctrl Pts',(-57.1128561695885,-2.8,5.60494404244606));
#8789=CARTESIAN_POINT('Ctrl Pts',(-57.1022051394768,-2.,5.92249719195699));
#8790=CARTESIAN_POINT('Ctrl Pts',(-57.1022051394768,-2.8,5.92249719195699));
#8791=CARTESIAN_POINT('Ctrl Pts',(-56.9407078798021,-2.,6.19467837294255));
#8792=CARTESIAN_POINT('Ctrl Pts',(-56.9407078798021,-2.8,6.19467837294255));
#8793=CARTESIAN_POINT('Ctrl Pts',(-56.8676668405533,-2.,6.31777889095247));
#8794=CARTESIAN_POINT('Ctrl Pts',(-56.8676668405533,-2.8,6.31777889095247));
#8795=CARTESIAN_POINT('',(-57.1186900138855,-2.,5.43101198039949));
#8796=CARTESIAN_POINT('Ctrl Pts',(-56.8676668405533,-2.,6.31777889095247));
#8797=CARTESIAN_POINT('Ctrl Pts',(-56.9407078798021,-2.,6.19467837294255));
#8798=CARTESIAN_POINT('Ctrl Pts',(-57.1022051394768,-2.,5.92249719195699));
#8799=CARTESIAN_POINT('Ctrl Pts',(-57.1128561695885,-2.,5.60494404244606));
#8800=CARTESIAN_POINT('Ctrl Pts',(-57.1186900138855,-2.,5.43101198039949));
#8801=CARTESIAN_POINT('',(-57.1186900138855,-2.8,5.43101198039949));
#8802=CARTESIAN_POINT('Ctrl Pts',(-57.1186900138855,-2.8,5.43101198039949));
#8803=CARTESIAN_POINT('Ctrl Pts',(-57.1128561695885,-2.8,5.60494404244606));
#8804=CARTESIAN_POINT('Ctrl Pts',(-57.1022051394768,-2.8,5.92249719195699));
#8805=CARTESIAN_POINT('Ctrl Pts',(-56.9407078798021,-2.8,6.19467837294255));
#8806=CARTESIAN_POINT('Ctrl Pts',(-56.8676668405533,-2.8,6.31777889095247));
#8807=CARTESIAN_POINT('',(-57.1186900138855,-2.,5.43101198039949));
#8808=CARTESIAN_POINT('Ctrl Pts',(-56.8949520587921,-2.,4.46511632762849));
#8809=CARTESIAN_POINT('Ctrl Pts',(-56.8949520587921,-2.8,4.46511632762849));
#8810=CARTESIAN_POINT('Ctrl Pts',(-56.9597929838071,-2.,4.59150804610577));
#8811=CARTESIAN_POINT('Ctrl Pts',(-56.9597929838071,-2.8,4.59150804610577));
#8812=CARTESIAN_POINT('Ctrl Pts',(-57.1143540629914,-2.,4.89278752975443));
#8813=CARTESIAN_POINT('Ctrl Pts',(-57.1143540629914,-2.8,4.89278752975443));
#8814=CARTESIAN_POINT('Ctrl Pts',(-57.1170974962068,-2.,5.23333170825318));
#8815=CARTESIAN_POINT('Ctrl Pts',(-57.1170974962068,-2.8,5.23333170825318));
#8816=CARTESIAN_POINT('Ctrl Pts',(-57.1186900138855,-2.,5.43101198039949));
#8817=CARTESIAN_POINT('Ctrl Pts',(-57.1186900138855,-2.8,5.43101198039949));
#8818=CARTESIAN_POINT('',(-56.8949520587921,-2.,4.46511632762849));
#8819=CARTESIAN_POINT('Ctrl Pts',(-57.1186900138855,-2.,5.43101198039949));
#8820=CARTESIAN_POINT('Ctrl Pts',(-57.1170974962068,-2.,5.23333170825318));
#8821=CARTESIAN_POINT('Ctrl Pts',(-57.1143540629914,-2.,4.89278752975443));
#8822=CARTESIAN_POINT('Ctrl Pts',(-56.9597929838071,-2.,4.59150804610577));
#8823=CARTESIAN_POINT('Ctrl Pts',(-56.8949520587921,-2.,4.46511632762849));
#8824=CARTESIAN_POINT('',(-56.8949520587921,-2.8,4.46511632762849));
#8825=CARTESIAN_POINT('Ctrl Pts',(-56.8949520587921,-2.8,4.46511632762849));
#8826=CARTESIAN_POINT('Ctrl Pts',(-56.9597929838071,-2.8,4.59150804610577));
#8827=CARTESIAN_POINT('Ctrl Pts',(-57.1143540629914,-2.8,4.89278752975443));
#8828=CARTESIAN_POINT('Ctrl Pts',(-57.1170974962068,-2.8,5.23333170825318));
#8829=CARTESIAN_POINT('Ctrl Pts',(-57.1186900138855,-2.8,5.43101198039949));
#8830=CARTESIAN_POINT('',(-56.8949520587921,-2.,4.46511632762849));
#8831=CARTESIAN_POINT('Ctrl Pts',(-56.3710778951645,-2.,4.17589551769197));
#8832=CARTESIAN_POINT('Ctrl Pts',(-56.3710778951645,-2.8,4.17589551769197));
#8833=CARTESIAN_POINT('Ctrl Pts',(-56.4698316833665,-2.,4.19049292385055));
#8834=CARTESIAN_POINT('Ctrl Pts',(-56.4698316833665,-2.8,4.19049292385055));
#8835=CARTESIAN_POINT('Ctrl Pts',(-56.6793937295298,-2.,4.22146958164732));
#8836=CARTESIAN_POINT('Ctrl Pts',(-56.6793937295298,-2.8,4.22146958164732));
#8837=CARTESIAN_POINT('Ctrl Pts',(-56.820395701205,-2.,4.38084487321304));
#8838=CARTESIAN_POINT('Ctrl Pts',(-56.820395701205,-2.8,4.38084487321304));
#8839=CARTESIAN_POINT('Ctrl Pts',(-56.8949520587921,-2.,4.46511632762849));
#8840=CARTESIAN_POINT('Ctrl Pts',(-56.8949520587921,-2.8,4.46511632762849));
#8841=CARTESIAN_POINT('',(-56.3710778951645,-2.,4.17589551769197));
#8842=CARTESIAN_POINT('Ctrl Pts',(-56.8949520587921,-2.,4.46511632762849));
#8843=CARTESIAN_POINT('Ctrl Pts',(-56.820395701205,-2.,4.38084487321304));
#8844=CARTESIAN_POINT('Ctrl Pts',(-56.6793937295298,-2.,4.22146958164732));
#8845=CARTESIAN_POINT('Ctrl Pts',(-56.4698316833665,-2.,4.19049292385055));
#8846=CARTESIAN_POINT('Ctrl Pts',(-56.3710778951645,-2.,4.17589551769197));
#8847=CARTESIAN_POINT('',(-56.3710778951645,-2.8,4.17589551769197));
#8848=CARTESIAN_POINT('Ctrl Pts',(-56.3710778951645,-2.8,4.17589551769197));
#8849=CARTESIAN_POINT('Ctrl Pts',(-56.4698316833665,-2.8,4.19049292385055));
#8850=CARTESIAN_POINT('Ctrl Pts',(-56.6793937295298,-2.8,4.22146958164732));
#8851=CARTESIAN_POINT('Ctrl Pts',(-56.820395701205,-2.8,4.38084487321304));
#8852=CARTESIAN_POINT('Ctrl Pts',(-56.8949520587921,-2.8,4.46511632762849));
#8853=CARTESIAN_POINT('',(-56.3710778951645,-2.,4.17589551769197));
#8854=CARTESIAN_POINT('Ctrl Pts',(-56.027284860611,-2.,4.29594880901277));
#8855=CARTESIAN_POINT('Ctrl Pts',(-56.027284860611,-2.8,4.29594880901277));
#8856=CARTESIAN_POINT('Ctrl Pts',(-56.0796582847513,-2.,4.26093288890015));
#8857=CARTESIAN_POINT('Ctrl Pts',(-56.0796582847513,-2.8,4.26093288890015));
#8858=CARTESIAN_POINT('Ctrl Pts',(-56.183916149769,-2.,4.19122797400309));
#8859=CARTESIAN_POINT('Ctrl Pts',(-56.183916149769,-2.8,4.19122797400309));
#8860=CARTESIAN_POINT('Ctrl Pts',(-56.3088860218102,-2.,4.18099033115984));
#8861=CARTESIAN_POINT('Ctrl Pts',(-56.3088860218102,-2.8,4.18099033115984));
#8862=CARTESIAN_POINT('Ctrl Pts',(-56.3710778951645,-2.,4.17589551769197));
#8863=CARTESIAN_POINT('Ctrl Pts',(-56.3710778951645,-2.8,4.17589551769197));
#8864=CARTESIAN_POINT('',(-56.027284860611,-2.,4.29594880901277));
#8865=CARTESIAN_POINT('Ctrl Pts',(-56.3710778951645,-2.,4.17589551769197));
#8866=CARTESIAN_POINT('Ctrl Pts',(-56.3088860218102,-2.,4.18099033115984));
#8867=CARTESIAN_POINT('Ctrl Pts',(-56.183916149769,-2.,4.19122797400309));
#8868=CARTESIAN_POINT('Ctrl Pts',(-56.0796582847513,-2.,4.26093288890015));
#8869=CARTESIAN_POINT('Ctrl Pts',(-56.027284860611,-2.,4.29594880901277));
#8870=CARTESIAN_POINT('',(-56.027284860611,-2.8,4.29594880901277));
#8871=CARTESIAN_POINT('Ctrl Pts',(-56.027284860611,-2.8,4.29594880901277));
#8872=CARTESIAN_POINT('Ctrl Pts',(-56.0796582847513,-2.8,4.26093288890015));
#8873=CARTESIAN_POINT('Ctrl Pts',(-56.183916149769,-2.8,4.19122797400309));
#8874=CARTESIAN_POINT('Ctrl Pts',(-56.3088860218102,-2.8,4.18099033115984));
#8875=CARTESIAN_POINT('Ctrl Pts',(-56.3710778951645,-2.8,4.17589551769197));
#8876=CARTESIAN_POINT('',(-56.027284860611,-2.,4.29594880901277));
#8877=CARTESIAN_POINT('Ctrl Pts',(-55.7653480768204,-2.,4.67248565517366));
#8878=CARTESIAN_POINT('Ctrl Pts',(-55.7653480768204,-2.8,4.67248565517366));
#8879=CARTESIAN_POINT('Ctrl Pts',(-55.7995047192122,-2.,4.59482928557053));
#8880=CARTESIAN_POINT('Ctrl Pts',(-55.7995047192122,-2.8,4.59482928557053));
#8881=CARTESIAN_POINT('Ctrl Pts',(-55.862376337783,-2.,4.45188837254762));
#8882=CARTESIAN_POINT('Ctrl Pts',(-55.862376337783,-2.8,4.45188837254762));
#8883=CARTESIAN_POINT('Ctrl Pts',(-55.975581395517,-2.,4.34484025283704));
#8884=CARTESIAN_POINT('Ctrl Pts',(-55.975581395517,-2.8,4.34484025283704));
#8885=CARTESIAN_POINT('Ctrl Pts',(-56.027284860611,-2.,4.29594880901277));
#8886=CARTESIAN_POINT('Ctrl Pts',(-56.027284860611,-2.8,4.29594880901277));
#8887=CARTESIAN_POINT('',(-55.7653480768204,-2.,4.67248565517366));
#8888=CARTESIAN_POINT('Ctrl Pts',(-56.027284860611,-2.,4.29594880901277));
#8889=CARTESIAN_POINT('Ctrl Pts',(-55.975581395517,-2.,4.34484025283704));
#8890=CARTESIAN_POINT('Ctrl Pts',(-55.862376337783,-2.,4.45188837254762));
#8891=CARTESIAN_POINT('Ctrl Pts',(-55.7995047192122,-2.,4.59482928557053));
#8892=CARTESIAN_POINT('Ctrl Pts',(-55.7653480768204,-2.,4.67248565517366));
#8893=CARTESIAN_POINT('',(-55.7653480768204,-2.8,4.67248565517366));
#8894=CARTESIAN_POINT('Ctrl Pts',(-55.7653480768204,-2.8,4.67248565517366));
#8895=CARTESIAN_POINT('Ctrl Pts',(-55.7995047192122,-2.8,4.59482928557053));
#8896=CARTESIAN_POINT('Ctrl Pts',(-55.862376337783,-2.8,4.45188837254762));
#8897=CARTESIAN_POINT('Ctrl Pts',(-55.975581395517,-2.8,4.34484025283704));
#8898=CARTESIAN_POINT('Ctrl Pts',(-56.027284860611,-2.8,4.29594880901277));
#8899=CARTESIAN_POINT('',(-55.7653480768204,-2.,4.67248565517366));
#8900=CARTESIAN_POINT('Ctrl Pts',(-55.5143243074417,-2.,5.54015046916902));
#8901=CARTESIAN_POINT('Ctrl Pts',(-55.5143243074417,-2.8,5.54015046916902));
#8902=CARTESIAN_POINT('Ctrl Pts',(-55.5661787405444,-2.,5.34725866732761));
#8903=CARTESIAN_POINT('Ctrl Pts',(-55.5661787405444,-2.8,5.34725866732761));
#8904=CARTESIAN_POINT('Ctrl Pts',(-55.6443635744252,-2.,5.05642117125356));
#8905=CARTESIAN_POINT('Ctrl Pts',(-55.6443635744252,-2.8,5.05642117125356));
#8906=CARTESIAN_POINT('Ctrl Pts',(-55.7348685926916,-2.,4.76921008051045));
#8907=CARTESIAN_POINT('Ctrl Pts',(-55.7348685926916,-2.8,4.76921008051045));
#8908=CARTESIAN_POINT('Ctrl Pts',(-55.7653480768204,-2.,4.67248565517366));
#8909=CARTESIAN_POINT('Ctrl Pts',(-55.7653480768204,-2.8,4.67248565517366));
#8910=CARTESIAN_POINT('',(-55.5143243074417,-2.,5.54015046916902));
#8911=CARTESIAN_POINT('Ctrl Pts',(-55.7653480768204,-2.,4.67248565517366));
#8912=CARTESIAN_POINT('Ctrl Pts',(-55.7348685926916,-2.,4.76921008051045));
#8913=CARTESIAN_POINT('Ctrl Pts',(-55.6443635744252,-2.,5.05642117125356));
#8914=CARTESIAN_POINT('Ctrl Pts',(-55.5661787405444,-2.,5.34725866732761));
#8915=CARTESIAN_POINT('Ctrl Pts',(-55.5143243074417,-2.,5.54015046916902));
#8916=CARTESIAN_POINT('',(-55.5143243074417,-2.8,5.54015046916902));
#8917=CARTESIAN_POINT('Ctrl Pts',(-55.5143243074417,-2.8,5.54015046916902));
#8918=CARTESIAN_POINT('Ctrl Pts',(-55.5661787405444,-2.8,5.34725866732761));
#8919=CARTESIAN_POINT('Ctrl Pts',(-55.6443635744252,-2.8,5.05642117125356));
#8920=CARTESIAN_POINT('Ctrl Pts',(-55.7348685926916,-2.8,4.76921008051045));
#8921=CARTESIAN_POINT('Ctrl Pts',(-55.7653480768204,-2.8,4.67248565517366));
#8922=CARTESIAN_POINT('',(-55.5143243074417,-2.,5.54015046916902));
#8923=CARTESIAN_POINT('Ctrl Pts',(-55.0586628913879,-2.,6.99444896541536));
#8924=CARTESIAN_POINT('Ctrl Pts',(-55.0586628913879,-2.8,6.99444896541536));
#8925=CARTESIAN_POINT('Ctrl Pts',(-55.1285946953243,-2.,6.8053594893001));
#8926=CARTESIAN_POINT('Ctrl Pts',(-55.1285946953243,-2.8,6.8053594893001));
#8927=CARTESIAN_POINT('Ctrl Pts',(-55.3049746235208,-2.,6.32844360349943));
#8928=CARTESIAN_POINT('Ctrl Pts',(-55.3049746235208,-2.8,6.32844360349943));
#8929=CARTESIAN_POINT('Ctrl Pts',(-55.435531270562,-2.,5.83684071890834));
#8930=CARTESIAN_POINT('Ctrl Pts',(-55.435531270562,-2.8,5.83684071890834));
#8931=CARTESIAN_POINT('Ctrl Pts',(-55.5143243074417,-2.,5.54015046916902));
#8932=CARTESIAN_POINT('Ctrl Pts',(-55.5143243074417,-2.8,5.54015046916902));
#8933=CARTESIAN_POINT('',(-55.0586628913879,-2.,6.99444896541536));
#8934=CARTESIAN_POINT('Ctrl Pts',(-55.5143243074417,-2.,5.54015046916902));
#8935=CARTESIAN_POINT('Ctrl Pts',(-55.435531270562,-2.,5.83684071890834));
#8936=CARTESIAN_POINT('Ctrl Pts',(-55.3049746235208,-2.,6.32844360349943));
#8937=CARTESIAN_POINT('Ctrl Pts',(-55.1285946953243,-2.,6.8053594893001));
#8938=CARTESIAN_POINT('Ctrl Pts',(-55.0586628913879,-2.,6.99444896541536));
#8939=CARTESIAN_POINT('',(-55.0586628913879,-2.8,6.99444896541536));
#8940=CARTESIAN_POINT('Ctrl Pts',(-55.0586628913879,-2.8,6.99444896541536));
#8941=CARTESIAN_POINT('Ctrl Pts',(-55.1285946953243,-2.8,6.8053594893001));
#8942=CARTESIAN_POINT('Ctrl Pts',(-55.3049746235208,-2.8,6.32844360349943));
#8943=CARTESIAN_POINT('Ctrl Pts',(-55.435531270562,-2.8,5.83684071890834));
#8944=CARTESIAN_POINT('Ctrl Pts',(-55.5143243074417,-2.8,5.54015046916902));
#8945=CARTESIAN_POINT('',(-55.0586628913879,-2.,6.99444896541536));
#8946=CARTESIAN_POINT('Ctrl Pts',(-54.5429736375809,-2.,7.64110690914094));
#8947=CARTESIAN_POINT('Ctrl Pts',(-54.5429736375809,-2.8,7.64110690914094));
#8948=CARTESIAN_POINT('Ctrl Pts',(-54.6496786753913,-2.,7.55400480273254));
#8949=CARTESIAN_POINT('Ctrl Pts',(-54.6496786753913,-2.8,7.55400480273254));
#8950=CARTESIAN_POINT('Ctrl Pts',(-54.8680432147455,-2.,7.37575631762866));
#8951=CARTESIAN_POINT('Ctrl Pts',(-54.8680432147455,-2.8,7.37575631762866));
#8952=CARTESIAN_POINT('Ctrl Pts',(-54.9941691108124,-2.,7.12345953315241));
#8953=CARTESIAN_POINT('Ctrl Pts',(-54.9941691108124,-2.8,7.12345953315241));
#8954=CARTESIAN_POINT('Ctrl Pts',(-55.0586628913879,-2.,6.99444896541536));
#8955=CARTESIAN_POINT('Ctrl Pts',(-55.0586628913879,-2.8,6.99444896541536));
#8956=CARTESIAN_POINT('',(-54.5429736375809,-2.,7.64110690914094));
#8957=CARTESIAN_POINT('Ctrl Pts',(-55.0586628913879,-2.,6.99444896541536));
#8958=CARTESIAN_POINT('Ctrl Pts',(-54.9941691108124,-2.,7.12345953315241));
#8959=CARTESIAN_POINT('Ctrl Pts',(-54.8680432147455,-2.,7.37575631762866));
#8960=CARTESIAN_POINT('Ctrl Pts',(-54.6496786753913,-2.,7.55400480273254));
#8961=CARTESIAN_POINT('Ctrl Pts',(-54.5429736375809,-2.,7.64110690914094));
#8962=CARTESIAN_POINT('',(-54.5429736375809,-2.8,7.64110690914094));
#8963=CARTESIAN_POINT('Ctrl Pts',(-54.5429736375809,-2.8,7.64110690914094));
#8964=CARTESIAN_POINT('Ctrl Pts',(-54.6496786753913,-2.8,7.55400480273254));
#8965=CARTESIAN_POINT('Ctrl Pts',(-54.8680432147455,-2.8,7.37575631762866));
#8966=CARTESIAN_POINT('Ctrl Pts',(-54.9941691108124,-2.8,7.12345953315241));
#8967=CARTESIAN_POINT('Ctrl Pts',(-55.0586628913879,-2.8,6.99444896541536));
#8968=CARTESIAN_POINT('',(-54.5429736375809,-2.,7.64110690914094));
#8969=CARTESIAN_POINT('Ctrl Pts',(-53.702592253685,-2.,7.8757584746927));
#8970=CARTESIAN_POINT('Ctrl Pts',(-53.702592253685,-2.8,7.8757584746927));
#8971=CARTESIAN_POINT('Ctrl Pts',(-53.8597614539388,-2.,7.86822349925627));
#8972=CARTESIAN_POINT('Ctrl Pts',(-53.8597614539388,-2.8,7.86822349925627));
#8973=CARTESIAN_POINT('Ctrl Pts',(-54.1582991804371,-2.,7.85391106124438));
#8974=CARTESIAN_POINT('Ctrl Pts',(-54.1582991804371,-2.8,7.85391106124438));
#8975=CARTESIAN_POINT('Ctrl Pts',(-54.4193544329179,-2.,7.70949377378315));
#8976=CARTESIAN_POINT('Ctrl Pts',(-54.4193544329179,-2.8,7.70949377378315));
#8977=CARTESIAN_POINT('Ctrl Pts',(-54.5429736375809,-2.,7.64110690914094));
#8978=CARTESIAN_POINT('Ctrl Pts',(-54.5429736375809,-2.8,7.64110690914094));
#8979=CARTESIAN_POINT('',(-53.702592253685,-2.,7.8757584746927));
#8980=CARTESIAN_POINT('Ctrl Pts',(-54.5429736375809,-2.,7.64110690914094));
#8981=CARTESIAN_POINT('Ctrl Pts',(-54.4193544329179,-2.,7.70949377378315));
#8982=CARTESIAN_POINT('Ctrl Pts',(-54.1582991804371,-2.,7.85391106124438));
#8983=CARTESIAN_POINT('Ctrl Pts',(-53.8597614539388,-2.,7.86822349925627));
#8984=CARTESIAN_POINT('Ctrl Pts',(-53.702592253685,-2.,7.8757584746927));
#8985=CARTESIAN_POINT('',(-53.702592253685,-2.8,7.8757584746927));
#8986=CARTESIAN_POINT('Ctrl Pts',(-53.702592253685,-2.8,7.8757584746927));
#8987=CARTESIAN_POINT('Ctrl Pts',(-53.8597614539388,-2.8,7.86822349925627));
#8988=CARTESIAN_POINT('Ctrl Pts',(-54.1582991804371,-2.8,7.85391106124438));
#8989=CARTESIAN_POINT('Ctrl Pts',(-54.4193544329179,-2.8,7.70949377378315));
#8990=CARTESIAN_POINT('Ctrl Pts',(-54.5429736375809,-2.8,7.64110690914094));
#8991=CARTESIAN_POINT('',(-53.702592253685,-2.,7.8757584746927));
#8992=CARTESIAN_POINT('Ctrl Pts',(-52.7776259183884,-2.,7.5892651733011));
#8993=CARTESIAN_POINT('Ctrl Pts',(-52.7776259183884,-2.8,7.5892651733011));
#8994=CARTESIAN_POINT('Ctrl Pts',(-52.9233460342221,-2.,7.67282134793247));
#8995=CARTESIAN_POINT('Ctrl Pts',(-52.9233460342221,-2.8,7.67282134793247));
#8996=CARTESIAN_POINT('Ctrl Pts',(-53.2104322872199,-2.,7.83743711805114));
#8997=CARTESIAN_POINT('Ctrl Pts',(-53.2104322872199,-2.8,7.83743711805114));
#8998=CARTESIAN_POINT('Ctrl Pts',(-53.5402060588042,-2.,7.8631144977102));
#8999=CARTESIAN_POINT('Ctrl Pts',(-53.5402060588042,-2.8,7.8631144977102));
#9000=CARTESIAN_POINT('Ctrl Pts',(-53.702592253685,-2.,7.8757584746927));
#9001=CARTESIAN_POINT('Ctrl Pts',(-53.702592253685,-2.8,7.8757584746927));
#9002=CARTESIAN_POINT('',(-52.7776259183884,-2.,7.5892651733011));
#9003=CARTESIAN_POINT('Ctrl Pts',(-53.702592253685,-2.,7.8757584746927));
#9004=CARTESIAN_POINT('Ctrl Pts',(-53.5402060588042,-2.,7.8631144977102));
#9005=CARTESIAN_POINT('Ctrl Pts',(-53.2104322872199,-2.,7.83743711805114));
#9006=CARTESIAN_POINT('Ctrl Pts',(-52.9233460342221,-2.,7.67282134793247));
#9007=CARTESIAN_POINT('Ctrl Pts',(-52.7776259183884,-2.,7.5892651733011));
#9008=CARTESIAN_POINT('',(-52.7776259183884,-2.8,7.5892651733011));
#9009=CARTESIAN_POINT('Ctrl Pts',(-52.7776259183884,-2.8,7.5892651733011));
#9010=CARTESIAN_POINT('Ctrl Pts',(-52.9233460342221,-2.8,7.67282134793247));
#9011=CARTESIAN_POINT('Ctrl Pts',(-53.2104322872199,-2.8,7.83743711805114));
#9012=CARTESIAN_POINT('Ctrl Pts',(-53.5402060588042,-2.8,7.8631144977102));
#9013=CARTESIAN_POINT('Ctrl Pts',(-53.702592253685,-2.8,7.8757584746927));
#9014=CARTESIAN_POINT('',(-52.7776259183884,-2.,7.5892651733011));
#9015=CARTESIAN_POINT('Ctrl Pts',(-52.1064120531082,-2.,6.76252490840852));
#9016=CARTESIAN_POINT('Ctrl Pts',(-52.1064120531082,-2.8,6.76252490840852));
#9017=CARTESIAN_POINT('Ctrl Pts',(-52.1911422402508,-2.,6.93029168077478));
#9018=CARTESIAN_POINT('Ctrl Pts',(-52.1911422402508,-2.8,6.93029168077478));
#9019=CARTESIAN_POINT('Ctrl Pts',(-52.3550885948281,-2.,7.2549074012899));
#9020=CARTESIAN_POINT('Ctrl Pts',(-52.3550885948281,-2.8,7.2549074012899));
#9021=CARTESIAN_POINT('Ctrl Pts',(-52.6399740010879,-2.,7.48033991199194));
#9022=CARTESIAN_POINT('Ctrl Pts',(-52.6399740010879,-2.8,7.48033991199194));
#9023=CARTESIAN_POINT('Ctrl Pts',(-52.7776259183884,-2.,7.5892651733011));
#9024=CARTESIAN_POINT('Ctrl Pts',(-52.7776259183884,-2.8,7.5892651733011));
#9025=CARTESIAN_POINT('',(-52.1064120531082,-2.,6.76252490840852));
#9026=CARTESIAN_POINT('Ctrl Pts',(-52.7776259183884,-2.,7.5892651733011));
#9027=CARTESIAN_POINT('Ctrl Pts',(-52.6399740010879,-2.,7.48033991199194));
#9028=CARTESIAN_POINT('Ctrl Pts',(-52.3550885948281,-2.,7.2549074012899));
#9029=CARTESIAN_POINT('Ctrl Pts',(-52.1911422402508,-2.,6.93029168077478));
#9030=CARTESIAN_POINT('Ctrl Pts',(-52.1064120531082,-2.,6.76252490840852));
#9031=CARTESIAN_POINT('',(-52.1064120531082,-2.8,6.76252490840852));
#9032=CARTESIAN_POINT('Ctrl Pts',(-52.1064120531082,-2.8,6.76252490840852));
#9033=CARTESIAN_POINT('Ctrl Pts',(-52.1911422402508,-2.8,6.93029168077478));
#9034=CARTESIAN_POINT('Ctrl Pts',(-52.3550885948281,-2.8,7.2549074012899));
#9035=CARTESIAN_POINT('Ctrl Pts',(-52.6399740010879,-2.8,7.48033991199194));
#9036=CARTESIAN_POINT('Ctrl Pts',(-52.7776259183884,-2.8,7.5892651733011));
#9037=CARTESIAN_POINT('',(-52.1064120531082,-2.,6.76252490840852));
#9038=CARTESIAN_POINT('Ctrl Pts',(-51.8690317869186,-2.,5.54015046916902));
#9039=CARTESIAN_POINT('Ctrl Pts',(-51.8690317869186,-2.8,5.54015046916902));
#9040=CARTESIAN_POINT('Ctrl Pts',(-51.8773588794732,-2.,5.75797399597776));
#9041=CARTESIAN_POINT('Ctrl Pts',(-51.8773588794732,-2.8,5.75797399597776));
#9042=CARTESIAN_POINT('Ctrl Pts',(-51.8934134597271,-2.,6.17793633810582));
#9043=CARTESIAN_POINT('Ctrl Pts',(-51.8934134597271,-2.8,6.17793633810582));
#9044=CARTESIAN_POINT('Ctrl Pts',(-52.0372025960685,-2.,6.57257502704988));
#9045=CARTESIAN_POINT('Ctrl Pts',(-52.0372025960685,-2.8,6.57257502704988));
#9046=CARTESIAN_POINT('Ctrl Pts',(-52.1064120531082,-2.,6.76252490840852));
#9047=CARTESIAN_POINT('Ctrl Pts',(-52.1064120531082,-2.8,6.76252490840852));
#9048=CARTESIAN_POINT('',(-51.8690317869186,-2.,5.54015046916902));
#9049=CARTESIAN_POINT('Ctrl Pts',(-52.1064120531082,-2.,6.76252490840852));
#9050=CARTESIAN_POINT('Ctrl Pts',(-52.0372025960685,-2.,6.57257502704988));
#9051=CARTESIAN_POINT('Ctrl Pts',(-51.8934134597271,-2.,6.17793633810582));
#9052=CARTESIAN_POINT('Ctrl Pts',(-51.8773588794732,-2.,5.75797399597776));
#9053=CARTESIAN_POINT('Ctrl Pts',(-51.8690317869186,-2.,5.54015046916902));
#9054=CARTESIAN_POINT('',(-51.8690317869186,-2.8,5.54015046916902));
#9055=CARTESIAN_POINT('Ctrl Pts',(-51.8690317869186,-2.8,5.54015046916902));
#9056=CARTESIAN_POINT('Ctrl Pts',(-51.8773588794732,-2.8,5.75797399597776));
#9057=CARTESIAN_POINT('Ctrl Pts',(-51.8934134597271,-2.8,6.17793633810582));
#9058=CARTESIAN_POINT('Ctrl Pts',(-52.0372025960685,-2.8,6.57257502704988));
#9059=CARTESIAN_POINT('Ctrl Pts',(-52.1064120531082,-2.8,6.76252490840852));
#9060=CARTESIAN_POINT('',(-51.8690317869186,-2.,5.54015046916902));
#9061=CARTESIAN_POINT('Ctrl Pts',(-52.3383355140686,-2.,3.8184607680887));
#9062=CARTESIAN_POINT('Ctrl Pts',(-52.3383355140686,-2.8,3.8184607680887));
#9063=CARTESIAN_POINT('Ctrl Pts',(-52.2018647341169,-2.,4.05502254238721));
#9064=CARTESIAN_POINT('Ctrl Pts',(-52.2018647341169,-2.8,4.05502254238721));
#9065=CARTESIAN_POINT('Ctrl Pts',(-51.895978510105,-2.,4.58525317425824));
#9066=CARTESIAN_POINT('Ctrl Pts',(-51.895978510105,-2.8,4.58525317425824));
#9067=CARTESIAN_POINT('Ctrl Pts',(-51.8786366155596,-2.,5.19978905216543));
#9068=CARTESIAN_POINT('Ctrl Pts',(-51.8786366155596,-2.8,5.19978905216543));
#9069=CARTESIAN_POINT('Ctrl Pts',(-51.8690317869186,-2.,5.54015046916902));
#9070=CARTESIAN_POINT('Ctrl Pts',(-51.8690317869186,-2.8,5.54015046916902));
#9071=CARTESIAN_POINT('',(-52.3383355140686,-2.,3.8184607680887));
#9072=CARTESIAN_POINT('Ctrl Pts',(-51.8690317869186,-2.,5.54015046916902));
#9073=CARTESIAN_POINT('Ctrl Pts',(-51.8786366155596,-2.,5.19978905216543));
#9074=CARTESIAN_POINT('Ctrl Pts',(-51.895978510105,-2.,4.58525317425824));
#9075=CARTESIAN_POINT('Ctrl Pts',(-52.2018647341169,-2.,4.05502254238721));
#9076=CARTESIAN_POINT('Ctrl Pts',(-52.3383355140686,-2.,3.8184607680887));
#9077=CARTESIAN_POINT('',(-52.3383355140686,-2.8,3.8184607680887));
#9078=CARTESIAN_POINT('Ctrl Pts',(-52.3383355140686,-2.8,3.8184607680887));
#9079=CARTESIAN_POINT('Ctrl Pts',(-52.2018647341169,-2.8,4.05502254238721));
#9080=CARTESIAN_POINT('Ctrl Pts',(-51.895978510105,-2.8,4.58525317425824));
#9081=CARTESIAN_POINT('Ctrl Pts',(-51.8786366155596,-2.8,5.19978905216543));
#9082=CARTESIAN_POINT('Ctrl Pts',(-51.8690317869186,-2.8,5.54015046916902));
#9083=CARTESIAN_POINT('',(-52.3383355140686,-2.,3.8184607680887));
#9084=CARTESIAN_POINT('Ctrl Pts',(-53.7298768758774,-2.,3.06266195140779));
#9085=CARTESIAN_POINT('Ctrl Pts',(-53.7298768758774,-2.8,3.06266195140779));
#9086=CARTESIAN_POINT('Ctrl Pts',(-53.4466741460426,-2.,3.12865630560304));
#9087=CARTESIAN_POINT('Ctrl Pts',(-53.4466741460426,-2.8,3.12865630560304));
#9088=CARTESIAN_POINT('Ctrl Pts',(-52.9118453137022,-2.,3.25328675466649));
#9089=CARTESIAN_POINT('Ctrl Pts',(-52.9118453137022,-2.8,3.25328675466649));
#9090=CARTESIAN_POINT('Ctrl Pts',(-52.5218298622334,-2.,3.63763345309102));
#9091=CARTESIAN_POINT('Ctrl Pts',(-52.5218298622334,-2.8,3.63763345309102));
#9092=CARTESIAN_POINT('Ctrl Pts',(-52.3383355140686,-2.,3.8184607680887));
#9093=CARTESIAN_POINT('Ctrl Pts',(-52.3383355140686,-2.8,3.8184607680887));
#9094=CARTESIAN_POINT('Ctrl Pts',(-52.3383355140686,-2.,3.8184607680887));
#9095=CARTESIAN_POINT('Ctrl Pts',(-52.5218298622334,-2.,3.63763345309102));
#9096=CARTESIAN_POINT('Ctrl Pts',(-52.9118453137022,-2.,3.25328675466649));
#9097=CARTESIAN_POINT('Ctrl Pts',(-53.4466741460426,-2.,3.12865630560304));
#9098=CARTESIAN_POINT('Ctrl Pts',(-53.7298768758774,-2.,3.06266195140779));
#9099=CARTESIAN_POINT('Ctrl Pts',(-53.7298768758774,-2.8,3.06266195140779));
#9100=CARTESIAN_POINT('Ctrl Pts',(-53.4466741460426,-2.8,3.12865630560304));
#9101=CARTESIAN_POINT('Ctrl Pts',(-52.9118453137022,-2.8,3.25328675466649));
#9102=CARTESIAN_POINT('Ctrl Pts',(-52.5218298622334,-2.8,3.63763345309102));
#9103=CARTESIAN_POINT('Ctrl Pts',(-52.3383355140686,-2.8,3.8184607680887));
#9104=CARTESIAN_POINT('Origin',(-55.9345158934593,-2.8,1.72296470962465));
#9105=CARTESIAN_POINT('Origin',(-57.7953612804413,-2.,21.474672621116));
#9106=CARTESIAN_POINT('',(-51.9999998807907,-2.,21.474672621116));
#9107=CARTESIAN_POINT('',(-57.7953612804413,-2.,21.474672621116));
#9108=CARTESIAN_POINT('',(-32.3774265548053,-1.99999999999997,21.474672621116));
#9109=CARTESIAN_POINT('',(-51.9999998807907,-2.8,21.474672621116));
#9110=CARTESIAN_POINT('',(-51.9999998807907,-2.,21.474672621116));
#9111=CARTESIAN_POINT('',(-57.7953612804413,-2.8,21.474672621116));
#9112=CARTESIAN_POINT('',(-51.9999998807907,-2.8,21.474672621116));
#9113=CARTESIAN_POINT('',(-57.7953612804413,-2.,21.474672621116));
#9114=CARTESIAN_POINT('Origin',(-57.7953612804413,-2.,22.3532546218485));
#9115=CARTESIAN_POINT('',(-57.7953612804413,-2.,22.3532546218485));
#9116=CARTESIAN_POINT('',(-57.7953612804413,-1.99999999999997,12.1459177709157));
#9117=CARTESIAN_POINT('',(-57.7953612804413,-2.8,22.3532546218485));
#9118=CARTESIAN_POINT('',(-57.7953612804413,-2.8,21.474672621116));
#9119=CARTESIAN_POINT('',(-57.7953612804413,-2.,22.3532546218485));
#9120=CARTESIAN_POINT('Origin',(-56.9822645187378,-2.,22.3532546218485));
#9121=CARTESIAN_POINT('',(-56.9822645187378,-2.,22.3532546218485));
#9122=CARTESIAN_POINT('',(-31.9708781739536,-1.99999999999997,22.3532546218485));
#9123=CARTESIAN_POINT('',(-56.9822645187378,-2.8,22.3532546218485));
#9124=CARTESIAN_POINT('',(-57.7953612804413,-2.8,22.3532546218485));
#9125=CARTESIAN_POINT('',(-56.9822645187378,-2.,22.3532546218485));
#9126=CARTESIAN_POINT('Ctrl Pts',(-57.6671212911606,-2.,23.0790389236063));
#9127=CARTESIAN_POINT('Ctrl Pts',(-57.6671212911606,-2.8,23.0790389236063));
#9128=CARTESIAN_POINT('Ctrl Pts',(-57.5743789758133,-2.,22.9359468456206));
#9129=CARTESIAN_POINT('Ctrl Pts',(-57.5743789758133,-2.8,22.9359468456206));
#9130=CARTESIAN_POINT('Ctrl Pts',(-57.3904160085663,-2.,22.6521104635205));
#9131=CARTESIAN_POINT('Ctrl Pts',(-57.3904160085663,-2.8,22.6521104635205));
#9132=CARTESIAN_POINT('Ctrl Pts',(-57.117562706513,-2.,22.4523223817169));
#9133=CARTESIAN_POINT('Ctrl Pts',(-57.117562706513,-2.8,22.4523223817169));
#9134=CARTESIAN_POINT('Ctrl Pts',(-56.9822645187378,-2.,22.3532546218485));
#9135=CARTESIAN_POINT('Ctrl Pts',(-56.9822645187378,-2.8,22.3532546218485));
#9136=CARTESIAN_POINT('',(-57.6671212911606,-2.,23.0790389236063));
#9137=CARTESIAN_POINT('Ctrl Pts',(-56.9822645187378,-2.,22.3532546218485));
#9138=CARTESIAN_POINT('Ctrl Pts',(-57.117562706513,-2.,22.4523223817169));
#9139=CARTESIAN_POINT('Ctrl Pts',(-57.3904160085663,-2.,22.6521104635205));
#9140=CARTESIAN_POINT('Ctrl Pts',(-57.5743789758133,-2.,22.9359468456206));
#9141=CARTESIAN_POINT('Ctrl Pts',(-57.6671212911606,-2.,23.0790389236063));
#9142=CARTESIAN_POINT('',(-57.6671212911606,-2.8,23.0790389236063));
#9143=CARTESIAN_POINT('Ctrl Pts',(-57.6671212911606,-2.8,23.0790389236063));
#9144=CARTESIAN_POINT('Ctrl Pts',(-57.5743789758133,-2.8,22.9359468456206));
#9145=CARTESIAN_POINT('Ctrl Pts',(-57.3904160085663,-2.8,22.6521104635205));
#9146=CARTESIAN_POINT('Ctrl Pts',(-57.117562706513,-2.8,22.4523223817169));
#9147=CARTESIAN_POINT('Ctrl Pts',(-56.9822645187378,-2.8,22.3532546218485));
#9148=CARTESIAN_POINT('',(-57.6671212911606,-2.,23.0790389236063));
#9149=CARTESIAN_POINT('Ctrl Pts',(-57.9263299703598,-2.,24.1104090865701));
#9150=CARTESIAN_POINT('Ctrl Pts',(-57.9263299703598,-2.8,24.1104090865701));
#9151=CARTESIAN_POINT('Ctrl Pts',(-57.9167471956149,-2.,23.9249875281809));
#9152=CARTESIAN_POINT('Ctrl Pts',(-57.9167471956149,-2.8,23.9249875281809));
#9153=CARTESIAN_POINT('Ctrl Pts',(-57.8980865184386,-2.,23.5639134202366));
#9154=CARTESIAN_POINT('Ctrl Pts',(-57.8980865184386,-2.8,23.5639134202366));
#9155=CARTESIAN_POINT('Ctrl Pts',(-57.7427084274861,-2.,23.2377220081099));
#9156=CARTESIAN_POINT('Ctrl Pts',(-57.7427084274861,-2.8,23.2377220081099));
#9157=CARTESIAN_POINT('Ctrl Pts',(-57.6671212911606,-2.,23.0790389236063));
#9158=CARTESIAN_POINT('Ctrl Pts',(-57.6671212911606,-2.8,23.0790389236063));
#9159=CARTESIAN_POINT('',(-57.9263299703598,-2.,24.1104090865701));
#9160=CARTESIAN_POINT('Ctrl Pts',(-57.6671212911606,-2.,23.0790389236063));
#9161=CARTESIAN_POINT('Ctrl Pts',(-57.7427084274861,-2.,23.2377220081099));
#9162=CARTESIAN_POINT('Ctrl Pts',(-57.8980865184386,-2.,23.5639134202366));
#9163=CARTESIAN_POINT('Ctrl Pts',(-57.9167471956149,-2.,23.9249875281809));
#9164=CARTESIAN_POINT('Ctrl Pts',(-57.9263299703598,-2.,24.1104090865701));
#9165=CARTESIAN_POINT('',(-57.9263299703598,-2.8,24.1104090865701));
#9166=CARTESIAN_POINT('Ctrl Pts',(-57.9263299703598,-2.8,24.1104090865701));
#9167=CARTESIAN_POINT('Ctrl Pts',(-57.9167471956149,-2.8,23.9249875281809));
#9168=CARTESIAN_POINT('Ctrl Pts',(-57.8980865184386,-2.8,23.5639134202366));
#9169=CARTESIAN_POINT('Ctrl Pts',(-57.7427084274861,-2.8,23.2377220081099));
#9170=CARTESIAN_POINT('Ctrl Pts',(-57.6671212911606,-2.8,23.0790389236063));
#9171=CARTESIAN_POINT('',(-57.9263299703598,-2.,24.1104090865701));
#9172=CARTESIAN_POINT('Ctrl Pts',(-57.6589357852936,-2.,25.1663458999246));
#9173=CARTESIAN_POINT('Ctrl Pts',(-57.6589357852936,-2.8,25.1663458999246));
#9174=CARTESIAN_POINT('Ctrl Pts',(-57.7368193402879,-2.,25.0126015159501));
#9175=CARTESIAN_POINT('Ctrl Pts',(-57.7368193402879,-2.8,25.0126015159501));
#9176=CARTESIAN_POINT('Ctrl Pts',(-57.9045922981798,-2.,24.6814128579525));
#9177=CARTESIAN_POINT('Ctrl Pts',(-57.9045922981798,-2.8,24.6814128579525));
#9178=CARTESIAN_POINT('Ctrl Pts',(-57.9187464553805,-2.,24.3096123691316));
#9179=CARTESIAN_POINT('Ctrl Pts',(-57.9187464553805,-2.8,24.3096123691316));
#9180=CARTESIAN_POINT('Ctrl Pts',(-57.9263299703598,-2.,24.1104090865701));
#9181=CARTESIAN_POINT('Ctrl Pts',(-57.9263299703598,-2.8,24.1104090865701));
#9182=CARTESIAN_POINT('',(-57.6589357852936,-2.,25.1663458999246));
#9183=CARTESIAN_POINT('Ctrl Pts',(-57.9263299703598,-2.,24.1104090865701));
#9184=CARTESIAN_POINT('Ctrl Pts',(-57.9187464553805,-2.,24.3096123691316));
#9185=CARTESIAN_POINT('Ctrl Pts',(-57.9045922981798,-2.,24.6814128579525));
#9186=CARTESIAN_POINT('Ctrl Pts',(-57.7368193402879,-2.,25.0126015159501));
#9187=CARTESIAN_POINT('Ctrl Pts',(-57.6589357852936,-2.,25.1663458999246));
#9188=CARTESIAN_POINT('',(-57.6589357852936,-2.8,25.1663458999246));
#9189=CARTESIAN_POINT('Ctrl Pts',(-57.6589357852936,-2.8,25.1663458999246));
#9190=CARTESIAN_POINT('Ctrl Pts',(-57.7368193402879,-2.8,25.0126015159501));
#9191=CARTESIAN_POINT('Ctrl Pts',(-57.9045922981798,-2.8,24.6814128579525));
#9192=CARTESIAN_POINT('Ctrl Pts',(-57.9187464553805,-2.8,24.3096123691316));
#9193=CARTESIAN_POINT('Ctrl Pts',(-57.9263299703598,-2.8,24.1104090865701));
#9194=CARTESIAN_POINT('',(-57.6589357852936,-2.,25.1663458999246));
#9195=CARTESIAN_POINT('Ctrl Pts',(-56.9113230705261,-2.,25.7475245650858));
#9196=CARTESIAN_POINT('Ctrl Pts',(-56.9113230705261,-2.8,25.7475245650858));
#9197=CARTESIAN_POINT('Ctrl Pts',(-57.0620836183699,-2.,25.6816950237659));
#9198=CARTESIAN_POINT('Ctrl Pts',(-57.0620836183699,-2.8,25.6816950237659));
#9199=CARTESIAN_POINT('Ctrl Pts',(-57.3606942850674,-2.,25.5513067789427));
#9200=CARTESIAN_POINT('Ctrl Pts',(-57.3606942850674,-2.8,25.5513067789427));
#9201=CARTESIAN_POINT('Ctrl Pts',(-57.5601700197827,-2.,25.2938296869869));
#9202=CARTESIAN_POINT('Ctrl Pts',(-57.5601700197827,-2.8,25.2938296869869));
#9203=CARTESIAN_POINT('Ctrl Pts',(-57.6589357852936,-2.,25.1663458999246));
#9204=CARTESIAN_POINT('Ctrl Pts',(-57.6589357852936,-2.8,25.1663458999246));
#9205=CARTESIAN_POINT('',(-56.9113230705261,-2.,25.7475245650858));
#9206=CARTESIAN_POINT('Ctrl Pts',(-57.6589357852936,-2.,25.1663458999246));
#9207=CARTESIAN_POINT('Ctrl Pts',(-57.5601700197827,-2.,25.2938296869869));
#9208=CARTESIAN_POINT('Ctrl Pts',(-57.3606942850674,-2.,25.5513067789427));
#9209=CARTESIAN_POINT('Ctrl Pts',(-57.0620836183699,-2.,25.6816950237659));
#9210=CARTESIAN_POINT('Ctrl Pts',(-56.9113230705261,-2.,25.7475245650858));
#9211=CARTESIAN_POINT('',(-56.9113230705261,-2.8,25.7475245650858));
#9212=CARTESIAN_POINT('Ctrl Pts',(-56.9113230705261,-2.8,25.7475245650858));
#9213=CARTESIAN_POINT('Ctrl Pts',(-57.0620836183699,-2.8,25.6816950237659));
#9214=CARTESIAN_POINT('Ctrl Pts',(-57.3606942850674,-2.8,25.5513067789427));
#9215=CARTESIAN_POINT('Ctrl Pts',(-57.5601700197827,-2.8,25.2938296869869));
#9216=CARTESIAN_POINT('Ctrl Pts',(-57.6589357852936,-2.8,25.1663458999246));
#9217=CARTESIAN_POINT('',(-56.9113230705261,-2.,25.7475245650858));
#9218=CARTESIAN_POINT('Ctrl Pts',(-57.9263299703598,-2.,27.5374282058328));
#9219=CARTESIAN_POINT('Ctrl Pts',(-57.9263299703598,-2.8,27.5374282058328));
#9220=CARTESIAN_POINT('Ctrl Pts',(-57.8789111158693,-2.,27.1838837354551));
#9221=CARTESIAN_POINT('Ctrl Pts',(-57.8789111158693,-2.8,27.1838837354551));
#9222=CARTESIAN_POINT('Ctrl Pts',(-57.7809611548385,-2.,26.453590533137));
#9223=CARTESIAN_POINT('Ctrl Pts',(-57.7809611548385,-2.8,26.453590533137));
#9224=CARTESIAN_POINT('Ctrl Pts',(-57.2072784768868,-2.,25.987813076205));
#9225=CARTESIAN_POINT('Ctrl Pts',(-57.2072784768868,-2.8,25.987813076205));
#9226=CARTESIAN_POINT('Ctrl Pts',(-56.9113230705261,-2.,25.7475245650858));
#9227=CARTESIAN_POINT('Ctrl Pts',(-56.9113230705261,-2.8,25.7475245650858));
#9228=CARTESIAN_POINT('',(-57.9263299703598,-2.,27.5374282058328));
#9229=CARTESIAN_POINT('Ctrl Pts',(-56.9113230705261,-2.,25.7475245650858));
#9230=CARTESIAN_POINT('Ctrl Pts',(-57.2072784768868,-2.,25.987813076205));
#9231=CARTESIAN_POINT('Ctrl Pts',(-57.7809611548385,-2.,26.453590533137));
#9232=CARTESIAN_POINT('Ctrl Pts',(-57.8789111158693,-2.,27.1838837354551));
#9233=CARTESIAN_POINT('Ctrl Pts',(-57.9263299703598,-2.,27.5374282058328));
#9234=CARTESIAN_POINT('',(-57.9263299703598,-2.8,27.5374282058328));
#9235=CARTESIAN_POINT('Ctrl Pts',(-57.9263299703598,-2.8,27.5374282058328));
#9236=CARTESIAN_POINT('Ctrl Pts',(-57.8789111158693,-2.8,27.1838837354551));
#9237=CARTESIAN_POINT('Ctrl Pts',(-57.7809611548385,-2.8,26.453590533137));
#9238=CARTESIAN_POINT('Ctrl Pts',(-57.2072784768868,-2.8,25.987813076205));
#9239=CARTESIAN_POINT('Ctrl Pts',(-56.9113230705261,-2.8,25.7475245650858));
#9240=CARTESIAN_POINT('',(-57.9263299703598,-2.,27.5374282058328));
#9241=CARTESIAN_POINT('Ctrl Pts',(-57.4488401412964,-2.,28.8634837325662));
#9242=CARTESIAN_POINT('Ctrl Pts',(-57.4488401412964,-2.8,28.8634837325662));
#9243=CARTESIAN_POINT('Ctrl Pts',(-57.5879132174833,-2.,28.6831019820031));
#9244=CARTESIAN_POINT('Ctrl Pts',(-57.5879132174833,-2.8,28.6831019820031));
#9245=CARTESIAN_POINT('Ctrl Pts',(-57.8877830433787,-2.,28.2941622560753));
#9246=CARTESIAN_POINT('Ctrl Pts',(-57.8877830433787,-2.8,28.2941622560753));
#9247=CARTESIAN_POINT('Ctrl Pts',(-57.9128750750015,-2.,27.8015680026331));
#9248=CARTESIAN_POINT('Ctrl Pts',(-57.9128750750015,-2.8,27.8015680026331));
#9249=CARTESIAN_POINT('Ctrl Pts',(-57.9263299703598,-2.,27.5374282058328));
#9250=CARTESIAN_POINT('Ctrl Pts',(-57.9263299703598,-2.8,27.5374282058328));
#9251=CARTESIAN_POINT('',(-57.4488401412964,-2.,28.8634837325662));
#9252=CARTESIAN_POINT('Ctrl Pts',(-57.9263299703598,-2.,27.5374282058328));
#9253=CARTESIAN_POINT('Ctrl Pts',(-57.9128750750015,-2.,27.8015680026331));
#9254=CARTESIAN_POINT('Ctrl Pts',(-57.8877830433787,-2.,28.2941622560753));
#9255=CARTESIAN_POINT('Ctrl Pts',(-57.5879132174833,-2.,28.6831019820031));
#9256=CARTESIAN_POINT('Ctrl Pts',(-57.4488401412964,-2.,28.8634837325662));
#9257=CARTESIAN_POINT('',(-57.4488401412964,-2.8,28.8634837325662));
#9258=CARTESIAN_POINT('Ctrl Pts',(-57.4488401412964,-2.8,28.8634837325662));
#9259=CARTESIAN_POINT('Ctrl Pts',(-57.5879132174833,-2.8,28.6831019820031));
#9260=CARTESIAN_POINT('Ctrl Pts',(-57.8877830433787,-2.8,28.2941622560753));
#9261=CARTESIAN_POINT('Ctrl Pts',(-57.9128750750015,-2.8,27.8015680026331));
#9262=CARTESIAN_POINT('Ctrl Pts',(-57.9263299703598,-2.8,27.5374282058328));
#9263=CARTESIAN_POINT('',(-57.4488401412964,-2.,28.8634837325662));
#9264=CARTESIAN_POINT('Ctrl Pts',(-55.9781718254089,-2.,29.3273318465799));
#9265=CARTESIAN_POINT('Ctrl Pts',(-55.9781718254089,-2.8,29.3273318465799));
#9266=CARTESIAN_POINT('Ctrl Pts',(-56.2762363072559,-2.,29.3180873240975));
#9267=CARTESIAN_POINT('Ctrl Pts',(-56.2762363072559,-2.8,29.3180873240975));
#9268=CARTESIAN_POINT('Ctrl Pts',(-56.8132686902627,-2.,29.3014311700072));
#9269=CARTESIAN_POINT('Ctrl Pts',(-56.8132686902627,-2.8,29.3014311700072));
#9270=CARTESIAN_POINT('Ctrl Pts',(-57.2531170484192,-2.,28.9983488635191));
#9271=CARTESIAN_POINT('Ctrl Pts',(-57.2531170484192,-2.8,28.9983488635191));
#9272=CARTESIAN_POINT('Ctrl Pts',(-57.4488401412964,-2.,28.8634837325662));
#9273=CARTESIAN_POINT('Ctrl Pts',(-57.4488401412964,-2.8,28.8634837325662));
#9274=CARTESIAN_POINT('',(-55.9781718254089,-2.,29.3273318465799));
#9275=CARTESIAN_POINT('Ctrl Pts',(-57.4488401412964,-2.,28.8634837325662));
#9276=CARTESIAN_POINT('Ctrl Pts',(-57.2531170484192,-2.,28.9983488635191));
#9277=CARTESIAN_POINT('Ctrl Pts',(-56.8132686902627,-2.,29.3014311700072));
#9278=CARTESIAN_POINT('Ctrl Pts',(-56.2762363072559,-2.,29.3180873240975));
#9279=CARTESIAN_POINT('Ctrl Pts',(-55.9781718254089,-2.,29.3273318465799));
#9280=CARTESIAN_POINT('',(-55.9781718254089,-2.8,29.3273318465799));
#9281=CARTESIAN_POINT('Ctrl Pts',(-55.9781718254089,-2.8,29.3273318465799));
#9282=CARTESIAN_POINT('Ctrl Pts',(-56.2762363072559,-2.8,29.3180873240975));
#9283=CARTESIAN_POINT('Ctrl Pts',(-56.8132686902627,-2.8,29.3014311700072));
#9284=CARTESIAN_POINT('Ctrl Pts',(-57.2531170484192,-2.8,28.9983488635191));
#9285=CARTESIAN_POINT('Ctrl Pts',(-57.4488401412964,-2.8,28.8634837325662));
#9286=CARTESIAN_POINT('',(-55.9781718254089,-2.,29.3273318465799));
#9287=CARTESIAN_POINT('Origin',(-51.9999998807907,-2.,29.3273318465799));
#9288=CARTESIAN_POINT('',(-51.9999998807907,-2.,29.3273318465799));
#9289=CARTESIAN_POINT('',(-29.47974585498,-1.99999999999997,29.3273318465799));
#9290=CARTESIAN_POINT('',(-51.9999998807907,-2.8,29.3273318465799));
#9291=CARTESIAN_POINT('',(-55.9781718254089,-2.8,29.3273318465799));
#9292=CARTESIAN_POINT('',(-51.9999998807907,-2.,29.3273318465799));
#9293=CARTESIAN_POINT('Origin',(-51.9999998807907,-2.,28.3505213912576));
#9294=CARTESIAN_POINT('',(-51.9999998807907,-2.,28.3505213912576));
#9295=CARTESIAN_POINT('',(-51.9999998807907,-1.99999999999997,15.1445511556203));
#9296=CARTESIAN_POINT('',(-51.9999998807907,-2.8,28.3505213912576));
#9297=CARTESIAN_POINT('',(-51.9999998807907,-2.8,29.3273318465799));
#9298=CARTESIAN_POINT('',(-51.9999998807907,-2.,28.3505213912576));
#9299=CARTESIAN_POINT('Origin',(-55.6507498025894,-2.,28.3505213912576));
#9300=CARTESIAN_POINT('',(-55.6507498025894,-2.,28.3505213912576));
#9301=CARTESIAN_POINT('',(-31.3051208158794,-1.99999999999997,28.3505213912576));
#9302=CARTESIAN_POINT('',(-55.6507498025894,-2.8,28.3505213912576));
#9303=CARTESIAN_POINT('',(-51.9999998807907,-2.8,28.3505213912576));
#9304=CARTESIAN_POINT('',(-55.6507498025894,-2.,28.3505213912576));
#9305=CARTESIAN_POINT('Ctrl Pts',(-56.4993172883987,-2.,28.2550204452127));
#9306=CARTESIAN_POINT('Ctrl Pts',(-56.4993172883987,-2.8,28.2550204452127));
#9307=CARTESIAN_POINT('Ctrl Pts',(-56.385880008148,-2.,28.2826435644771));
#9308=CARTESIAN_POINT('Ctrl Pts',(-56.385880008148,-2.8,28.2826435644771));
#9309=CARTESIAN_POINT('Ctrl Pts',(-56.1076057484268,-2.,28.3504061470028));
#9310=CARTESIAN_POINT('Ctrl Pts',(-56.1076057484268,-2.8,28.3504061470028));
#9311=CARTESIAN_POINT('Ctrl Pts',(-55.8206998004778,-2.,28.3504785204993));
#9312=CARTESIAN_POINT('Ctrl Pts',(-55.8206998004778,-2.8,28.3504785204993));
#9313=CARTESIAN_POINT('Ctrl Pts',(-55.6507498025894,-2.,28.3505213912576));
#9314=CARTESIAN_POINT('Ctrl Pts',(-55.6507498025894,-2.8,28.3505213912576));
#9315=CARTESIAN_POINT('',(-56.4993172883987,-2.,28.2550204452127));
#9316=CARTESIAN_POINT('Ctrl Pts',(-55.6507498025894,-2.,28.3505213912576));
#9317=CARTESIAN_POINT('Ctrl Pts',(-55.8206998004778,-2.,28.3504785204993));
#9318=CARTESIAN_POINT('Ctrl Pts',(-56.1076057484268,-2.,28.3504061470028));
#9319=CARTESIAN_POINT('Ctrl Pts',(-56.385880008148,-2.,28.2826435644771));
#9320=CARTESIAN_POINT('Ctrl Pts',(-56.4993172883987,-2.,28.2550204452127));
#9321=CARTESIAN_POINT('',(-56.4993172883987,-2.8,28.2550204452127));
#9322=CARTESIAN_POINT('Ctrl Pts',(-56.4993172883987,-2.8,28.2550204452127));
#9323=CARTESIAN_POINT('Ctrl Pts',(-56.385880008148,-2.8,28.2826435644771));
#9324=CARTESIAN_POINT('Ctrl Pts',(-56.1076057484268,-2.8,28.3504061470028));
#9325=CARTESIAN_POINT('Ctrl Pts',(-55.8206998004778,-2.8,28.3504785204993));
#9326=CARTESIAN_POINT('Ctrl Pts',(-55.6507498025894,-2.8,28.3505213912576));
#9327=CARTESIAN_POINT('',(-56.4993172883987,-2.,28.2550204452127));
#9328=CARTESIAN_POINT('Ctrl Pts',(-56.9167798757553,-2.,27.9085028823465));
#9329=CARTESIAN_POINT('Ctrl Pts',(-56.9167798757553,-2.8,27.9085028823465));
#9330=CARTESIAN_POINT('Ctrl Pts',(-56.8606898654524,-2.,27.9853705547528));
#9331=CARTESIAN_POINT('Ctrl Pts',(-56.8606898654524,-2.8,27.9853705547528));
#9332=CARTESIAN_POINT('Ctrl Pts',(-56.7506443736374,-2.,28.1361806681568));
#9333=CARTESIAN_POINT('Ctrl Pts',(-56.7506443736374,-2.8,28.1361806681568));
#9334=CARTESIAN_POINT('Ctrl Pts',(-56.5820026141378,-2.,28.2159227663163));
#9335=CARTESIAN_POINT('Ctrl Pts',(-56.5820026141378,-2.8,28.2159227663163));
#9336=CARTESIAN_POINT('Ctrl Pts',(-56.4993172883987,-2.,28.2550204452127));
#9337=CARTESIAN_POINT('Ctrl Pts',(-56.4993172883987,-2.8,28.2550204452127));
#9338=CARTESIAN_POINT('',(-56.9167798757553,-2.,27.9085028823465));
#9339=CARTESIAN_POINT('Ctrl Pts',(-56.4993172883987,-2.,28.2550204452127));
#9340=CARTESIAN_POINT('Ctrl Pts',(-56.5820026141378,-2.,28.2159227663163));
#9341=CARTESIAN_POINT('Ctrl Pts',(-56.7506443736374,-2.,28.1361806681568));
#9342=CARTESIAN_POINT('Ctrl Pts',(-56.8606898654524,-2.,27.9853705547528));
#9343=CARTESIAN_POINT('Ctrl Pts',(-56.9167798757553,-2.,27.9085028823465));
#9344=CARTESIAN_POINT('',(-56.9167798757553,-2.8,27.9085028823465));
#9345=CARTESIAN_POINT('Ctrl Pts',(-56.9167798757553,-2.8,27.9085028823465));
#9346=CARTESIAN_POINT('Ctrl Pts',(-56.8606898654524,-2.8,27.9853705547528));
#9347=CARTESIAN_POINT('Ctrl Pts',(-56.7506443736374,-2.8,28.1361806681568));
#9348=CARTESIAN_POINT('Ctrl Pts',(-56.5820026141378,-2.8,28.2159227663163));
#9349=CARTESIAN_POINT('Ctrl Pts',(-56.4993172883987,-2.8,28.2550204452127));
#9350=CARTESIAN_POINT('',(-56.9167798757553,-2.,27.9085028823465));
#9351=CARTESIAN_POINT('Ctrl Pts',(-57.0750337839127,-2.,27.3191416915506));
#9352=CARTESIAN_POINT('Ctrl Pts',(-57.0750337839127,-2.8,27.3191416915506));
#9353=CARTESIAN_POINT('Ctrl Pts',(-57.0694056683718,-2.,27.426713973699));
#9354=CARTESIAN_POINT('Ctrl Pts',(-57.0694056683718,-2.8,27.426713973699));
#9355=CARTESIAN_POINT('Ctrl Pts',(-57.0585273099343,-2.,27.6346361164935));
#9356=CARTESIAN_POINT('Ctrl Pts',(-57.0585273099343,-2.8,27.6346361164935));
#9357=CARTESIAN_POINT('Ctrl Pts',(-56.9629220330322,-2.,27.8193527438901));
#9358=CARTESIAN_POINT('Ctrl Pts',(-56.9629220330322,-2.8,27.8193527438901));
#9359=CARTESIAN_POINT('Ctrl Pts',(-56.9167798757553,-2.,27.9085028823465));
#9360=CARTESIAN_POINT('Ctrl Pts',(-56.9167798757553,-2.8,27.9085028823465));
#9361=CARTESIAN_POINT('',(-57.0750337839127,-2.,27.3191416915506));
#9362=CARTESIAN_POINT('Ctrl Pts',(-56.9167798757553,-2.,27.9085028823465));
#9363=CARTESIAN_POINT('Ctrl Pts',(-56.9629220330322,-2.,27.8193527438901));
#9364=CARTESIAN_POINT('Ctrl Pts',(-57.0585273099343,-2.,27.6346361164935));
#9365=CARTESIAN_POINT('Ctrl Pts',(-57.0694056683718,-2.,27.426713973699));
#9366=CARTESIAN_POINT('Ctrl Pts',(-57.0750337839127,-2.,27.3191416915506));
#9367=CARTESIAN_POINT('',(-57.0750337839127,-2.8,27.3191416915506));
#9368=CARTESIAN_POINT('Ctrl Pts',(-57.0750337839127,-2.8,27.3191416915506));
#9369=CARTESIAN_POINT('Ctrl Pts',(-57.0694056683718,-2.8,27.426713973699));
#9370=CARTESIAN_POINT('Ctrl Pts',(-57.0585273099343,-2.8,27.6346361164935));
#9371=CARTESIAN_POINT('Ctrl Pts',(-56.9629220330322,-2.8,27.8193527438901));
#9372=CARTESIAN_POINT('Ctrl Pts',(-56.9167798757553,-2.8,27.9085028823465));
#9373=CARTESIAN_POINT('',(-57.0750337839127,-2.,27.3191416915506));
#9374=CARTESIAN_POINT('Ctrl Pts',(-56.6684854030609,-2.,26.3041365798563));
#9375=CARTESIAN_POINT('Ctrl Pts',(-56.6684854030609,-2.8,26.3041365798563));
#9376=CARTESIAN_POINT('Ctrl Pts',(-56.7870510243603,-2.,26.4491704814575));
#9377=CARTESIAN_POINT('Ctrl Pts',(-56.7870510243603,-2.8,26.4491704814575));
#9378=CARTESIAN_POINT('Ctrl Pts',(-57.0285564210842,-2.,26.7445889135524));
#9379=CARTESIAN_POINT('Ctrl Pts',(-57.0285564210842,-2.8,26.7445889135524));
#9380=CARTESIAN_POINT('Ctrl Pts',(-57.0593553856648,-2.,27.1253254610316));
#9381=CARTESIAN_POINT('Ctrl Pts',(-57.0593553856648,-2.8,27.1253254610316));
#9382=CARTESIAN_POINT('Ctrl Pts',(-57.0750337839127,-2.,27.3191416915506));
#9383=CARTESIAN_POINT('Ctrl Pts',(-57.0750337839127,-2.8,27.3191416915506));
#9384=CARTESIAN_POINT('',(-56.6684854030609,-2.,26.3041365798563));
#9385=CARTESIAN_POINT('Ctrl Pts',(-57.0750337839127,-2.,27.3191416915506));
#9386=CARTESIAN_POINT('Ctrl Pts',(-57.0593553856648,-2.,27.1253254610316));
#9387=CARTESIAN_POINT('Ctrl Pts',(-57.0285564210842,-2.,26.7445889135524));
#9388=CARTESIAN_POINT('Ctrl Pts',(-56.7870510243603,-2.,26.4491704814575));
#9389=CARTESIAN_POINT('Ctrl Pts',(-56.6684854030609,-2.,26.3041365798563));
#9390=CARTESIAN_POINT('',(-56.6684854030609,-2.8,26.3041365798563));
#9391=CARTESIAN_POINT('Ctrl Pts',(-56.6684854030609,-2.8,26.3041365798563));
#9392=CARTESIAN_POINT('Ctrl Pts',(-56.7870510243603,-2.8,26.4491704814575));
#9393=CARTESIAN_POINT('Ctrl Pts',(-57.0285564210842,-2.8,26.7445889135524));
#9394=CARTESIAN_POINT('Ctrl Pts',(-57.0593553856648,-2.8,27.1253254610316));
#9395=CARTESIAN_POINT('Ctrl Pts',(-57.0750337839127,-2.8,27.3191416915506));
#9396=CARTESIAN_POINT('',(-56.6684854030609,-2.,26.3041365798563));
#9397=CARTESIAN_POINT('Ctrl Pts',(-55.3669852018356,-2.,25.9003222640604));
#9398=CARTESIAN_POINT('Ctrl Pts',(-55.3669852018356,-2.8,25.9003222640604));
#9399=CARTESIAN_POINT('Ctrl Pts',(-55.6336343486118,-2.,25.9071747998752));
#9400=CARTESIAN_POINT('Ctrl Pts',(-55.6336343486118,-2.8,25.9071747998752));
#9401=CARTESIAN_POINT('Ctrl Pts',(-56.1087182852634,-2.,25.919383838345));
#9402=CARTESIAN_POINT('Ctrl Pts',(-56.1087182852634,-2.8,25.919383838345));
#9403=CARTESIAN_POINT('Ctrl Pts',(-56.4977878975658,-2.,26.1868086212817));
#9404=CARTESIAN_POINT('Ctrl Pts',(-56.4977878975658,-2.8,26.1868086212817));
#9405=CARTESIAN_POINT('Ctrl Pts',(-56.6684854030609,-2.,26.3041365798563));
#9406=CARTESIAN_POINT('Ctrl Pts',(-56.6684854030609,-2.8,26.3041365798563));
#9407=CARTESIAN_POINT('',(-55.3669852018356,-2.,25.9003222640604));
#9408=CARTESIAN_POINT('Ctrl Pts',(-56.6684854030609,-2.,26.3041365798563));
#9409=CARTESIAN_POINT('Ctrl Pts',(-56.4977878975658,-2.,26.1868086212817));
#9410=CARTESIAN_POINT('Ctrl Pts',(-56.1087182852634,-2.,25.919383838345));
#9411=CARTESIAN_POINT('Ctrl Pts',(-55.6336343486118,-2.,25.9071747998752));
#9412=CARTESIAN_POINT('Ctrl Pts',(-55.3669852018356,-2.,25.9003222640604));
#9413=CARTESIAN_POINT('',(-55.3669852018356,-2.8,25.9003222640604));
#9414=CARTESIAN_POINT('Ctrl Pts',(-55.3669852018356,-2.8,25.9003222640604));
#9415=CARTESIAN_POINT('Ctrl Pts',(-55.6336343486118,-2.8,25.9071747998752));
#9416=CARTESIAN_POINT('Ctrl Pts',(-56.1087182852634,-2.8,25.919383838345));
#9417=CARTESIAN_POINT('Ctrl Pts',(-56.4977878975658,-2.8,26.1868086212817));
#9418=CARTESIAN_POINT('Ctrl Pts',(-56.6684854030609,-2.8,26.3041365798563));
#9419=CARTESIAN_POINT('',(-55.3669852018356,-2.,25.9003222640604));
#9420=CARTESIAN_POINT('Origin',(-51.9999998807907,-2.,25.9003222640604));
#9421=CARTESIAN_POINT('',(-51.9999998807907,-2.,25.9003222640604));
#9422=CARTESIAN_POINT('',(-29.47974585498,-1.99999999999997,25.9003222640604));
#9423=CARTESIAN_POINT('',(-51.9999998807907,-2.8,25.9003222640604));
#9424=CARTESIAN_POINT('',(-55.3669852018356,-2.8,25.9003222640604));
#9425=CARTESIAN_POINT('',(-51.9999998807907,-2.,25.9003222640604));
#9426=CARTESIAN_POINT('Origin',(-51.9999998807907,-2.,24.9180567916483));
#9427=CARTESIAN_POINT('',(-51.9999998807907,-2.,24.9180567916483));
#9428=CARTESIAN_POINT('',(-51.9999998807907,-1.99999999999997,13.4283188558156));
#9429=CARTESIAN_POINT('',(-51.9999998807907,-2.8,24.9180567916483));
#9430=CARTESIAN_POINT('',(-51.9999998807907,-2.8,25.9003222640604));
#9431=CARTESIAN_POINT('',(-51.9999998807907,-2.,24.9180567916483));
#9432=CARTESIAN_POINT('Origin',(-55.7653480768204,-2.,24.9180567916483));
#9433=CARTESIAN_POINT('',(-55.7653480768204,-2.,24.9180567916483));
#9434=CARTESIAN_POINT('',(-31.3624199529949,-1.99999999999997,24.9180567916483));
#9435=CARTESIAN_POINT('',(-55.7653480768204,-2.8,24.9180567916483));
#9436=CARTESIAN_POINT('',(-51.9999998807907,-2.8,24.9180567916483));
#9437=CARTESIAN_POINT('',(-55.7653480768204,-2.,24.9180567916483));
#9438=CARTESIAN_POINT('Ctrl Pts',(-56.7476123571396,-2.,24.6779406722635));
#9439=CARTESIAN_POINT('Ctrl Pts',(-56.7476123571396,-2.8,24.6779406722635));
#9440=CARTESIAN_POINT('Ctrl Pts',(-56.6137673731348,-2.,24.7476900038841));
#9441=CARTESIAN_POINT('Ctrl Pts',(-56.6137673731348,-2.8,24.7476900038841));
#9442=CARTESIAN_POINT('Ctrl Pts',(-56.3074689963143,-2.,24.9073082908044));
#9443=CARTESIAN_POINT('Ctrl Pts',(-56.3074689963143,-2.8,24.9073082908044));
#9444=CARTESIAN_POINT('Ctrl Pts',(-55.9606279646715,-2.,24.9141850243656));
#9445=CARTESIAN_POINT('Ctrl Pts',(-55.9606279646715,-2.8,24.9141850243656));
#9446=CARTESIAN_POINT('Ctrl Pts',(-55.7653480768204,-2.,24.9180567916483));
#9447=CARTESIAN_POINT('Ctrl Pts',(-55.7653480768204,-2.8,24.9180567916483));
#9448=CARTESIAN_POINT('',(-56.7476123571396,-2.,24.6779406722635));
#9449=CARTESIAN_POINT('Ctrl Pts',(-55.7653480768204,-2.,24.9180567916483));
#9450=CARTESIAN_POINT('Ctrl Pts',(-55.9606279646715,-2.,24.9141850243656));
#9451=CARTESIAN_POINT('Ctrl Pts',(-56.3074689963143,-2.,24.9073082908044));
#9452=CARTESIAN_POINT('Ctrl Pts',(-56.6137673731348,-2.,24.7476900038841));
#9453=CARTESIAN_POINT('Ctrl Pts',(-56.7476123571396,-2.,24.6779406722635));
#9454=CARTESIAN_POINT('',(-56.7476123571396,-2.8,24.6779406722635));
#9455=CARTESIAN_POINT('Ctrl Pts',(-56.7476123571396,-2.8,24.6779406722635));
#9456=CARTESIAN_POINT('Ctrl Pts',(-56.6137673731348,-2.8,24.7476900038841));
#9457=CARTESIAN_POINT('Ctrl Pts',(-56.3074689963143,-2.8,24.9073082908044));
#9458=CARTESIAN_POINT('Ctrl Pts',(-55.9606279646715,-2.8,24.9141850243656));
#9459=CARTESIAN_POINT('Ctrl Pts',(-55.7653480768204,-2.8,24.9180567916483));
#9460=CARTESIAN_POINT('',(-56.7476123571396,-2.,24.6779406722635));
#9461=CARTESIAN_POINT('Ctrl Pts',(-57.0750337839127,-2.,23.8921321090311));
#9462=CARTESIAN_POINT('Ctrl Pts',(-57.0750337839127,-2.8,23.8921321090311));
#9463=CARTESIAN_POINT('Ctrl Pts',(-57.0667766083925,-2.,24.0569787346755));
#9464=CARTESIAN_POINT('Ctrl Pts',(-57.0667766083925,-2.8,24.0569787346755));
#9465=CARTESIAN_POINT('Ctrl Pts',(-57.0515759235152,-2.,24.3604458952574));
#9466=CARTESIAN_POINT('Ctrl Pts',(-57.0515759235152,-2.8,24.3604458952574));
#9467=CARTESIAN_POINT('Ctrl Pts',(-56.8429228410086,-2.,24.5783873567686));
#9468=CARTESIAN_POINT('Ctrl Pts',(-56.8429228410086,-2.8,24.5783873567686));
#9469=CARTESIAN_POINT('Ctrl Pts',(-56.7476123571396,-2.,24.6779406722635));
#9470=CARTESIAN_POINT('Ctrl Pts',(-56.7476123571396,-2.8,24.6779406722635));
#9471=CARTESIAN_POINT('',(-57.0750337839127,-2.,23.8921321090311));
#9472=CARTESIAN_POINT('Ctrl Pts',(-56.7476123571396,-2.,24.6779406722635));
#9473=CARTESIAN_POINT('Ctrl Pts',(-56.8429228410086,-2.,24.5783873567686));
#9474=CARTESIAN_POINT('Ctrl Pts',(-57.0515759235152,-2.,24.3604458952574));
#9475=CARTESIAN_POINT('Ctrl Pts',(-57.0667766083925,-2.,24.0569787346755));
#9476=CARTESIAN_POINT('Ctrl Pts',(-57.0750337839127,-2.,23.8921321090311));
#9477=CARTESIAN_POINT('',(-57.0750337839127,-2.8,23.8921321090311));
#9478=CARTESIAN_POINT('Ctrl Pts',(-57.0750337839127,-2.8,23.8921321090311));
#9479=CARTESIAN_POINT('Ctrl Pts',(-57.0667766083925,-2.8,24.0569787346755));
#9480=CARTESIAN_POINT('Ctrl Pts',(-57.0515759235152,-2.8,24.3604458952574));
#9481=CARTESIAN_POINT('Ctrl Pts',(-56.8429228410086,-2.8,24.5783873567686));
#9482=CARTESIAN_POINT('Ctrl Pts',(-56.7476123571396,-2.8,24.6779406722635));
#9483=CARTESIAN_POINT('',(-57.0750337839127,-2.,23.8921321090311));
#9484=CARTESIAN_POINT('Ctrl Pts',(-56.8567532300949,-2.,23.1254161056131));
#9485=CARTESIAN_POINT('Ctrl Pts',(-56.8567532300949,-2.8,23.1254161056131));
#9486=CARTESIAN_POINT('Ctrl Pts',(-56.9204182402946,-2.,23.2453829911637));
#9487=CARTESIAN_POINT('Ctrl Pts',(-56.9204182402946,-2.8,23.2453829911637));
#9488=CARTESIAN_POINT('Ctrl Pts',(-57.0477940965025,-2.,23.4854031327716));
#9489=CARTESIAN_POINT('Ctrl Pts',(-57.0477940965025,-2.8,23.4854031327716));
#9490=CARTESIAN_POINT('Ctrl Pts',(-57.0659517101222,-2.,23.7565232630308));
#9491=CARTESIAN_POINT('Ctrl Pts',(-57.0659517101222,-2.8,23.7565232630308));
#9492=CARTESIAN_POINT('Ctrl Pts',(-57.0750337839127,-2.,23.8921321090311));
#9493=CARTESIAN_POINT('Ctrl Pts',(-57.0750337839127,-2.8,23.8921321090311));
#9494=CARTESIAN_POINT('',(-56.8567532300949,-2.,23.1254161056131));
#9495=CARTESIAN_POINT('Ctrl Pts',(-57.0750337839127,-2.,23.8921321090311));
#9496=CARTESIAN_POINT('Ctrl Pts',(-57.0659517101222,-2.,23.7565232630308));
#9497=CARTESIAN_POINT('Ctrl Pts',(-57.0477940965025,-2.,23.4854031327716));
#9498=CARTESIAN_POINT('Ctrl Pts',(-56.9204182402946,-2.,23.2453829911637));
#9499=CARTESIAN_POINT('Ctrl Pts',(-56.8567532300949,-2.,23.1254161056131));
#9500=CARTESIAN_POINT('',(-56.8567532300949,-2.8,23.1254161056131));
#9501=CARTESIAN_POINT('Ctrl Pts',(-56.8567532300949,-2.8,23.1254161056131));
#9502=CARTESIAN_POINT('Ctrl Pts',(-56.9204182402946,-2.8,23.2453829911637));
#9503=CARTESIAN_POINT('Ctrl Pts',(-57.0477940965025,-2.8,23.4854031327716));
#9504=CARTESIAN_POINT('Ctrl Pts',(-57.0659517101222,-2.8,23.7565232630308));
#9505=CARTESIAN_POINT('Ctrl Pts',(-57.0750337839127,-2.8,23.8921321090311));
#9506=CARTESIAN_POINT('',(-56.8567532300949,-2.,23.1254161056131));
#9507=CARTESIAN_POINT('Ctrl Pts',(-56.2182807922363,-2.,22.6151908095926));
#9508=CARTESIAN_POINT('Ctrl Pts',(-56.2182807922363,-2.8,22.6151908095926));
#9509=CARTESIAN_POINT('Ctrl Pts',(-56.3490917238835,-2.,22.6746793739666));
#9510=CARTESIAN_POINT('Ctrl Pts',(-56.3490917238835,-2.8,22.6746793739666));
#9511=CARTESIAN_POINT('Ctrl Pts',(-56.6051128841524,-2.,22.7911094848295));
#9512=CARTESIAN_POINT('Ctrl Pts',(-56.6051128841524,-2.8,22.7911094848295));
#9513=CARTESIAN_POINT('Ctrl Pts',(-56.7741054047477,-2.,23.0156176744297));
#9514=CARTESIAN_POINT('Ctrl Pts',(-56.7741054047477,-2.8,23.0156176744297));
#9515=CARTESIAN_POINT('Ctrl Pts',(-56.8567532300949,-2.,23.1254161056131));
#9516=CARTESIAN_POINT('Ctrl Pts',(-56.8567532300949,-2.8,23.1254161056131));
#9517=CARTESIAN_POINT('',(-56.2182807922363,-2.,22.6151908095926));
#9518=CARTESIAN_POINT('Ctrl Pts',(-56.8567532300949,-2.,23.1254161056131));
#9519=CARTESIAN_POINT('Ctrl Pts',(-56.7741054047477,-2.,23.0156176744297));
#9520=CARTESIAN_POINT('Ctrl Pts',(-56.6051128841524,-2.,22.7911094848295));
#9521=CARTESIAN_POINT('Ctrl Pts',(-56.3490917238835,-2.,22.6746793739666));
#9522=CARTESIAN_POINT('Ctrl Pts',(-56.2182807922363,-2.,22.6151908095926));
#9523=CARTESIAN_POINT('',(-56.2182807922363,-2.8,22.6151908095926));
#9524=CARTESIAN_POINT('Ctrl Pts',(-56.2182807922363,-2.8,22.6151908095926));
#9525=CARTESIAN_POINT('Ctrl Pts',(-56.3490917238835,-2.8,22.6746793739666));
#9526=CARTESIAN_POINT('Ctrl Pts',(-56.6051128841524,-2.8,22.7911094848295));
#9527=CARTESIAN_POINT('Ctrl Pts',(-56.7741054047477,-2.8,23.0156176744297));
#9528=CARTESIAN_POINT('Ctrl Pts',(-56.8567532300949,-2.8,23.1254161056131));
#9529=CARTESIAN_POINT('',(-56.2182807922363,-2.,22.6151908095926));
#9530=CARTESIAN_POINT('Ctrl Pts',(-55.0068211555481,-2.,22.4569380935282));
#9531=CARTESIAN_POINT('Ctrl Pts',(-55.0068211555481,-2.8,22.4569380935282));
#9532=CARTESIAN_POINT('Ctrl Pts',(-55.2412602425717,-2.,22.4588900551859));
#9533=CARTESIAN_POINT('Ctrl Pts',(-55.2412602425717,-2.8,22.4588900551859));
#9534=CARTESIAN_POINT('Ctrl Pts',(-55.6521314283712,-2.,22.4623110069185));
#9535=CARTESIAN_POINT('Ctrl Pts',(-55.6521314283712,-2.8,22.4623110069185));
#9536=CARTESIAN_POINT('Ctrl Pts',(-56.048203554273,-2.,22.5692641050183));
#9537=CARTESIAN_POINT('Ctrl Pts',(-56.048203554273,-2.8,22.5692641050183));
#9538=CARTESIAN_POINT('Ctrl Pts',(-56.2182807922363,-2.,22.6151908095926));
#9539=CARTESIAN_POINT('Ctrl Pts',(-56.2182807922363,-2.8,22.6151908095926));
#9540=CARTESIAN_POINT('',(-55.0068211555481,-2.,22.4569380935282));
#9541=CARTESIAN_POINT('Ctrl Pts',(-56.2182807922363,-2.,22.6151908095926));
#9542=CARTESIAN_POINT('Ctrl Pts',(-56.048203554273,-2.,22.5692641050183));
#9543=CARTESIAN_POINT('Ctrl Pts',(-55.6521314283712,-2.,22.4623110069185));
#9544=CARTESIAN_POINT('Ctrl Pts',(-55.2412602425717,-2.,22.4588900551859));
#9545=CARTESIAN_POINT('Ctrl Pts',(-55.0068211555481,-2.,22.4569380935282));
#9546=CARTESIAN_POINT('',(-55.0068211555481,-2.8,22.4569380935282));
#9547=CARTESIAN_POINT('Ctrl Pts',(-55.0068211555481,-2.8,22.4569380935282));
#9548=CARTESIAN_POINT('Ctrl Pts',(-55.2412602425717,-2.8,22.4588900551859));
#9549=CARTESIAN_POINT('Ctrl Pts',(-55.6521314283712,-2.8,22.4623110069185));
#9550=CARTESIAN_POINT('Ctrl Pts',(-56.048203554273,-2.8,22.5692641050183));
#9551=CARTESIAN_POINT('Ctrl Pts',(-56.2182807922363,-2.8,22.6151908095926));
#9552=CARTESIAN_POINT('',(-55.0068211555481,-2.,22.4569380935282));
#9553=CARTESIAN_POINT('Origin',(-51.9999998807907,-2.,22.4569380935282));
#9554=CARTESIAN_POINT('',(-51.9999998807907,-2.,22.4569380935282));
#9555=CARTESIAN_POINT('',(-29.47974585498,-1.99999999999997,22.4569380935282));
#9556=CARTESIAN_POINT('',(-51.9999998807907,-2.8,22.4569380935282));
#9557=CARTESIAN_POINT('',(-55.0068211555481,-2.8,22.4569380935282));
#9558=CARTESIAN_POINT('',(-51.9999998807907,-2.,22.4569380935282));
#9559=CARTESIAN_POINT('Origin',(-51.9999998807907,-2.,21.474672621116));
#9560=CARTESIAN_POINT('',(-51.9999998807907,-1.99999999999997,11.7066267705495));
#9561=CARTESIAN_POINT('',(-51.9999998807907,-2.8,22.4569380935282));
#9562=CARTESIAN_POINT('Origin',(-55.9345158934593,-2.8,1.72296470962465));
#9563=CARTESIAN_POINT('Origin',(-60.,-2.,-5.24293058551848));
#9564=CARTESIAN_POINT('',(-51.9999998807907,-2.,-5.24293058551848));
#9565=CARTESIAN_POINT('',(-60.,-2.,-5.24293058551848));
#9566=CARTESIAN_POINT('',(-33.4797459145847,-1.99999999999997,-5.24293058551848));
#9567=CARTESIAN_POINT('',(-51.9999998807907,-2.8,-5.24293058551848));
#9568=CARTESIAN_POINT('',(-51.9999998807907,-2.,-5.24293058551848));
#9569=CARTESIAN_POINT('',(-60.,-2.8,-5.24293058551848));
#9570=CARTESIAN_POINT('',(-51.9999998807907,-2.8,-5.24293058551848));
#9571=CARTESIAN_POINT('',(-60.,-2.,-5.24293058551848));
#9572=CARTESIAN_POINT('Origin',(-60.,-2.,-4.26066511310637));
#9573=CARTESIAN_POINT('',(-60.,-2.,-4.26066511310637));
#9574=CARTESIAN_POINT('',(-60.,-1.99999999999997,-1.16104209656168));
#9575=CARTESIAN_POINT('',(-60.,-2.8,-4.26066511310637));
#9576=CARTESIAN_POINT('',(-60.,-2.8,-5.24293058551848));
#9577=CARTESIAN_POINT('',(-60.,-2.,-4.26066511310637));
#9578=CARTESIAN_POINT('Origin',(-57.1296042203903,-2.,-4.26066511310637));
#9579=CARTESIAN_POINT('',(-57.1296042203903,-2.,-4.26066511310637));
#9580=CARTESIAN_POINT('',(-32.0445480247798,-1.99999999999997,-4.26066511310637));
#9581=CARTESIAN_POINT('',(-57.1296042203903,-2.8,-4.26066511310637));
#9582=CARTESIAN_POINT('',(-60.,-2.8,-4.26066511310637));
#9583=CARTESIAN_POINT('',(-57.1296042203903,-2.,-4.26066511310637));
#9584=CARTESIAN_POINT('Ctrl Pts',(-57.9263299703598,-2.,-2.52533071674407));
#9585=CARTESIAN_POINT('Ctrl Pts',(-57.9263299703598,-2.8,-2.52533071674407));
#9586=CARTESIAN_POINT('Ctrl Pts',(-57.8929644145489,-2.,-2.8597191020353));
#9587=CARTESIAN_POINT('Ctrl Pts',(-57.8929644145489,-2.8,-2.8597191020353));
#9588=CARTESIAN_POINT('Ctrl Pts',(-57.8261482796858,-2.,-3.52934797244596));
#9589=CARTESIAN_POINT('Ctrl Pts',(-57.8261482796858,-2.8,-3.52934797244596));
#9590=CARTESIAN_POINT('Ctrl Pts',(-57.3619824564866,-2.,-4.01668602103642));
#9591=CARTESIAN_POINT('Ctrl Pts',(-57.3619824564866,-2.8,-4.01668602103642));
#9592=CARTESIAN_POINT('Ctrl Pts',(-57.1296042203903,-2.,-4.26066511310637));
#9593=CARTESIAN_POINT('Ctrl Pts',(-57.1296042203903,-2.8,-4.26066511310637));
#9594=CARTESIAN_POINT('',(-57.9263299703598,-2.,-2.52533071674407));
#9595=CARTESIAN_POINT('Ctrl Pts',(-57.1296042203903,-2.,-4.26066511310637));
#9596=CARTESIAN_POINT('Ctrl Pts',(-57.3619824564866,-2.,-4.01668602103642));
#9597=CARTESIAN_POINT('Ctrl Pts',(-57.8261482796858,-2.,-3.52934797244596));
#9598=CARTESIAN_POINT('Ctrl Pts',(-57.8929644145489,-2.,-2.8597191020353));
#9599=CARTESIAN_POINT('Ctrl Pts',(-57.9263299703598,-2.,-2.52533071674407));
#9600=CARTESIAN_POINT('',(-57.9263299703598,-2.8,-2.52533071674407));
#9601=CARTESIAN_POINT('Ctrl Pts',(-57.9263299703598,-2.8,-2.52533071674407));
#9602=CARTESIAN_POINT('Ctrl Pts',(-57.8929644145489,-2.8,-2.8597191020353));
#9603=CARTESIAN_POINT('Ctrl Pts',(-57.8261482796858,-2.8,-3.52934797244596));
#9604=CARTESIAN_POINT('Ctrl Pts',(-57.3619824564866,-2.8,-4.01668602103642));
#9605=CARTESIAN_POINT('Ctrl Pts',(-57.1296042203903,-2.8,-4.26066511310637));
#9606=CARTESIAN_POINT('',(-57.9263299703598,-2.,-2.52533071674407));
#9607=CARTESIAN_POINT('Ctrl Pts',(-57.6725780963898,-2.,-1.40664213337004));
#9608=CARTESIAN_POINT('Ctrl Pts',(-57.6725780963898,-2.8,-1.40664213337004));
#9609=CARTESIAN_POINT('Ctrl Pts',(-57.7465450377673,-2.,-1.57654060902492));
#9610=CARTESIAN_POINT('Ctrl Pts',(-57.7465450377673,-2.8,-1.57654060902492));
#9611=CARTESIAN_POINT('Ctrl Pts',(-57.9017289224473,-2.,-1.93299046300467));
#9612=CARTESIAN_POINT('Ctrl Pts',(-57.9017289224473,-2.8,-1.93299046300467));
#9613=CARTESIAN_POINT('Ctrl Pts',(-57.9178781306156,-2.,-2.32182861730427));
#9614=CARTESIAN_POINT('Ctrl Pts',(-57.9178781306156,-2.8,-2.32182861730427));
#9615=CARTESIAN_POINT('Ctrl Pts',(-57.9263299703598,-2.,-2.52533071674407));
#9616=CARTESIAN_POINT('Ctrl Pts',(-57.9263299703598,-2.8,-2.52533071674407));
#9617=CARTESIAN_POINT('',(-57.6725780963898,-2.,-1.40664213337004));
#9618=CARTESIAN_POINT('Ctrl Pts',(-57.9263299703598,-2.,-2.52533071674407));
#9619=CARTESIAN_POINT('Ctrl Pts',(-57.9178781306156,-2.,-2.32182861730427));
#9620=CARTESIAN_POINT('Ctrl Pts',(-57.9017289224473,-2.,-1.93299046300467));
#9621=CARTESIAN_POINT('Ctrl Pts',(-57.7465450377673,-2.,-1.57654060902492));
#9622=CARTESIAN_POINT('Ctrl Pts',(-57.6725780963898,-2.,-1.40664213337004));
#9623=CARTESIAN_POINT('',(-57.6725780963898,-2.8,-1.40664213337004));
#9624=CARTESIAN_POINT('Ctrl Pts',(-57.6725780963898,-2.8,-1.40664213337004));
#9625=CARTESIAN_POINT('Ctrl Pts',(-57.7465450377673,-2.8,-1.57654060902492));
#9626=CARTESIAN_POINT('Ctrl Pts',(-57.9017289224473,-2.8,-1.93299046300467));
#9627=CARTESIAN_POINT('Ctrl Pts',(-57.9178781306156,-2.8,-2.32182861730427));
#9628=CARTESIAN_POINT('Ctrl Pts',(-57.9263299703598,-2.8,-2.52533071674407));
#9629=CARTESIAN_POINT('',(-57.6725780963898,-2.,-1.40664213337004));
#9630=CARTESIAN_POINT('Ctrl Pts',(-56.971350312233,-2.,-0.727242166176438));
#9631=CARTESIAN_POINT('Ctrl Pts',(-56.971350312233,-2.8,-0.727242166176438));
#9632=CARTESIAN_POINT('Ctrl Pts',(-57.1134074247337,-2.,-0.808555771192068));
#9633=CARTESIAN_POINT('Ctrl Pts',(-57.1134074247337,-2.8,-0.808555771192068));
#9634=CARTESIAN_POINT('Ctrl Pts',(-57.4046024147416,-2.,-0.975236016786285));
#9635=CARTESIAN_POINT('Ctrl Pts',(-57.4046024147416,-2.8,-0.975236016786285));
#9636=CARTESIAN_POINT('Ctrl Pts',(-57.5818164764133,-2.,-1.26052768832762));
#9637=CARTESIAN_POINT('Ctrl Pts',(-57.5818164764133,-2.8,-1.26052768832762));
#9638=CARTESIAN_POINT('Ctrl Pts',(-57.6725780963898,-2.,-1.40664213337004));
#9639=CARTESIAN_POINT('Ctrl Pts',(-57.6725780963898,-2.8,-1.40664213337004));
#9640=CARTESIAN_POINT('',(-56.971350312233,-2.,-0.727242166176438));
#9641=CARTESIAN_POINT('Ctrl Pts',(-57.6725780963898,-2.,-1.40664213337004));
#9642=CARTESIAN_POINT('Ctrl Pts',(-57.5818164764133,-2.,-1.26052768832762));
#9643=CARTESIAN_POINT('Ctrl Pts',(-57.4046024147416,-2.,-0.975236016786285));
#9644=CARTESIAN_POINT('Ctrl Pts',(-57.1134074247337,-2.,-0.808555771192068));
#9645=CARTESIAN_POINT('Ctrl Pts',(-56.971350312233,-2.,-0.727242166176438));
#9646=CARTESIAN_POINT('',(-56.971350312233,-2.8,-0.727242166176438));
#9647=CARTESIAN_POINT('Ctrl Pts',(-56.971350312233,-2.8,-0.727242166176438));
#9648=CARTESIAN_POINT('Ctrl Pts',(-57.1134074247337,-2.8,-0.808555771192068));
#9649=CARTESIAN_POINT('Ctrl Pts',(-57.4046024147416,-2.8,-0.975236016786285));
#9650=CARTESIAN_POINT('Ctrl Pts',(-57.5818164764133,-2.8,-1.26052768832762));
#9651=CARTESIAN_POINT('Ctrl Pts',(-57.6725780963898,-2.8,-1.40664213337004));
#9652=CARTESIAN_POINT('',(-56.971350312233,-2.,-0.727242166176438));
#9653=CARTESIAN_POINT('Ctrl Pts',(-55.6725782155991,-2.,-0.522602731361985));
#9654=CARTESIAN_POINT('Ctrl Pts',(-55.6725782155991,-2.8,-0.522602731361985));
#9655=CARTESIAN_POINT('Ctrl Pts',(-55.9251660163507,-2.,-0.525284443299858));
#9656=CARTESIAN_POINT('Ctrl Pts',(-55.9251660163507,-2.8,-0.525284443299858));
#9657=CARTESIAN_POINT('Ctrl Pts',(-56.3690213902397,-2.,-0.529996833412545));
#9658=CARTESIAN_POINT('Ctrl Pts',(-56.3690213902397,-2.8,-0.529996833412545));
#9659=CARTESIAN_POINT('Ctrl Pts',(-56.7899586751027,-2.,-0.667841641778666));
#9660=CARTESIAN_POINT('Ctrl Pts',(-56.7899586751027,-2.8,-0.667841641778666));
#9661=CARTESIAN_POINT('Ctrl Pts',(-56.971350312233,-2.,-0.727242166176438));
#9662=CARTESIAN_POINT('Ctrl Pts',(-56.971350312233,-2.8,-0.727242166176438));
#9663=CARTESIAN_POINT('',(-55.6725782155991,-2.,-0.522602731361985));
#9664=CARTESIAN_POINT('Ctrl Pts',(-56.971350312233,-2.,-0.727242166176438));
#9665=CARTESIAN_POINT('Ctrl Pts',(-56.7899586751027,-2.,-0.667841641778666));
#9666=CARTESIAN_POINT('Ctrl Pts',(-56.3690213902397,-2.,-0.529996833412545));
#9667=CARTESIAN_POINT('Ctrl Pts',(-55.9251660163507,-2.,-0.525284443299858));
#9668=CARTESIAN_POINT('Ctrl Pts',(-55.6725782155991,-2.,-0.522602731361985));
#9669=CARTESIAN_POINT('',(-55.6725782155991,-2.8,-0.522602731361985));
#9670=CARTESIAN_POINT('Ctrl Pts',(-55.6725782155991,-2.8,-0.522602731361985));
#9671=CARTESIAN_POINT('Ctrl Pts',(-55.9251660163507,-2.8,-0.525284443299858));
#9672=CARTESIAN_POINT('Ctrl Pts',(-56.3690213902397,-2.8,-0.529996833412545));
#9673=CARTESIAN_POINT('Ctrl Pts',(-56.7899586751027,-2.8,-0.667841641778666));
#9674=CARTESIAN_POINT('Ctrl Pts',(-56.971350312233,-2.8,-0.727242166176438));
#9675=CARTESIAN_POINT('',(-55.6725782155991,-2.,-0.522602731361985));
#9676=CARTESIAN_POINT('Origin',(-51.9999998807907,-2.,-0.522602731361985));
#9677=CARTESIAN_POINT('',(-51.9999998807907,-2.,-0.522602731361985));
#9678=CARTESIAN_POINT('',(-29.47974585498,-1.99999999999997,-0.522602731361985));
#9679=CARTESIAN_POINT('',(-51.9999998807907,-2.8,-0.522602731361985));
#9680=CARTESIAN_POINT('',(-55.6725782155991,-2.8,-0.522602731361985));
#9681=CARTESIAN_POINT('',(-51.9999998807907,-2.,-0.522602731361985));
#9682=CARTESIAN_POINT('Origin',(-51.9999998807907,-2.,-1.50486820377409));
#9683=CARTESIAN_POINT('',(-51.9999998807907,-2.,-1.50486820377409));
#9684=CARTESIAN_POINT('',(-51.9999998807907,-1.99999999999997,0.216856358104454));
#9685=CARTESIAN_POINT('',(-51.9999998807907,-2.8,-1.50486820377409));
#9686=CARTESIAN_POINT('',(-51.9999998807907,-2.8,-0.522602731361985));
#9687=CARTESIAN_POINT('',(-51.9999998807907,-2.,-1.50486820377409));
#9688=CARTESIAN_POINT('Origin',(-55.6725782155991,-2.,-1.50486820377409));
#9689=CARTESIAN_POINT('',(-55.6725782155991,-2.,-1.50486820377409));
#9690=CARTESIAN_POINT('',(-31.3160350223842,-1.99999999999997,-1.50486820377409));
#9691=CARTESIAN_POINT('',(-55.6725782155991,-2.8,-1.50486820377409));
#9692=CARTESIAN_POINT('',(-51.9999998807907,-2.8,-1.50486820377409));
#9693=CARTESIAN_POINT('',(-55.6725782155991,-2.,-1.50486820377409));
#9694=CARTESIAN_POINT('Ctrl Pts',(-56.7448836565018,-2.,-1.82410352863371));
#9695=CARTESIAN_POINT('Ctrl Pts',(-56.7448836565018,-2.8,-1.82410352863371));
#9696=CARTESIAN_POINT('Ctrl Pts',(-56.6037803984884,-2.,-1.73137111357946));
#9697=CARTESIAN_POINT('Ctrl Pts',(-56.6037803984884,-2.8,-1.73137111357946));
#9698=CARTESIAN_POINT('Ctrl Pts',(-56.280687677921,-2.,-1.51903605706475));
#9699=CARTESIAN_POINT('Ctrl Pts',(-56.280687677921,-2.8,-1.51903605706475));
#9700=CARTESIAN_POINT('Ctrl Pts',(-55.8916901104952,-2.,-1.50997311559256));
#9701=CARTESIAN_POINT('Ctrl Pts',(-55.8916901104952,-2.8,-1.50997311559256));
#9702=CARTESIAN_POINT('Ctrl Pts',(-55.6725782155991,-2.,-1.50486820377409));
#9703=CARTESIAN_POINT('Ctrl Pts',(-55.6725782155991,-2.8,-1.50486820377409));
#9704=CARTESIAN_POINT('',(-56.7448836565018,-2.,-1.82410352863371));
#9705=CARTESIAN_POINT('Ctrl Pts',(-55.6725782155991,-2.,-1.50486820377409));
#9706=CARTESIAN_POINT('Ctrl Pts',(-55.8916901104952,-2.,-1.50997311559256));
#9707=CARTESIAN_POINT('Ctrl Pts',(-56.280687677921,-2.,-1.51903605706475));
#9708=CARTESIAN_POINT('Ctrl Pts',(-56.6037803984884,-2.,-1.73137111357946));
#9709=CARTESIAN_POINT('Ctrl Pts',(-56.7448836565018,-2.,-1.82410352863371));
#9710=CARTESIAN_POINT('',(-56.7448836565018,-2.8,-1.82410352863371));
#9711=CARTESIAN_POINT('Ctrl Pts',(-56.7448836565018,-2.8,-1.82410352863371));
#9712=CARTESIAN_POINT('Ctrl Pts',(-56.6037803984884,-2.8,-1.73137111357946));
#9713=CARTESIAN_POINT('Ctrl Pts',(-56.280687677921,-2.8,-1.51903605706475));
#9714=CARTESIAN_POINT('Ctrl Pts',(-55.8916901104952,-2.8,-1.50997311559256));
#9715=CARTESIAN_POINT('Ctrl Pts',(-55.6725782155991,-2.8,-1.50486820377409));
#9716=CARTESIAN_POINT('',(-56.7448836565018,-2.,-1.82410352863371));
#9717=CARTESIAN_POINT('Ctrl Pts',(-57.0804911851883,-2.,-2.7272426430136));
#9718=CARTESIAN_POINT('Ctrl Pts',(-57.0804911851883,-2.8,-2.7272426430136));
#9719=CARTESIAN_POINT('Ctrl Pts',(-57.0705334954697,-2.,-2.54768709539223));
#9720=CARTESIAN_POINT('Ctrl Pts',(-57.0705334954697,-2.8,-2.54768709539223));
#9721=CARTESIAN_POINT('Ctrl Pts',(-57.0518364683807,-2.,-2.21054514452596));
#9722=CARTESIAN_POINT('Ctrl Pts',(-57.0518364683807,-2.8,-2.21054514452596));
#9723=CARTESIAN_POINT('Ctrl Pts',(-56.8426576959073,-2.,-1.94719723006916));
#9724=CARTESIAN_POINT('Ctrl Pts',(-56.8426576959073,-2.8,-1.94719723006916));
#9725=CARTESIAN_POINT('Ctrl Pts',(-56.7448836565018,-2.,-1.82410352863371));
#9726=CARTESIAN_POINT('Ctrl Pts',(-56.7448836565018,-2.8,-1.82410352863371));
#9727=CARTESIAN_POINT('',(-57.0804911851883,-2.,-2.7272426430136));
#9728=CARTESIAN_POINT('Ctrl Pts',(-56.7448836565018,-2.,-1.82410352863371));
#9729=CARTESIAN_POINT('Ctrl Pts',(-56.8426576959073,-2.,-1.94719723006916));
#9730=CARTESIAN_POINT('Ctrl Pts',(-57.0518364683807,-2.,-2.21054514452596));
#9731=CARTESIAN_POINT('Ctrl Pts',(-57.0705334954697,-2.,-2.54768709539223));
#9732=CARTESIAN_POINT('Ctrl Pts',(-57.0804911851883,-2.,-2.7272426430136));
#9733=CARTESIAN_POINT('',(-57.0804911851883,-2.8,-2.7272426430136));
#9734=CARTESIAN_POINT('Ctrl Pts',(-57.0804911851883,-2.8,-2.7272426430136));
#9735=CARTESIAN_POINT('Ctrl Pts',(-57.0705334954697,-2.8,-2.54768709539223));
#9736=CARTESIAN_POINT('Ctrl Pts',(-57.0518364683807,-2.8,-2.21054514452596));
#9737=CARTESIAN_POINT('Ctrl Pts',(-56.8426576959073,-2.8,-1.94719723006916));
#9738=CARTESIAN_POINT('Ctrl Pts',(-56.7448836565018,-2.8,-1.82410352863371));
#9739=CARTESIAN_POINT('',(-57.0804911851883,-2.,-2.7272426430136));
#9740=CARTESIAN_POINT('Ctrl Pts',(-56.8540245294571,-2.,-3.54852312244475));
#9741=CARTESIAN_POINT('Ctrl Pts',(-56.8540245294571,-2.8,-3.54852312244475));
#9742=CARTESIAN_POINT('Ctrl Pts',(-56.9200766451313,-2.,-3.41855685006395));
#9743=CARTESIAN_POINT('Ctrl Pts',(-56.9200766451313,-2.8,-3.41855685006395));
#9744=CARTESIAN_POINT('Ctrl Pts',(-57.0514071536503,-2.,-3.16014670728703));
#9745=CARTESIAN_POINT('Ctrl Pts',(-57.0514071536503,-2.8,-3.16014670728703));
#9746=CARTESIAN_POINT('Ctrl Pts',(-57.0708346598577,-2.,-2.87097612291062));
#9747=CARTESIAN_POINT('Ctrl Pts',(-57.0708346598577,-2.8,-2.87097612291062));
#9748=CARTESIAN_POINT('Ctrl Pts',(-57.0804911851883,-2.,-2.7272426430136));
#9749=CARTESIAN_POINT('Ctrl Pts',(-57.0804911851883,-2.8,-2.7272426430136));
#9750=CARTESIAN_POINT('',(-56.8540245294571,-2.,-3.54852312244475));
#9751=CARTESIAN_POINT('Ctrl Pts',(-57.0804911851883,-2.,-2.7272426430136));
#9752=CARTESIAN_POINT('Ctrl Pts',(-57.0708346598577,-2.,-2.87097612291062));
#9753=CARTESIAN_POINT('Ctrl Pts',(-57.0514071536503,-2.,-3.16014670728703));
#9754=CARTESIAN_POINT('Ctrl Pts',(-56.9200766451313,-2.,-3.41855685006395));
#9755=CARTESIAN_POINT('Ctrl Pts',(-56.8540245294571,-2.,-3.54852312244475));
#9756=CARTESIAN_POINT('',(-56.8540245294571,-2.8,-3.54852312244475));
#9757=CARTESIAN_POINT('Ctrl Pts',(-56.8540245294571,-2.8,-3.54852312244475));
#9758=CARTESIAN_POINT('Ctrl Pts',(-56.9200766451313,-2.8,-3.41855685006395));
#9759=CARTESIAN_POINT('Ctrl Pts',(-57.0514071536503,-2.8,-3.16014670728703));
#9760=CARTESIAN_POINT('Ctrl Pts',(-57.0708346598577,-2.8,-2.87097612291062));
#9761=CARTESIAN_POINT('Ctrl Pts',(-57.0804911851883,-2.8,-2.7272426430136));
#9762=CARTESIAN_POINT('',(-56.8540245294571,-2.,-3.54852312244475));
#9763=CARTESIAN_POINT('Ctrl Pts',(-56.2401086091995,-2.,-4.09695499576628));
#9764=CARTESIAN_POINT('Ctrl Pts',(-56.2401086091995,-2.8,-4.09695499576628));
#9765=CARTESIAN_POINT('Ctrl Pts',(-56.3631348002309,-2.,-4.03217319097775));
#9766=CARTESIAN_POINT('Ctrl Pts',(-56.3631348002309,-2.8,-4.03217319097775));
#9767=CARTESIAN_POINT('Ctrl Pts',(-56.613206460667,-2.,-3.90049315314436));
#9768=CARTESIAN_POINT('Ctrl Pts',(-56.613206460667,-2.8,-3.90049315314436));
#9769=CARTESIAN_POINT('Ctrl Pts',(-56.7728963011969,-2.,-3.66709688700828));
#9770=CARTESIAN_POINT('Ctrl Pts',(-56.7728963011969,-2.8,-3.66709688700828));
#9771=CARTESIAN_POINT('Ctrl Pts',(-56.8540245294571,-2.,-3.54852312244475));
#9772=CARTESIAN_POINT('Ctrl Pts',(-56.8540245294571,-2.8,-3.54852312244475));
#9773=CARTESIAN_POINT('',(-56.2401086091995,-2.,-4.09695499576628));
#9774=CARTESIAN_POINT('Ctrl Pts',(-56.8540245294571,-2.,-3.54852312244475));
#9775=CARTESIAN_POINT('Ctrl Pts',(-56.7728963011969,-2.,-3.66709688700828));
#9776=CARTESIAN_POINT('Ctrl Pts',(-56.613206460667,-2.,-3.90049315314436));
#9777=CARTESIAN_POINT('Ctrl Pts',(-56.3631348002309,-2.,-4.03217319097775));
#9778=CARTESIAN_POINT('Ctrl Pts',(-56.2401086091995,-2.,-4.09695499576628));
#9779=CARTESIAN_POINT('',(-56.2401086091995,-2.8,-4.09695499576628));
#9780=CARTESIAN_POINT('Ctrl Pts',(-56.2401086091995,-2.8,-4.09695499576628));
#9781=CARTESIAN_POINT('Ctrl Pts',(-56.3631348002309,-2.8,-4.03217319097775));
#9782=CARTESIAN_POINT('Ctrl Pts',(-56.613206460667,-2.8,-3.90049315314436));
#9783=CARTESIAN_POINT('Ctrl Pts',(-56.7728963011969,-2.8,-3.66709688700828));
#9784=CARTESIAN_POINT('Ctrl Pts',(-56.8540245294571,-2.8,-3.54852312244475));
#9785=CARTESIAN_POINT('',(-56.2401086091995,-2.,-4.09695499576628));
#9786=CARTESIAN_POINT('Ctrl Pts',(-55.1705318689346,-2.,-4.26066511310637));
#9787=CARTESIAN_POINT('Ctrl Pts',(-55.1705318689346,-2.8,-4.26066511310637));
#9788=CARTESIAN_POINT('Ctrl Pts',(-55.3751427335922,-2.,-4.25786792509145));
#9789=CARTESIAN_POINT('Ctrl Pts',(-55.3751427335922,-2.8,-4.25786792509145));
#9790=CARTESIAN_POINT('Ctrl Pts',(-55.7398584356812,-2.,-4.25288198071139));
#9791=CARTESIAN_POINT('Ctrl Pts',(-55.7398584356812,-2.8,-4.25288198071139));
#9792=CARTESIAN_POINT('Ctrl Pts',(-56.0874993519868,-2.,-4.14452299796113));
#9793=CARTESIAN_POINT('Ctrl Pts',(-56.0874993519868,-2.8,-4.14452299796113));
#9794=CARTESIAN_POINT('Ctrl Pts',(-56.2401086091995,-2.,-4.09695499576628));
#9795=CARTESIAN_POINT('Ctrl Pts',(-56.2401086091995,-2.8,-4.09695499576628));
#9796=CARTESIAN_POINT('',(-55.1705318689346,-2.,-4.26066511310637));
#9797=CARTESIAN_POINT('Ctrl Pts',(-56.2401086091995,-2.,-4.09695499576628));
#9798=CARTESIAN_POINT('Ctrl Pts',(-56.0874993519868,-2.,-4.14452299796113));
#9799=CARTESIAN_POINT('Ctrl Pts',(-55.7398584356812,-2.,-4.25288198071139));
#9800=CARTESIAN_POINT('Ctrl Pts',(-55.3751427335922,-2.,-4.25786792509145));
#9801=CARTESIAN_POINT('Ctrl Pts',(-55.1705318689346,-2.,-4.26066511310637));
#9802=CARTESIAN_POINT('',(-55.1705318689346,-2.8,-4.26066511310637));
#9803=CARTESIAN_POINT('Ctrl Pts',(-55.1705318689346,-2.8,-4.26066511310637));
#9804=CARTESIAN_POINT('Ctrl Pts',(-55.3751427335922,-2.8,-4.25786792509145));
#9805=CARTESIAN_POINT('Ctrl Pts',(-55.7398584356812,-2.8,-4.25288198071139));
#9806=CARTESIAN_POINT('Ctrl Pts',(-56.0874993519868,-2.8,-4.14452299796113));
#9807=CARTESIAN_POINT('Ctrl Pts',(-56.2401086091995,-2.8,-4.09695499576628));
#9808=CARTESIAN_POINT('',(-55.1705318689346,-2.,-4.26066511310637));
#9809=CARTESIAN_POINT('Origin',(-51.9999998807907,-2.,-4.26066511310637));
#9810=CARTESIAN_POINT('',(-51.9999998807907,-2.,-4.26066511310637));
#9811=CARTESIAN_POINT('',(-29.47974585498,-1.99999999999997,-4.26066511310637));
#9812=CARTESIAN_POINT('',(-51.9999998807907,-2.8,-4.26066511310637));
#9813=CARTESIAN_POINT('',(-55.1705318689346,-2.8,-4.26066511310637));
#9814=CARTESIAN_POINT('',(-51.9999998807907,-2.,-4.26066511310637));
#9815=CARTESIAN_POINT('Origin',(-51.9999998807907,-2.,-5.24293058551848));
#9816=CARTESIAN_POINT('',(-51.9999998807907,-1.99999999999997,-1.65217483276774));
#9817=CARTESIAN_POINT('',(-51.9999998807907,-2.8,-4.26066511310637));
#9818=CARTESIAN_POINT('Origin',(-55.9345158934593,-2.8,1.72296470962465));
#9819=CARTESIAN_POINT('Ctrl Pts',(-53.4351974725723,-2.,-16.4953171554953));
#9820=CARTESIAN_POINT('Ctrl Pts',(-53.4351974725723,-2.8,-16.4953171554953));
#9821=CARTESIAN_POINT('Ctrl Pts',(-53.6356428995434,-2.,-16.5775257936369));
#9822=CARTESIAN_POINT('Ctrl Pts',(-53.6356428995434,-2.8,-16.5775257936369));
#9823=CARTESIAN_POINT('Ctrl Pts',(-54.1160999346039,-2.,-16.7745755299901));
#9824=CARTESIAN_POINT('Ctrl Pts',(-54.1160999346039,-2.8,-16.7745755299901));
#9825=CARTESIAN_POINT('Ctrl Pts',(-54.6374767501273,-2.,-16.7774232750965));
#9826=CARTESIAN_POINT('Ctrl Pts',(-54.6374767501273,-2.8,-16.7774232750965));
#9827=CARTESIAN_POINT('Ctrl Pts',(-54.9413365125656,-2.,-16.779082948342));
#9828=CARTESIAN_POINT('Ctrl Pts',(-54.9413365125656,-2.8,-16.779082948342));
#9829=CARTESIAN_POINT('',(-54.9413365125656,-2.,-16.779082948342));
#9830=CARTESIAN_POINT('',(-53.4351974725723,-2.,-16.4953171554953));
#9831=CARTESIAN_POINT('Ctrl Pts',(-54.9413365125656,-2.,-16.779082948342));
#9832=CARTESIAN_POINT('Ctrl Pts',(-54.6374767501273,-2.,-16.7774232750965));
#9833=CARTESIAN_POINT('Ctrl Pts',(-54.1160999346039,-2.,-16.7745755299901));
#9834=CARTESIAN_POINT('Ctrl Pts',(-53.6356428995434,-2.,-16.5775257936369));
#9835=CARTESIAN_POINT('Ctrl Pts',(-53.4351974725723,-2.,-16.4953171554953));
#9836=CARTESIAN_POINT('',(-54.9413365125656,-2.8,-16.779082948342));
#9837=CARTESIAN_POINT('',(-54.9413365125656,-2.,-16.779082948342));
#9838=CARTESIAN_POINT('',(-53.4351974725723,-2.8,-16.4953171554953));
#9839=CARTESIAN_POINT('Ctrl Pts',(-53.4351974725723,-2.8,-16.4953171554953));
#9840=CARTESIAN_POINT('Ctrl Pts',(-53.6356428995434,-2.8,-16.5775257936369));
#9841=CARTESIAN_POINT('Ctrl Pts',(-54.1160999346039,-2.8,-16.7745755299901));
#9842=CARTESIAN_POINT('Ctrl Pts',(-54.6374767501273,-2.8,-16.7774232750965));
#9843=CARTESIAN_POINT('Ctrl Pts',(-54.9413365125656,-2.8,-16.779082948342));
#9844=CARTESIAN_POINT('',(-53.4351974725723,-2.,-16.4953171554953));
#9845=CARTESIAN_POINT('Ctrl Pts',(-52.6766711473465,-2.,-15.2402018848807));
#9846=CARTESIAN_POINT('Ctrl Pts',(-52.6766711473465,-2.8,-15.2402018848807));
#9847=CARTESIAN_POINT('Ctrl Pts',(-52.712528624882,-2.,-15.4928353880688));
#9848=CARTESIAN_POINT('Ctrl Pts',(-52.712528624882,-2.8,-15.4928353880688));
#9849=CARTESIAN_POINT('Ctrl Pts',(-52.7868800106645,-2.,-16.0166773409357));
#9850=CARTESIAN_POINT('Ctrl Pts',(-52.7868800106645,-2.8,-16.0166773409357));
#9851=CARTESIAN_POINT('Ctrl Pts',(-53.2140427216525,-2.,-16.3320430264016));
#9852=CARTESIAN_POINT('Ctrl Pts',(-53.2140427216525,-2.8,-16.3320430264016));
#9853=CARTESIAN_POINT('Ctrl Pts',(-53.4351974725723,-2.,-16.4953171554953));
#9854=CARTESIAN_POINT('Ctrl Pts',(-53.4351974725723,-2.8,-16.4953171554953));
#9855=CARTESIAN_POINT('',(-52.6766711473465,-2.,-15.2402018848807));
#9856=CARTESIAN_POINT('Ctrl Pts',(-53.4351974725723,-2.,-16.4953171554953));
#9857=CARTESIAN_POINT('Ctrl Pts',(-53.2140427216525,-2.,-16.3320430264016));
#9858=CARTESIAN_POINT('Ctrl Pts',(-52.7868800106645,-2.,-16.0166773409357));
#9859=CARTESIAN_POINT('Ctrl Pts',(-52.712528624882,-2.,-15.4928353880688));
#9860=CARTESIAN_POINT('Ctrl Pts',(-52.6766711473465,-2.,-15.2402018848807));
#9861=CARTESIAN_POINT('',(-52.6766711473465,-2.8,-15.2402018848807));
#9862=CARTESIAN_POINT('Ctrl Pts',(-52.6766711473465,-2.8,-15.2402018848807));
#9863=CARTESIAN_POINT('Ctrl Pts',(-52.712528624882,-2.8,-15.4928353880688));
#9864=CARTESIAN_POINT('Ctrl Pts',(-52.7868800106645,-2.8,-16.0166773409357));
#9865=CARTESIAN_POINT('Ctrl Pts',(-53.2140427216525,-2.8,-16.3320430264016));
#9866=CARTESIAN_POINT('Ctrl Pts',(-53.4351974725723,-2.8,-16.4953171554953));
#9867=CARTESIAN_POINT('',(-52.6766711473465,-2.,-15.2402018848807));
#9868=CARTESIAN_POINT('Ctrl Pts',(-53.23601603508,-2.,-14.1269683185965));
#9869=CARTESIAN_POINT('Ctrl Pts',(-53.23601603508,-2.8,-14.1269683185965));
#9870=CARTESIAN_POINT('Ctrl Pts',(-53.0729374135961,-2.,-14.2865206384983));
#9871=CARTESIAN_POINT('Ctrl Pts',(-53.0729374135961,-2.8,-14.2865206384983));
#9872=CARTESIAN_POINT('Ctrl Pts',(-52.7581772896001,-2.,-14.5944746029063));
#9873=CARTESIAN_POINT('Ctrl Pts',(-52.7581772896001,-2.8,-14.5944746029063));
#9874=CARTESIAN_POINT('Ctrl Pts',(-52.7031760161626,-2.,-15.0302187299119));
#9875=CARTESIAN_POINT('Ctrl Pts',(-52.7031760161626,-2.8,-15.0302187299119));
#9876=CARTESIAN_POINT('Ctrl Pts',(-52.6766711473465,-2.,-15.2402018848807));
#9877=CARTESIAN_POINT('Ctrl Pts',(-52.6766711473465,-2.8,-15.2402018848807));
#9878=CARTESIAN_POINT('',(-53.23601603508,-2.,-14.1269683185965));
#9879=CARTESIAN_POINT('Ctrl Pts',(-52.6766711473465,-2.,-15.2402018848807));
#9880=CARTESIAN_POINT('Ctrl Pts',(-52.7031760161626,-2.,-15.0302187299119));
#9881=CARTESIAN_POINT('Ctrl Pts',(-52.7581772896001,-2.,-14.5944746029063));
#9882=CARTESIAN_POINT('Ctrl Pts',(-53.0729374135961,-2.,-14.2865206384983));
#9883=CARTESIAN_POINT('Ctrl Pts',(-53.23601603508,-2.,-14.1269683185965));
#9884=CARTESIAN_POINT('',(-53.23601603508,-2.8,-14.1269683185965));
#9885=CARTESIAN_POINT('Ctrl Pts',(-53.23601603508,-2.8,-14.1269683185965));
#9886=CARTESIAN_POINT('Ctrl Pts',(-53.0729374135961,-2.8,-14.2865206384983));
#9887=CARTESIAN_POINT('Ctrl Pts',(-52.7581772896001,-2.8,-14.5944746029063));
#9888=CARTESIAN_POINT('Ctrl Pts',(-52.7031760161626,-2.8,-15.0302187299119));
#9889=CARTESIAN_POINT('Ctrl Pts',(-52.6766711473465,-2.8,-15.2402018848807));
#9890=CARTESIAN_POINT('',(-53.23601603508,-2.,-14.1269683185965));
#9891=CARTESIAN_POINT('Ctrl Pts',(-54.9031376838684,-2.,-13.6576639954001));
#9892=CARTESIAN_POINT('Ctrl Pts',(-54.9031376838684,-2.8,-13.6576639954001));
#9893=CARTESIAN_POINT('Ctrl Pts',(-54.5704935896998,-2.,-13.6667701416283));
#9894=CARTESIAN_POINT('Ctrl Pts',(-54.5704935896998,-2.8,-13.6667701416283));
#9895=CARTESIAN_POINT('Ctrl Pts',(-53.9723615190525,-2.,-13.6831440325062));
#9896=CARTESIAN_POINT('Ctrl Pts',(-53.9723615190525,-2.8,-13.6831440325062));
#9897=CARTESIAN_POINT('Ctrl Pts',(-53.4623781640969,-2.,-13.9905309906091));
#9898=CARTESIAN_POINT('Ctrl Pts',(-53.4623781640969,-2.8,-13.9905309906091));
#9899=CARTESIAN_POINT('Ctrl Pts',(-53.23601603508,-2.,-14.1269683185965));
#9900=CARTESIAN_POINT('Ctrl Pts',(-53.23601603508,-2.8,-14.1269683185965));
#9901=CARTESIAN_POINT('',(-54.9031376838684,-2.,-13.6576639954001));
#9902=CARTESIAN_POINT('Ctrl Pts',(-53.23601603508,-2.,-14.1269683185965));
#9903=CARTESIAN_POINT('Ctrl Pts',(-53.4623781640969,-2.,-13.9905309906091));
#9904=CARTESIAN_POINT('Ctrl Pts',(-53.9723615190525,-2.,-13.6831440325062));
#9905=CARTESIAN_POINT('Ctrl Pts',(-54.5704935896998,-2.,-13.6667701416283));
#9906=CARTESIAN_POINT('Ctrl Pts',(-54.9031376838684,-2.,-13.6576639954001));
#9907=CARTESIAN_POINT('',(-54.9031376838684,-2.8,-13.6576639954001));
#9908=CARTESIAN_POINT('Ctrl Pts',(-54.9031376838684,-2.8,-13.6576639954001));
#9909=CARTESIAN_POINT('Ctrl Pts',(-54.5704935896998,-2.8,-13.6667701416283));
#9910=CARTESIAN_POINT('Ctrl Pts',(-53.9723615190525,-2.8,-13.6831440325062));
#9911=CARTESIAN_POINT('Ctrl Pts',(-53.4623781640969,-2.8,-13.9905309906091));
#9912=CARTESIAN_POINT('Ctrl Pts',(-53.23601603508,-2.8,-14.1269683185965));
#9913=CARTESIAN_POINT('',(-54.9031376838684,-2.,-13.6576639954001));
#9914=CARTESIAN_POINT('Ctrl Pts',(-56.5784448385239,-2.,-14.1078686062247));
#9915=CARTESIAN_POINT('Ctrl Pts',(-56.5784448385239,-2.8,-14.1078686062247));
#9916=CARTESIAN_POINT('Ctrl Pts',(-56.35412390615,-2.,-13.9771050679268));
#9917=CARTESIAN_POINT('Ctrl Pts',(-56.35412390615,-2.8,-13.9771050679268));
#9918=CARTESIAN_POINT('Ctrl Pts',(-55.839547504691,-2.,-13.6771427315222));
#9919=CARTESIAN_POINT('Ctrl Pts',(-55.839547504691,-2.8,-13.6771427315222));
#9920=CARTESIAN_POINT('Ctrl Pts',(-55.2408455726167,-2.,-13.6646888286568));
#9921=CARTESIAN_POINT('Ctrl Pts',(-55.2408455726167,-2.8,-13.6646888286568));
#9922=CARTESIAN_POINT('Ctrl Pts',(-54.9031376838684,-2.,-13.6576639954001));
#9923=CARTESIAN_POINT('Ctrl Pts',(-54.9031376838684,-2.8,-13.6576639954001));
#9924=CARTESIAN_POINT('',(-56.5784448385239,-2.,-14.1078686062247));
#9925=CARTESIAN_POINT('Ctrl Pts',(-54.9031376838684,-2.,-13.6576639954001));
#9926=CARTESIAN_POINT('Ctrl Pts',(-55.2408455726167,-2.,-13.6646888286568));
#9927=CARTESIAN_POINT('Ctrl Pts',(-55.839547504691,-2.,-13.6771427315222));
#9928=CARTESIAN_POINT('Ctrl Pts',(-56.35412390615,-2.,-13.9771050679268));
#9929=CARTESIAN_POINT('Ctrl Pts',(-56.5784448385239,-2.,-14.1078686062247));
#9930=CARTESIAN_POINT('',(-56.5784448385239,-2.8,-14.1078686062247));
#9931=CARTESIAN_POINT('Ctrl Pts',(-56.5784448385239,-2.8,-14.1078686062247));
#9932=CARTESIAN_POINT('Ctrl Pts',(-56.35412390615,-2.8,-13.9771050679268));
#9933=CARTESIAN_POINT('Ctrl Pts',(-55.839547504691,-2.8,-13.6771427315222));
#9934=CARTESIAN_POINT('Ctrl Pts',(-55.2408455726167,-2.8,-13.6646888286568));
#9935=CARTESIAN_POINT('Ctrl Pts',(-54.9031376838684,-2.8,-13.6576639954001));
#9936=CARTESIAN_POINT('',(-56.5784448385239,-2.,-14.1078686062247));
#9937=CARTESIAN_POINT('Ctrl Pts',(-57.1186900138855,-2.,-15.1965450588614));
#9938=CARTESIAN_POINT('Ctrl Pts',(-57.1186900138855,-2.8,-15.1965450588614));
#9939=CARTESIAN_POINT('Ctrl Pts',(-57.0937703774528,-2.,-14.9895982385387));
#9940=CARTESIAN_POINT('Ctrl Pts',(-57.0937703774528,-2.8,-14.9895982385387));
#9941=CARTESIAN_POINT('Ctrl Pts',(-57.0425009135482,-2.,-14.5638274788665));
#9942=CARTESIAN_POINT('Ctrl Pts',(-57.0425009135482,-2.8,-14.5638274788665));
#9943=CARTESIAN_POINT('Ctrl Pts',(-56.7359803853877,-2.,-14.2626553533764));
#9944=CARTESIAN_POINT('Ctrl Pts',(-56.7359803853877,-2.8,-14.2626553533764));
#9945=CARTESIAN_POINT('Ctrl Pts',(-56.5784448385239,-2.,-14.1078686062247));
#9946=CARTESIAN_POINT('Ctrl Pts',(-56.5784448385239,-2.8,-14.1078686062247));
#9947=CARTESIAN_POINT('',(-57.1186900138855,-2.,-15.1965450588614));
#9948=CARTESIAN_POINT('Ctrl Pts',(-56.5784448385239,-2.,-14.1078686062247));
#9949=CARTESIAN_POINT('Ctrl Pts',(-56.7359803853877,-2.,-14.2626553533764));
#9950=CARTESIAN_POINT('Ctrl Pts',(-57.0425009135482,-2.,-14.5638274788665));
#9951=CARTESIAN_POINT('Ctrl Pts',(-57.0937703774528,-2.,-14.9895982385387));
#9952=CARTESIAN_POINT('Ctrl Pts',(-57.1186900138855,-2.,-15.1965450588614));
#9953=CARTESIAN_POINT('',(-57.1186900138855,-2.8,-15.1965450588614));
#9954=CARTESIAN_POINT('Ctrl Pts',(-57.1186900138855,-2.8,-15.1965450588614));
#9955=CARTESIAN_POINT('Ctrl Pts',(-57.0937703774528,-2.8,-14.9895982385387));
#9956=CARTESIAN_POINT('Ctrl Pts',(-57.0425009135482,-2.8,-14.5638274788665));
#9957=CARTESIAN_POINT('Ctrl Pts',(-56.7359803853877,-2.8,-14.2626553533764));
#9958=CARTESIAN_POINT('Ctrl Pts',(-56.5784448385239,-2.8,-14.1078686062247));
#9959=CARTESIAN_POINT('',(-57.1186900138855,-2.,-15.1965450588614));
#9960=CARTESIAN_POINT('Ctrl Pts',(-56.559345126152,-2.,-16.3097786251456));
#9961=CARTESIAN_POINT('Ctrl Pts',(-56.559345126152,-2.8,-16.3097786251456));
#9962=CARTESIAN_POINT('Ctrl Pts',(-56.722424051718,-2.,-16.1502263535515));
#9963=CARTESIAN_POINT('Ctrl Pts',(-56.722424051718,-2.8,-16.1502263535515));
#9964=CARTESIAN_POINT('Ctrl Pts',(-57.0371846429741,-2.,-15.8422725994479));
#9965=CARTESIAN_POINT('Ctrl Pts',(-57.0371846429741,-2.8,-15.8422725994479));
#9966=CARTESIAN_POINT('Ctrl Pts',(-57.0921854032109,-2.,-15.4065282400152));
#9967=CARTESIAN_POINT('Ctrl Pts',(-57.0921854032109,-2.8,-15.4065282400152));
#9968=CARTESIAN_POINT('Ctrl Pts',(-57.1186900138855,-2.,-15.1965450588614));
#9969=CARTESIAN_POINT('Ctrl Pts',(-57.1186900138855,-2.8,-15.1965450588614));
#9970=CARTESIAN_POINT('',(-56.559345126152,-2.,-16.3097786251456));
#9971=CARTESIAN_POINT('Ctrl Pts',(-57.1186900138855,-2.,-15.1965450588614));
#9972=CARTESIAN_POINT('Ctrl Pts',(-57.0921854032109,-2.,-15.4065282400152));
#9973=CARTESIAN_POINT('Ctrl Pts',(-57.0371846429741,-2.,-15.8422725994479));
#9974=CARTESIAN_POINT('Ctrl Pts',(-56.722424051718,-2.,-16.1502263535515));
#9975=CARTESIAN_POINT('Ctrl Pts',(-56.559345126152,-2.,-16.3097786251456));
#9976=CARTESIAN_POINT('',(-56.559345126152,-2.8,-16.3097786251456));
#9977=CARTESIAN_POINT('Ctrl Pts',(-56.559345126152,-2.8,-16.3097786251456));
#9978=CARTESIAN_POINT('Ctrl Pts',(-56.722424051718,-2.8,-16.1502263535515));
#9979=CARTESIAN_POINT('Ctrl Pts',(-57.0371846429741,-2.8,-15.8422725994479));
#9980=CARTESIAN_POINT('Ctrl Pts',(-57.0921854032109,-2.8,-15.4065282400152));
#9981=CARTESIAN_POINT('Ctrl Pts',(-57.1186900138855,-2.8,-15.1965450588614));
#9982=CARTESIAN_POINT('',(-56.559345126152,-2.,-16.3097786251456));
#9983=CARTESIAN_POINT('Ctrl Pts',(-54.9413365125656,-2.,-16.779082948342));
#9984=CARTESIAN_POINT('Ctrl Pts',(-54.9413365125656,-2.8,-16.779082948342));
#9985=CARTESIAN_POINT('Ctrl Pts',(-55.2615017835411,-2.,-16.7686981685858));
#9986=CARTESIAN_POINT('Ctrl Pts',(-55.2615017835411,-2.8,-16.7686981685858));
#9987=CARTESIAN_POINT('Ctrl Pts',(-55.8434002442401,-2.,-16.7498238936328));
#9988=CARTESIAN_POINT('Ctrl Pts',(-55.8434002442401,-2.8,-16.7498238936328));
#9989=CARTESIAN_POINT('Ctrl Pts',(-56.3372262221077,-2.,-16.4463008285103));
#9990=CARTESIAN_POINT('Ctrl Pts',(-56.3372262221077,-2.8,-16.4463008285103));
#9991=CARTESIAN_POINT('Ctrl Pts',(-56.559345126152,-2.,-16.3097786251456));
#9992=CARTESIAN_POINT('Ctrl Pts',(-56.559345126152,-2.8,-16.3097786251456));
#9993=CARTESIAN_POINT('Ctrl Pts',(-56.559345126152,-2.,-16.3097786251456));
#9994=CARTESIAN_POINT('Ctrl Pts',(-56.3372262221077,-2.,-16.4463008285103));
#9995=CARTESIAN_POINT('Ctrl Pts',(-55.8434002442401,-2.,-16.7498238936328));
#9996=CARTESIAN_POINT('Ctrl Pts',(-55.2615017835411,-2.,-16.7686981685858));
#9997=CARTESIAN_POINT('Ctrl Pts',(-54.9413365125656,-2.,-16.779082948342));
#9998=CARTESIAN_POINT('Ctrl Pts',(-54.9413365125656,-2.8,-16.779082948342));
#9999=CARTESIAN_POINT('Ctrl Pts',(-55.2615017835411,-2.8,-16.7686981685858));
#10000=CARTESIAN_POINT('Ctrl Pts',(-55.8434002442401,-2.8,-16.7498238936328));
#10001=CARTESIAN_POINT('Ctrl Pts',(-56.3372262221077,-2.8,-16.4463008285103));
#10002=CARTESIAN_POINT('Ctrl Pts',(-56.559345126152,-2.8,-16.3097786251456));
#10003=CARTESIAN_POINT('Origin',(-51.9999998807907,-2.,-17.6794921699911));
#10004=CARTESIAN_POINT('',(-51.9999998807907,-2.,-16.7681681457907));
#10005=CARTESIAN_POINT('',(-51.9999998807907,-2.,-17.6794921699911));
#10006=CARTESIAN_POINT('',(-51.9999998807907,-1.99999999999997,-7.87045562500407));
#10007=CARTESIAN_POINT('',(-51.9999998807907,-2.8,-16.7681681457907));
#10008=CARTESIAN_POINT('',(-51.9999998807907,-2.,-16.7681681457907));
#10009=CARTESIAN_POINT('',(-51.9999998807907,-2.8,-17.6794921699911));
#10010=CARTESIAN_POINT('',(-51.9999998807907,-2.8,-16.7681681457907));
#10011=CARTESIAN_POINT('',(-51.9999998807907,-2.,-17.6794921699911));
#10012=CARTESIAN_POINT('Origin',(-59.9999994039536,-2.,-17.6794921699911));
#10013=CARTESIAN_POINT('',(-59.9999994039536,-2.,-17.6794921699911));
#10014=CARTESIAN_POINT('',(-33.4797456165614,-1.99999999999997,-17.6794921699911));
#10015=CARTESIAN_POINT('',(-59.9999994039536,-2.8,-17.6794921699911));
#10016=CARTESIAN_POINT('',(-51.9999998807907,-2.8,-17.6794921699911));
#10017=CARTESIAN_POINT('',(-59.9999994039536,-2.,-17.6794921699911));
#10018=CARTESIAN_POINT('Origin',(-59.9999994039536,-2.,-16.697226697579));
#10019=CARTESIAN_POINT('',(-59.9999994039536,-2.,-16.697226697579));
#10020=CARTESIAN_POINT('',(-59.9999994039536,-1.99999999999997,-7.37932288879801));
#10021=CARTESIAN_POINT('',(-59.9999994039536,-2.8,-16.697226697579));
#10022=CARTESIAN_POINT('',(-59.9999994039536,-2.8,-17.6794921699911));
#10023=CARTESIAN_POINT('',(-59.9999994039536,-2.,-16.697226697579));
#10024=CARTESIAN_POINT('Origin',(-57.1459752321243,-2.,-16.697226697579));
#10025=CARTESIAN_POINT('',(-57.1459752321243,-2.,-16.697226697579));
#10026=CARTESIAN_POINT('',(-32.0527335306468,-1.99999999999997,-16.697226697579));
#10027=CARTESIAN_POINT('',(-57.1459752321243,-2.8,-16.697226697579));
#10028=CARTESIAN_POINT('',(-59.9999994039536,-2.8,-16.697226697579));
#10029=CARTESIAN_POINT('',(-57.1459752321243,-2.,-16.697226697579));
#10030=CARTESIAN_POINT('Ctrl Pts',(-57.9263299703598,-2.,-15.1092325989157));
#10031=CARTESIAN_POINT('Ctrl Pts',(-57.9263299703598,-2.8,-15.1092325989157));
#10032=CARTESIAN_POINT('Ctrl Pts',(-57.8925954318207,-2.,-15.4178372192645));
#10033=CARTESIAN_POINT('Ctrl Pts',(-57.8925954318207,-2.8,-15.4178372192645));
#10034=CARTESIAN_POINT('Ctrl Pts',(-57.8244783603035,-2.,-16.040974333486));
#10035=CARTESIAN_POINT('Ctrl Pts',(-57.8244783603035,-2.8,-16.040974333486));
#10036=CARTESIAN_POINT('Ctrl Pts',(-57.3735727559903,-2.,-16.4770929842687));
#10037=CARTESIAN_POINT('Ctrl Pts',(-57.3735727559903,-2.8,-16.4770929842687));
#10038=CARTESIAN_POINT('Ctrl Pts',(-57.1459752321243,-2.,-16.697226697579));
#10039=CARTESIAN_POINT('Ctrl Pts',(-57.1459752321243,-2.8,-16.697226697579));
#10040=CARTESIAN_POINT('',(-57.9263299703598,-2.,-15.1092325989157));
#10041=CARTESIAN_POINT('Ctrl Pts',(-57.1459752321243,-2.,-16.697226697579));
#10042=CARTESIAN_POINT('Ctrl Pts',(-57.3735727559903,-2.,-16.4770929842687));
#10043=CARTESIAN_POINT('Ctrl Pts',(-57.8244783603035,-2.,-16.040974333486));
#10044=CARTESIAN_POINT('Ctrl Pts',(-57.8925954318207,-2.,-15.4178372192645));
#10045=CARTESIAN_POINT('Ctrl Pts',(-57.9263299703598,-2.,-15.1092325989157));
#10046=CARTESIAN_POINT('',(-57.9263299703598,-2.8,-15.1092325989157));
#10047=CARTESIAN_POINT('Ctrl Pts',(-57.9263299703598,-2.8,-15.1092325989157));
#10048=CARTESIAN_POINT('Ctrl Pts',(-57.8925954318207,-2.8,-15.4178372192645));
#10049=CARTESIAN_POINT('Ctrl Pts',(-57.8244783603035,-2.8,-16.040974333486));
#10050=CARTESIAN_POINT('Ctrl Pts',(-57.3735727559903,-2.8,-16.4770929842687));
#10051=CARTESIAN_POINT('Ctrl Pts',(-57.1459752321243,-2.8,-16.697226697579));
#10052=CARTESIAN_POINT('',(-57.9263299703598,-2.,-15.1092325989157));
#10053=CARTESIAN_POINT('Ctrl Pts',(-57.7107775211334,-2.,-14.0969549957663));
#10054=CARTESIAN_POINT('Ctrl Pts',(-57.7107775211334,-2.8,-14.0969549957663));
#10055=CARTESIAN_POINT('Ctrl Pts',(-57.7736465529138,-2.,-14.2589750520189));
#10056=CARTESIAN_POINT('Ctrl Pts',(-57.7736465529138,-2.8,-14.2589750520189));
#10057=CARTESIAN_POINT('Ctrl Pts',(-57.9000578727782,-2.,-14.5847502162836));
#10058=CARTESIAN_POINT('Ctrl Pts',(-57.9000578727782,-2.8,-14.5847502162836));
#10059=CARTESIAN_POINT('Ctrl Pts',(-57.9175415655954,-2.,-14.9337854936347));
#10060=CARTESIAN_POINT('Ctrl Pts',(-57.9175415655954,-2.8,-14.9337854936347));
#10061=CARTESIAN_POINT('Ctrl Pts',(-57.9263299703598,-2.,-15.1092325989157));
#10062=CARTESIAN_POINT('Ctrl Pts',(-57.9263299703598,-2.8,-15.1092325989157));
#10063=CARTESIAN_POINT('',(-57.7107775211334,-2.,-14.0969549957663));
#10064=CARTESIAN_POINT('Ctrl Pts',(-57.9263299703598,-2.,-15.1092325989157));
#10065=CARTESIAN_POINT('Ctrl Pts',(-57.9175415655954,-2.,-14.9337854936347));
#10066=CARTESIAN_POINT('Ctrl Pts',(-57.9000578727782,-2.,-14.5847502162836));
#10067=CARTESIAN_POINT('Ctrl Pts',(-57.7736465529138,-2.,-14.2589750520189));
#10068=CARTESIAN_POINT('Ctrl Pts',(-57.7107775211334,-2.,-14.0969549957663));
#10069=CARTESIAN_POINT('',(-57.7107775211334,-2.8,-14.0969549957663));
#10070=CARTESIAN_POINT('Ctrl Pts',(-57.7107775211334,-2.8,-14.0969549957663));
#10071=CARTESIAN_POINT('Ctrl Pts',(-57.7736465529138,-2.8,-14.2589750520189));
#10072=CARTESIAN_POINT('Ctrl Pts',(-57.9000578727782,-2.8,-14.5847502162836));
#10073=CARTESIAN_POINT('Ctrl Pts',(-57.9175415655954,-2.8,-14.9337854936347));
#10074=CARTESIAN_POINT('Ctrl Pts',(-57.9263299703598,-2.8,-15.1092325989157));
#10075=CARTESIAN_POINT('',(-57.7107775211334,-2.,-14.0969549957663));
#10076=CARTESIAN_POINT('Ctrl Pts',(-57.1050477027893,-2.,-13.3111428562552));
#10077=CARTESIAN_POINT('Ctrl Pts',(-57.1050477027893,-2.8,-13.3111428562552));
#10078=CARTESIAN_POINT('Ctrl Pts',(-57.2283033937893,-2.,-13.4220206710961));
#10079=CARTESIAN_POINT('Ctrl Pts',(-57.2283033937893,-2.8,-13.4220206710961));
#10080=CARTESIAN_POINT('Ctrl Pts',(-57.4782119519191,-2.,-13.6468323176063));
#10081=CARTESIAN_POINT('Ctrl Pts',(-57.4782119519191,-2.8,-13.6468323176063));
#10082=CARTESIAN_POINT('Ctrl Pts',(-57.632556295695,-2.,-13.9455604982822));
#10083=CARTESIAN_POINT('Ctrl Pts',(-57.632556295695,-2.8,-13.9455604982822));
#10084=CARTESIAN_POINT('Ctrl Pts',(-57.7107775211334,-2.,-14.0969549957663));
#10085=CARTESIAN_POINT('Ctrl Pts',(-57.7107775211334,-2.8,-14.0969549957663));
#10086=CARTESIAN_POINT('',(-57.1050477027893,-2.,-13.3111428562552));
#10087=CARTESIAN_POINT('Ctrl Pts',(-57.7107775211334,-2.,-14.0969549957663));
#10088=CARTESIAN_POINT('Ctrl Pts',(-57.632556295695,-2.,-13.9455604982822));
#10089=CARTESIAN_POINT('Ctrl Pts',(-57.4782119519191,-2.,-13.6468323176063));
#10090=CARTESIAN_POINT('Ctrl Pts',(-57.2283033937893,-2.,-13.4220206710961));
#10091=CARTESIAN_POINT('Ctrl Pts',(-57.1050477027893,-2.,-13.3111428562552));
#10092=CARTESIAN_POINT('',(-57.1050477027893,-2.8,-13.3111428562552));
#10093=CARTESIAN_POINT('Ctrl Pts',(-57.1050477027893,-2.8,-13.3111428562552));
#10094=CARTESIAN_POINT('Ctrl Pts',(-57.2283033937893,-2.8,-13.4220206710961));
#10095=CARTESIAN_POINT('Ctrl Pts',(-57.4782119519191,-2.8,-13.6468323176063));
#10096=CARTESIAN_POINT('Ctrl Pts',(-57.632556295695,-2.8,-13.9455604982822));
#10097=CARTESIAN_POINT('Ctrl Pts',(-57.7107775211334,-2.8,-14.0969549957663));
#10098=CARTESIAN_POINT('',(-57.1050477027893,-2.,-13.3111428562552));
#10099=CARTESIAN_POINT('Ctrl Pts',(-56.1637109518051,-2.,-12.8281962219626));
#10100=CARTESIAN_POINT('Ctrl Pts',(-56.1637109518051,-2.8,-12.8281962219626));
#10101=CARTESIAN_POINT('Ctrl Pts',(-56.3379960688847,-2.,-12.889853730736));
#10102=CARTESIAN_POINT('Ctrl Pts',(-56.3379960688847,-2.8,-12.889853730736));
#10103=CARTESIAN_POINT('Ctrl Pts',(-56.6736346068472,-2.,-13.0085938529328));
#10104=CARTESIAN_POINT('Ctrl Pts',(-56.6736346068472,-2.8,-13.0085938529328));
#10105=CARTESIAN_POINT('Ctrl Pts',(-56.9649851170573,-2.,-13.2129172898211));
#10106=CARTESIAN_POINT('Ctrl Pts',(-56.9649851170573,-2.8,-13.2129172898211));
#10107=CARTESIAN_POINT('Ctrl Pts',(-57.1050477027893,-2.,-13.3111428562552));
#10108=CARTESIAN_POINT('Ctrl Pts',(-57.1050477027893,-2.8,-13.3111428562552));
#10109=CARTESIAN_POINT('',(-56.1637109518051,-2.,-12.8281962219626));
#10110=CARTESIAN_POINT('Ctrl Pts',(-57.1050477027893,-2.,-13.3111428562552));
#10111=CARTESIAN_POINT('Ctrl Pts',(-56.9649851170573,-2.,-13.2129172898211));
#10112=CARTESIAN_POINT('Ctrl Pts',(-56.6736346068472,-2.,-13.0085938529328));
#10113=CARTESIAN_POINT('Ctrl Pts',(-56.3379960688847,-2.,-12.889853730736));
#10114=CARTESIAN_POINT('Ctrl Pts',(-56.1637109518051,-2.,-12.8281962219626));
#10115=CARTESIAN_POINT('',(-56.1637109518051,-2.8,-12.8281962219626));
#10116=CARTESIAN_POINT('Ctrl Pts',(-56.1637109518051,-2.8,-12.8281962219626));
#10117=CARTESIAN_POINT('Ctrl Pts',(-56.3379960688847,-2.8,-12.889853730736));
#10118=CARTESIAN_POINT('Ctrl Pts',(-56.6736346068472,-2.8,-13.0085938529328));
#10119=CARTESIAN_POINT('Ctrl Pts',(-56.9649851170573,-2.8,-13.2129172898211));
#10120=CARTESIAN_POINT('Ctrl Pts',(-57.1050477027893,-2.8,-13.3111428562552));
#10121=CARTESIAN_POINT('',(-56.1637109518051,-2.,-12.8281962219626));
#10122=CARTESIAN_POINT('Ctrl Pts',(-54.9849933385849,-2.,-12.6535713020712));
#10123=CARTESIAN_POINT('Ctrl Pts',(-54.9849933385849,-2.8,-12.6535713020712));
#10124=CARTESIAN_POINT('Ctrl Pts',(-55.1889965328206,-2.,-12.6602214620655));
#10125=CARTESIAN_POINT('Ctrl Pts',(-55.1889965328206,-2.8,-12.6602214620655));
#10126=CARTESIAN_POINT('Ctrl Pts',(-55.5886700317031,-2.,-12.6732501439105));
#10127=CARTESIAN_POINT('Ctrl Pts',(-55.5886700317031,-2.8,-12.6732501439105));
#10128=CARTESIAN_POINT('Ctrl Pts',(-55.9747135500454,-2.,-12.7772704440901));
#10129=CARTESIAN_POINT('Ctrl Pts',(-55.9747135500454,-2.8,-12.7772704440901));
#10130=CARTESIAN_POINT('Ctrl Pts',(-56.1637109518051,-2.,-12.8281962219626));
#10131=CARTESIAN_POINT('Ctrl Pts',(-56.1637109518051,-2.8,-12.8281962219626));
#10132=CARTESIAN_POINT('',(-54.9849933385849,-2.,-12.6535713020712));
#10133=CARTESIAN_POINT('Ctrl Pts',(-56.1637109518051,-2.,-12.8281962219626));
#10134=CARTESIAN_POINT('Ctrl Pts',(-55.9747135500454,-2.,-12.7772704440901));
#10135=CARTESIAN_POINT('Ctrl Pts',(-55.5886700317031,-2.,-12.6732501439105));
#10136=CARTESIAN_POINT('Ctrl Pts',(-55.1889965328206,-2.,-12.6602214620655));
#10137=CARTESIAN_POINT('Ctrl Pts',(-54.9849933385849,-2.,-12.6535713020712));
#10138=CARTESIAN_POINT('',(-54.9849933385849,-2.8,-12.6535713020712));
#10139=CARTESIAN_POINT('Ctrl Pts',(-54.9849933385849,-2.8,-12.6535713020712));
#10140=CARTESIAN_POINT('Ctrl Pts',(-55.1889965328206,-2.8,-12.6602214620655));
#10141=CARTESIAN_POINT('Ctrl Pts',(-55.5886700317031,-2.8,-12.6732501439105));
#10142=CARTESIAN_POINT('Ctrl Pts',(-55.9747135500454,-2.8,-12.7772704440901));
#10143=CARTESIAN_POINT('Ctrl Pts',(-56.1637109518051,-2.8,-12.8281962219626));
#10144=CARTESIAN_POINT('',(-54.9849933385849,-2.,-12.6535713020712));
#10145=CARTESIAN_POINT('Ctrl Pts',(-52.6821279525757,-2.,-13.3902704063803));
#10146=CARTESIAN_POINT('Ctrl Pts',(-52.6821279525757,-2.8,-13.3902704063803));
#10147=CARTESIAN_POINT('Ctrl Pts',(-52.9993247486913,-2.,-13.17579780101));
#10148=CARTESIAN_POINT('Ctrl Pts',(-52.9993247486913,-2.8,-13.17579780101));
#10149=CARTESIAN_POINT('Ctrl Pts',(-53.69180487306,-2.,-12.7075773830888));
#10150=CARTESIAN_POINT('Ctrl Pts',(-53.69180487306,-2.8,-12.7075773830888));
#10151=CARTESIAN_POINT('Ctrl Pts',(-54.5304806183668,-2.,-12.6725526427234));
#10152=CARTESIAN_POINT('Ctrl Pts',(-54.5304806183668,-2.8,-12.6725526427234));
#10153=CARTESIAN_POINT('Ctrl Pts',(-54.9849933385849,-2.,-12.6535713020712));
#10154=CARTESIAN_POINT('Ctrl Pts',(-54.9849933385849,-2.8,-12.6535713020712));
#10155=CARTESIAN_POINT('',(-52.6821279525757,-2.,-13.3902704063803));
#10156=CARTESIAN_POINT('Ctrl Pts',(-54.9849933385849,-2.,-12.6535713020712));
#10157=CARTESIAN_POINT('Ctrl Pts',(-54.5304806183668,-2.,-12.6725526427234));
#10158=CARTESIAN_POINT('Ctrl Pts',(-53.69180487306,-2.,-12.7075773830888));
#10159=CARTESIAN_POINT('Ctrl Pts',(-52.9993247486913,-2.,-13.17579780101));
#10160=CARTESIAN_POINT('Ctrl Pts',(-52.6821279525757,-2.,-13.3902704063803));
#10161=CARTESIAN_POINT('',(-52.6821279525757,-2.8,-13.3902704063803));
#10162=CARTESIAN_POINT('Ctrl Pts',(-52.6821279525757,-2.8,-13.3902704063803));
#10163=CARTESIAN_POINT('Ctrl Pts',(-52.9993247486913,-2.8,-13.17579780101));
#10164=CARTESIAN_POINT('Ctrl Pts',(-53.69180487306,-2.8,-12.7075773830888));
#10165=CARTESIAN_POINT('Ctrl Pts',(-54.5304806183668,-2.8,-12.6725526427234));
#10166=CARTESIAN_POINT('Ctrl Pts',(-54.9849933385849,-2.8,-12.6535713020712));
#10167=CARTESIAN_POINT('',(-52.6821279525757,-2.,-13.3902704063803));
#10168=CARTESIAN_POINT('Ctrl Pts',(-51.8690317869186,-2.,-15.1583468262106));
#10169=CARTESIAN_POINT('Ctrl Pts',(-51.8690317869186,-2.8,-15.1583468262106));
#10170=CARTESIAN_POINT('Ctrl Pts',(-51.9052378563624,-2.,-14.8247498621929));
#10171=CARTESIAN_POINT('Ctrl Pts',(-51.9052378563624,-2.8,-14.8247498621929));
#10172=CARTESIAN_POINT('Ctrl Pts',(-51.9789497478711,-2.,-14.1455802202765));
#10173=CARTESIAN_POINT('Ctrl Pts',(-51.9789497478711,-2.8,-14.1455802202765));
#10174=CARTESIAN_POINT('Ctrl Pts',(-52.4449959726223,-2.,-13.6449826691454));
#10175=CARTESIAN_POINT('Ctrl Pts',(-52.4449959726223,-2.8,-13.6449826691454));
#10176=CARTESIAN_POINT('Ctrl Pts',(-52.6821279525757,-2.,-13.3902704063803));
#10177=CARTESIAN_POINT('Ctrl Pts',(-52.6821279525757,-2.8,-13.3902704063803));
#10178=CARTESIAN_POINT('',(-51.8690317869186,-2.,-15.1583468262106));
#10179=CARTESIAN_POINT('Ctrl Pts',(-52.6821279525757,-2.,-13.3902704063803));
#10180=CARTESIAN_POINT('Ctrl Pts',(-52.4449959726223,-2.,-13.6449826691454));
#10181=CARTESIAN_POINT('Ctrl Pts',(-51.9789497478711,-2.,-14.1455802202765));
#10182=CARTESIAN_POINT('Ctrl Pts',(-51.9052378563624,-2.,-14.8247498621929));
#10183=CARTESIAN_POINT('Ctrl Pts',(-51.8690317869186,-2.,-15.1583468262106));
#10184=CARTESIAN_POINT('',(-51.8690317869186,-2.8,-15.1583468262106));
#10185=CARTESIAN_POINT('Ctrl Pts',(-51.8690317869186,-2.8,-15.1583468262106));
#10186=CARTESIAN_POINT('Ctrl Pts',(-51.9052378563624,-2.8,-14.8247498621929));
#10187=CARTESIAN_POINT('Ctrl Pts',(-51.9789497478711,-2.8,-14.1455802202765));
#10188=CARTESIAN_POINT('Ctrl Pts',(-52.4449959726223,-2.8,-13.6449826691454));
#10189=CARTESIAN_POINT('Ctrl Pts',(-52.6821279525757,-2.8,-13.3902704063803));
#10190=CARTESIAN_POINT('',(-51.8690317869186,-2.,-15.1583468262106));
#10191=CARTESIAN_POINT('Ctrl Pts',(-52.7257841825485,-2.,-16.7681681457907));
#10192=CARTESIAN_POINT('Ctrl Pts',(-52.7257841825485,-2.8,-16.7681681457907));
#10193=CARTESIAN_POINT('Ctrl Pts',(-52.4758987803202,-2.,-16.5556595063709));
#10194=CARTESIAN_POINT('Ctrl Pts',(-52.4758987803202,-2.8,-16.5556595063709));
#10195=CARTESIAN_POINT('Ctrl Pts',(-51.9777000532178,-2.,-16.1319791604478));
#10196=CARTESIAN_POINT('Ctrl Pts',(-51.9777000532178,-2.8,-16.1319791604478));
#10197=CARTESIAN_POINT('Ctrl Pts',(-51.9051782609663,-2.,-15.4822074812118));
#10198=CARTESIAN_POINT('Ctrl Pts',(-51.9051782609663,-2.8,-15.4822074812118));
#10199=CARTESIAN_POINT('Ctrl Pts',(-51.8690317869186,-2.,-15.1583468262106));
#10200=CARTESIAN_POINT('Ctrl Pts',(-51.8690317869186,-2.8,-15.1583468262106));
#10201=CARTESIAN_POINT('',(-52.7257841825485,-2.,-16.7681681457907));
#10202=CARTESIAN_POINT('Ctrl Pts',(-51.8690317869186,-2.,-15.1583468262106));
#10203=CARTESIAN_POINT('Ctrl Pts',(-51.9051782609663,-2.,-15.4822074812118));
#10204=CARTESIAN_POINT('Ctrl Pts',(-51.9777000532178,-2.,-16.1319791604478));
#10205=CARTESIAN_POINT('Ctrl Pts',(-52.4758987803202,-2.,-16.5556595063709));
#10206=CARTESIAN_POINT('Ctrl Pts',(-52.7257841825485,-2.,-16.7681681457907));
#10207=CARTESIAN_POINT('',(-52.7257841825485,-2.8,-16.7681681457907));
#10208=CARTESIAN_POINT('Ctrl Pts',(-52.7257841825485,-2.8,-16.7681681457907));
#10209=CARTESIAN_POINT('Ctrl Pts',(-52.4758987803202,-2.8,-16.5556595063709));
#10210=CARTESIAN_POINT('Ctrl Pts',(-51.9777000532178,-2.8,-16.1319791604478));
#10211=CARTESIAN_POINT('Ctrl Pts',(-51.9051782609663,-2.8,-15.4822074812118));
#10212=CARTESIAN_POINT('Ctrl Pts',(-51.8690317869186,-2.8,-15.1583468262106));
#10213=CARTESIAN_POINT('',(-52.7257841825485,-2.,-16.7681681457907));
#10214=CARTESIAN_POINT('Origin',(-51.9999998807907,-2.,-16.7681681457907));
#10215=CARTESIAN_POINT('',(-29.47974585498,-1.99999999999997,-16.7681681457907));
#10216=CARTESIAN_POINT('',(-52.7257841825485,-2.8,-16.7681681457907));
#10217=CARTESIAN_POINT('Origin',(-55.9345158934593,-2.8,1.72296470962465));
#10218=CARTESIAN_POINT('Origin',(-6.95949182916934,-1.99999999999997,1.938580919983));
#10219=CARTESIAN_POINT('Origin',(-57.4594918291693,2.00000000000003,45.038580919983));
#10220=CARTESIAN_POINT('',(-62.4594918291693,-1.99999999999996,45.038580919983));
#10221=CARTESIAN_POINT('',(-57.4594918291693,-1.99999999999997,50.038580919983));
#10222=CARTESIAN_POINT('Origin',(-57.4594918291693,-1.99999999999997,45.038580919983));
#10223=CARTESIAN_POINT('',(-57.4594918291693,2.00000000000003,50.038580919983));
#10224=CARTESIAN_POINT('',(-57.4594918291693,2.00000000000003,50.038580919983));
#10225=CARTESIAN_POINT('',(-62.4594918291693,2.00000000000004,45.038580919983));
#10226=CARTESIAN_POINT('Origin',(-57.4594918291693,2.00000000000003,45.038580919983));
#10227=CARTESIAN_POINT('',(-62.4594918291693,2.00000000000003,45.038580919983));
#10228=CARTESIAN_POINT('Origin',(-62.4594918291693,2.00000000000004,50.038580919983));
#10229=CARTESIAN_POINT('',(-62.4594918291693,2.00000000000004,-41.161419080017));
#10230=CARTESIAN_POINT('',(-62.4594918291693,2.00000000000004,-46.161419080017));
#10231=CARTESIAN_POINT('',(-62.4594918291693,-1.99999999999996,-41.161419080017));
#10232=CARTESIAN_POINT('',(-62.4594918291693,2.00000000000004,-41.161419080017));
#10233=CARTESIAN_POINT('',(-62.4594918291693,-1.99999999999996,-46.161419080017));
#10234=CARTESIAN_POINT('Origin',(-6.95949182916934,2.00000000000003,1.938580919983));
#10235=CARTESIAN_POINT('',(43.5405081708306,2.00000000000002,50.038580919983));
#10236=CARTESIAN_POINT('',(-62.4594918291693,2.00000000000004,50.038580919983));
#10237=CARTESIAN_POINT('',(48.5405081708306,2.00000000000002,45.038580919983));
#10238=CARTESIAN_POINT('Origin',(43.5405081708306,2.00000000000002,45.038580919983));
#10239=CARTESIAN_POINT('',(48.5405081708306,2.00000000000002,-41.161419080017));
#10240=CARTESIAN_POINT('',(48.5405081708306,2.00000000000002,50.038580919983));
#10241=CARTESIAN_POINT('',(43.5405081708306,2.00000000000002,-46.161419080017));
#10242=CARTESIAN_POINT('Origin',(43.5405081708306,2.00000000000002,-41.161419080017));
#10243=CARTESIAN_POINT('',(-57.4594918291693,2.00000000000003,-46.161419080017));
#10244=CARTESIAN_POINT('',(48.5405081708306,2.00000000000002,-46.161419080017));
#10245=CARTESIAN_POINT('Origin',(-57.4594918291693,2.00000000000003,-41.161419080017));
#10246=CARTESIAN_POINT('',(-51.5970394632828,2.00000000000003,37.8202689491631));
#10247=CARTESIAN_POINT('',(-51.5970394632828,2.00000000000003,-41.342645743637));
#10248=CARTESIAN_POINT('',(-51.5970394632828,2.00000000000003,19.879424934573));
#10249=CARTESIAN_POINT('',(39.7651837664172,2.00000000000002,-41.342645743637));
#10250=CARTESIAN_POINT('',(-29.2782656462261,2.00000000000003,-41.342645743637));
#10251=CARTESIAN_POINT('',(39.7651837664172,2.00000000000002,37.8202689491631));
#10252=CARTESIAN_POINT('',(39.7651837664171,2.00000000000002,-19.702032411827));
#10253=CARTESIAN_POINT('',(16.4028459686239,2.00000000000003,37.8202689491631));
#10254=CARTESIAN_POINT('',(45.2905081708306,2.00000000000002,-41.161419080017));
#10255=CARTESIAN_POINT('Origin',(43.5405081708306,2.00000000000002,-41.161419080017));
#10256=CARTESIAN_POINT('',(-55.7094918291693,2.00000000000003,-41.161419080017));
#10257=CARTESIAN_POINT('Origin',(-57.4594918291693,2.00000000000003,-41.161419080017));
#10258=CARTESIAN_POINT('',(45.2905081708306,2.00000000000002,45.038580919983));
#10259=CARTESIAN_POINT('Origin',(43.5405081708306,2.00000000000002,45.038580919983));
#10260=CARTESIAN_POINT('',(-55.7094918291693,2.00000000000003,45.038580919983));
#10261=CARTESIAN_POINT('Origin',(-57.4594918291693,2.00000000000003,45.038580919983));
#10262=CARTESIAN_POINT('Origin',(-57.4594918291693,2.00000000000003,-41.161419080017));
#10263=CARTESIAN_POINT('',(-57.4594918291693,-1.99999999999997,-46.161419080017));
#10264=CARTESIAN_POINT('Origin',(-57.4594918291693,-1.99999999999997,-41.161419080017));
#10265=CARTESIAN_POINT('',(-57.4594918291693,2.00000000000003,-46.161419080017));
#10266=CARTESIAN_POINT('Origin',(-62.4594918291693,2.00000000000004,-46.161419080017));
#10267=CARTESIAN_POINT('',(43.5405081708306,-1.99999999999998,-46.161419080017));
#10268=CARTESIAN_POINT('',(43.5405081708306,2.00000000000002,-46.161419080017));
#10269=CARTESIAN_POINT('',(48.5405081708306,-1.99999999999998,-46.161419080017));
#10270=CARTESIAN_POINT('Origin',(43.5405081708306,2.00000000000002,-41.161419080017));
#10271=CARTESIAN_POINT('',(48.5405081708306,-1.99999999999998,-41.161419080017));
#10272=CARTESIAN_POINT('Origin',(43.5405081708306,-1.99999999999998,-41.161419080017));
#10273=CARTESIAN_POINT('',(48.5405081708306,2.00000000000002,-41.161419080017));
#10274=CARTESIAN_POINT('Origin',(48.5405081708306,2.00000000000002,-46.161419080017));
#10275=CARTESIAN_POINT('',(48.5405081708306,-1.99999999999998,45.038580919983));
#10276=CARTESIAN_POINT('',(48.5405081708306,2.00000000000002,45.038580919983));
#10277=CARTESIAN_POINT('',(48.5405081708306,-1.99999999999998,50.038580919983));
#10278=CARTESIAN_POINT('Origin',(43.5405081708306,2.00000000000002,45.038580919983));
#10279=CARTESIAN_POINT('',(43.5405081708306,-1.99999999999998,50.038580919983));
#10280=CARTESIAN_POINT('Origin',(43.5405081708306,-1.99999999999998,45.038580919983));
#10281=CARTESIAN_POINT('',(43.5405081708306,2.00000000000002,50.038580919983));
#10282=CARTESIAN_POINT('Origin',(-51.5970394632828,2.00000000000003,37.8202689491631));
#10283=CARTESIAN_POINT('',(-51.5970394632828,3.3584246494911E-14,37.8202689491631));
#10284=CARTESIAN_POINT('',(-51.5970394632828,2.00000000000003,37.8202689491631));
#10285=CARTESIAN_POINT('',(-51.5970394632828,3.3584246494911E-14,-41.342645743637));
#10286=CARTESIAN_POINT('',(-51.5970394632828,3.3584246494911E-14,37.8202689491631));
#10287=CARTESIAN_POINT('',(-51.5970394632828,2.00000000000003,-41.342645743637));
#10288=CARTESIAN_POINT('Origin',(39.7651837664172,2.00000000000002,37.8202689491631));
#10289=CARTESIAN_POINT('',(39.7651837664172,2.24820162486594E-14,37.8202689491631));
#10290=CARTESIAN_POINT('',(39.7651837664172,2.00000000000002,37.8202689491631));
#10291=CARTESIAN_POINT('',(39.7651837664172,2.24820162486594E-14,37.8202689491631));
#10292=CARTESIAN_POINT('Origin',(39.7651837664172,2.00000000000002,-41.342645743637));
#10293=CARTESIAN_POINT('',(39.7651837664172,2.24820162486594E-14,-41.342645743637));
#10294=CARTESIAN_POINT('',(39.7651837664172,2.00000000000002,-41.342645743637));
#10295=CARTESIAN_POINT('',(39.7651837664172,2.24820162486594E-14,-41.342645743637));
#10296=CARTESIAN_POINT('Origin',(-51.5970394632828,2.00000000000003,-41.342645743637));
#10297=CARTESIAN_POINT('',(-51.5970394632828,3.3584246494911E-14,-41.342645743637));
#10298=CARTESIAN_POINT('Origin',(-5.91592784843272,2.80331313717852E-14,
-1.761188397237));
#10299=CARTESIAN_POINT('',(-48.3509255110781,3.33066907387547E-14,33.6304094510328));
#10300=CARTESIAN_POINT('',(36.449074488922,2.3037127760972E-14,33.6304094510328));
#10301=CARTESIAN_POINT('',(-27.1334266797554,3.08086889333481E-14,33.6304094510328));
#10302=CARTESIAN_POINT('',(-48.3509255110781,3.33066907387547E-14,-29.6695905489672));
#10303=CARTESIAN_POINT('',(-48.3509255110781,3.33066907387547E-14,-15.7153894731021));
#10304=CARTESIAN_POINT('',(36.449074488922,2.3037127760972E-14,-29.6695905489672));
#10305=CARTESIAN_POINT('',(15.2665733202446,2.55351295663786E-14,-29.6695905489672));
#10306=CARTESIAN_POINT('',(36.449074488922,2.3037127760972E-14,15.9346105268979));
#10307=CARTESIAN_POINT('Origin',(-48.3509255110781,2.00000000000003,-29.6695905489672));
#10308=CARTESIAN_POINT('',(-48.3509255110781,-1.99999999999997,33.6304094510328));
#10309=CARTESIAN_POINT('',(-48.3509255110781,2.00000000000003,33.6304094510328));
#10310=CARTESIAN_POINT('',(-48.3509255110781,-1.99999999999997,-29.6695905489672));
#10311=CARTESIAN_POINT('',(-48.3509255110781,-1.99999999999997,-29.6695905489672));
#10312=CARTESIAN_POINT('',(-48.3509255110781,2.00000000000003,-29.6695905489672));
#10313=CARTESIAN_POINT('Origin',(-48.3509255110781,2.00000000000003,33.6304094510328));
#10314=CARTESIAN_POINT('',(36.449074488922,-1.99999999999998,33.6304094510328));
#10315=CARTESIAN_POINT('',(36.449074488922,2.00000000000002,33.6304094510328));
#10316=CARTESIAN_POINT('',(-48.3509255110781,-1.99999999999997,33.6304094510328));
#10317=CARTESIAN_POINT('Origin',(-57.4594918291693,2.00000000000003,45.038580919983));
#10318=CARTESIAN_POINT('',(-55.7094918291693,-1.99999999999997,45.038580919983));
#10319=CARTESIAN_POINT('Origin',(-57.4594918291693,-1.99999999999997,45.038580919983));
#10320=CARTESIAN_POINT('',(-55.7094918291693,2.00000000000003,45.038580919983));
#10321=CARTESIAN_POINT('Origin',(43.5405081708306,2.00000000000002,45.038580919983));
#10322=CARTESIAN_POINT('',(45.2905081708306,-1.99999999999998,45.038580919983));
#10323=CARTESIAN_POINT('Origin',(43.5405081708306,-1.99999999999998,45.038580919983));
#10324=CARTESIAN_POINT('',(45.2905081708306,2.00000000000002,45.038580919983));
#10325=CARTESIAN_POINT('Origin',(-57.4594918291693,2.00000000000003,-41.161419080017));
#10326=CARTESIAN_POINT('',(-55.7094918291693,-1.99999999999997,-41.161419080017));
#10327=CARTESIAN_POINT('Origin',(-57.4594918291693,-1.99999999999997,-41.161419080017));
#10328=CARTESIAN_POINT('',(-55.7094918291693,2.00000000000003,-41.161419080017));
#10329=CARTESIAN_POINT('Origin',(36.449074488922,2.00000000000002,33.6304094510328));
#10330=CARTESIAN_POINT('',(36.449074488922,-1.99999999999998,-29.6695905489672));
#10331=CARTESIAN_POINT('',(36.449074488922,2.00000000000002,-29.6695905489672));
#10332=CARTESIAN_POINT('',(36.449074488922,-1.99999999999998,33.6304094510328));
#10333=CARTESIAN_POINT('Origin',(36.449074488922,2.00000000000002,-29.6695905489672));
#10334=CARTESIAN_POINT('',(36.449074488922,-1.99999999999998,-29.6695905489672));
#10335=CARTESIAN_POINT('Origin',(43.5405081708306,2.00000000000002,-41.161419080017));
#10336=CARTESIAN_POINT('',(45.2905081708306,-1.99999999999998,-41.161419080017));
#10337=CARTESIAN_POINT('Origin',(43.5405081708306,-1.99999999999998,-41.161419080017));
#10338=CARTESIAN_POINT('',(45.2905081708306,2.00000000000002,-41.161419080017));
#10339=CARTESIAN_POINT('Origin',(48.5405081708306,2.00000000000002,50.038580919983));
#10340=CARTESIAN_POINT('',(-62.4594918291693,-1.99999999999996,50.038580919983));
#10341=CARTESIAN_POINT('Origin',(-6.95949182916934,-1.99999999999997,1.938580919983));
#10342=CARTESIAN_POINT('Origin',(32.941556844462,65.,58.9903702708246));
#10343=CARTESIAN_POINT('',(32.941556844462,65.,58.9903702708246));
#10344=CARTESIAN_POINT('',(27.941556844462,65.,58.9903702708246));
#10345=CARTESIAN_POINT('',(10.391556844462,65.,58.9903702708246));
#10346=CARTESIAN_POINT('',(32.941556844462,3.,58.9903702708246));
#10347=CARTESIAN_POINT('',(32.941556844462,65.,58.9903702708246));
#10348=CARTESIAN_POINT('',(27.941556844462,3.,58.9903702708246));
#10349=CARTESIAN_POINT('',(27.941556844462,3.,58.9903702708246));
#10350=CARTESIAN_POINT('',(27.941556844462,65.,58.9903702708246));
#10351=CARTESIAN_POINT('Origin',(32.941556844462,65.,-36.0096297291754));
#10352=CARTESIAN_POINT('',(32.941556844462,65.,-36.0096297291754));
#10353=CARTESIAN_POINT('',(32.941556844462,65.,-12.4456352253584));
#10354=CARTESIAN_POINT('',(32.941556844462,3.,-36.0096297291754));
#10355=CARTESIAN_POINT('',(32.941556844462,65.,-36.0096297291754));
#10356=CARTESIAN_POINT('',(32.941556844462,3.,58.9903702708246));
#10357=CARTESIAN_POINT('',(32.941556844462,12.2751759102306,23.3352419609538));
#10358=CARTESIAN_POINT('',(32.941556844462,12.2751759102306,13.5000002011657));
#10359=CARTESIAN_POINT('',(32.941556844462,12.2751759102306,-6.33719388411082));
#10360=CARTESIAN_POINT('',(32.941556844462,5.90843112133192,23.3352419609538));
#10361=CARTESIAN_POINT('',(32.941556844462,35.454215560666,23.3352419609538));
#10362=CARTESIAN_POINT('',(32.941556844462,5.90843112133192,13.5000002011657));
#10363=CARTESIAN_POINT('',(32.941556844462,5.90843112133192,-11.2548147640049));
#10364=CARTESIAN_POINT('',(32.941556844462,38.6375879551153,13.5000002011657));
#10365=CARTESIAN_POINT('',(32.941556844462,60.25,-34.7251900318017));
#10366=CARTESIAN_POINT('',(32.941556844462,11.75,-34.7251900318017));
#10367=CARTESIAN_POINT('',(32.941556844462,62.625,-34.7251900318017));
#10368=CARTESIAN_POINT('',(32.941556844462,60.25,-33.2251900318017));
#10369=CARTESIAN_POINT('Origin',(32.941556844462,60.25,-33.9751900318017));
#10370=CARTESIAN_POINT('',(32.941556844462,11.75,-33.2251900318017));
#10371=CARTESIAN_POINT('',(32.941556844462,38.375,-33.2251900318017));
#10372=CARTESIAN_POINT('Origin',(32.941556844462,11.75,-33.9751900318017));
#10373=CARTESIAN_POINT('',(32.941556844462,60.25,-18.7251900318017));
#10374=CARTESIAN_POINT('',(32.941556844462,11.75,-18.7251900318017));
#10375=CARTESIAN_POINT('',(32.941556844462,62.625,-18.7251900318017));
#10376=CARTESIAN_POINT('',(32.941556844462,60.25,-17.2251900318017));
#10377=CARTESIAN_POINT('Origin',(32.941556844462,60.25,-17.9751900318017));
#10378=CARTESIAN_POINT('',(32.941556844462,11.75,-17.2251900318017));
#10379=CARTESIAN_POINT('',(32.941556844462,38.375,-17.2251900318017));
#10380=CARTESIAN_POINT('Origin',(32.941556844462,11.75,-17.9751900318017));
#10381=CARTESIAN_POINT('',(32.941556844462,60.25,-22.7251900318017));
#10382=CARTESIAN_POINT('',(32.941556844462,11.75,-22.7251900318017));
#10383=CARTESIAN_POINT('',(32.941556844462,62.625,-22.7251900318017));
#10384=CARTESIAN_POINT('',(32.941556844462,60.25,-21.2251900318017));
#10385=CARTESIAN_POINT('Origin',(32.941556844462,60.25,-21.9751900318017));
#10386=CARTESIAN_POINT('',(32.941556844462,11.75,-21.2251900318017));
#10387=CARTESIAN_POINT('',(32.941556844462,38.375,-21.2251900318017));
#10388=CARTESIAN_POINT('Origin',(32.941556844462,11.75,-21.9751900318017));
#10389=CARTESIAN_POINT('',(32.941556844462,60.25,-30.7251900318017));
#10390=CARTESIAN_POINT('',(32.941556844462,11.75,-30.7251900318017));
#10391=CARTESIAN_POINT('',(32.941556844462,62.625,-30.7251900318017));
#10392=CARTESIAN_POINT('',(32.941556844462,60.25,-29.2251900318017));
#10393=CARTESIAN_POINT('Origin',(32.941556844462,60.25,-29.9751900318017));
#10394=CARTESIAN_POINT('',(32.941556844462,11.75,-29.2251900318017));
#10395=CARTESIAN_POINT('',(32.941556844462,38.375,-29.2251900318017));
#10396=CARTESIAN_POINT('Origin',(32.941556844462,11.75,-29.9751900318017));
#10397=CARTESIAN_POINT('',(32.941556844462,60.25,-14.7251900318017));
#10398=CARTESIAN_POINT('',(32.941556844462,11.75,-14.7251900318017));
#10399=CARTESIAN_POINT('',(32.941556844462,62.625,-14.7251900318017));
#10400=CARTESIAN_POINT('',(32.941556844462,60.25,-13.2251900318017));
#10401=CARTESIAN_POINT('Origin',(32.941556844462,60.25,-13.9751900318017));
#10402=CARTESIAN_POINT('',(32.941556844462,11.75,-13.2251900318017));
#10403=CARTESIAN_POINT('',(32.941556844462,38.375,-13.2251900318017));
#10404=CARTESIAN_POINT('Origin',(32.941556844462,11.75,-13.9751900318017));
#10405=CARTESIAN_POINT('',(32.941556844462,60.25,-26.7251900318017));
#10406=CARTESIAN_POINT('',(32.941556844462,11.75,-26.7251900318017));
#10407=CARTESIAN_POINT('',(32.941556844462,62.625,-26.7251900318017));
#10408=CARTESIAN_POINT('',(32.941556844462,60.25,-25.2251900318017));
#10409=CARTESIAN_POINT('Origin',(32.941556844462,60.25,-25.9751900318017));
#10410=CARTESIAN_POINT('',(32.941556844462,11.75,-25.2251900318017));
#10411=CARTESIAN_POINT('',(32.941556844462,38.375,-25.2251900318017));
#10412=CARTESIAN_POINT('Origin',(32.941556844462,11.75,-25.9751900318017));
#10413=CARTESIAN_POINT('Origin',(27.941556844462,65.,-36.0096297291754));
#10414=CARTESIAN_POINT('',(27.941556844462,65.,-36.0096297291754));
#10415=CARTESIAN_POINT('',(7.89155684446202,65.,-36.0096297291754));
#10416=CARTESIAN_POINT('',(27.941556844462,3.,-36.0096297291754));
#10417=CARTESIAN_POINT('',(27.941556844462,65.,-36.0096297291754));
#10418=CARTESIAN_POINT('',(32.941556844462,3.,-36.0096297291754));
#10419=CARTESIAN_POINT('Origin',(-57.258443155538,65.,58.3579056086045));
#10420=CARTESIAN_POINT('',(-57.258443155538,65.,58.3579056086045));
#10421=CARTESIAN_POINT('',(-57.258443155538,65.,-36.6420943913955));
#10422=CARTESIAN_POINT('',(-57.258443155538,65.,34.7381324435315));
#10423=CARTESIAN_POINT('',(-57.258443155538,3.,58.3579056086045));
#10424=CARTESIAN_POINT('',(-57.258443155538,65.,58.3579056086045));
#10425=CARTESIAN_POINT('',(-57.258443155538,3.,-36.6420943913955));
#10426=CARTESIAN_POINT('',(-57.258443155538,3.,58.3579056086045));
#10427=CARTESIAN_POINT('',(-57.258443155538,65.,-36.6420943913955));
#10428=CARTESIAN_POINT('',(-57.258443155538,42.,42.0335359117034));
#10429=CARTESIAN_POINT('Origin',(-57.258443155538,35.,42.0335359117034));
#10430=CARTESIAN_POINT('Origin',(-52.258443155538,65.,58.3579056086045));
#10431=CARTESIAN_POINT('',(-52.258443155538,65.,58.3579056086045));
#10432=CARTESIAN_POINT('',(-32.208443155538,65.,58.3579056086045));
#10433=CARTESIAN_POINT('',(-52.258443155538,3.,58.3579056086045));
#10434=CARTESIAN_POINT('',(-52.258443155538,65.,58.3579056086045));
#10435=CARTESIAN_POINT('',(-52.258443155538,3.,58.3579056086045));
#10436=CARTESIAN_POINT('Origin',(-57.258443155538,65.,-36.6420943913955));
#10437=CARTESIAN_POINT('',(-52.258443155538,65.,-36.6420943913955));
#10438=CARTESIAN_POINT('',(-34.708443155538,65.,-36.6420943913955));
#10439=CARTESIAN_POINT('',(-52.258443155538,3.,-36.6420943913955));
#10440=CARTESIAN_POINT('',(-57.258443155538,3.,-36.6420943913955));
#10441=CARTESIAN_POINT('',(-52.258443155538,65.,-36.6420943913955));
#10442=CARTESIAN_POINT('Origin',(35.941556844462,11.75,-25.2251900318017));
#10443=CARTESIAN_POINT('',(35.941556844462,60.25,-25.2251900318017));
#10444=CARTESIAN_POINT('',(35.941556844462,60.25,-25.2251900318017));
#10445=CARTESIAN_POINT('',(35.941556844462,11.75,-25.2251900318017));
#10446=CARTESIAN_POINT('',(35.941556844462,5.875,-25.2251900318017));
#10447=CARTESIAN_POINT('',(35.941556844462,11.75,-25.2251900318017));
#10448=CARTESIAN_POINT('Origin',(35.941556844462,60.25,-25.9751900318017));
#10449=CARTESIAN_POINT('',(35.941556844462,60.25,-26.7251900318017));
#10450=CARTESIAN_POINT('',(35.941556844462,60.25,-26.7251900318017));
#10451=CARTESIAN_POINT('Origin',(35.941556844462,60.25,-25.9751900318017));
#10452=CARTESIAN_POINT('Origin',(35.941556844462,11.75,-13.2251900318017));
#10453=CARTESIAN_POINT('',(35.941556844462,60.25,-13.2251900318017));
#10454=CARTESIAN_POINT('',(35.941556844462,60.25,-13.2251900318017));
#10455=CARTESIAN_POINT('',(35.941556844462,11.75,-13.2251900318017));
#10456=CARTESIAN_POINT('',(35.941556844462,5.875,-13.2251900318017));
#10457=CARTESIAN_POINT('',(35.941556844462,11.75,-13.2251900318017));
#10458=CARTESIAN_POINT('Origin',(35.941556844462,60.25,-13.9751900318017));
#10459=CARTESIAN_POINT('',(35.941556844462,60.25,-14.7251900318017));
#10460=CARTESIAN_POINT('',(35.941556844462,60.25,-14.7251900318017));
#10461=CARTESIAN_POINT('Origin',(35.941556844462,60.25,-13.9751900318017));
#10462=CARTESIAN_POINT('Origin',(35.941556844462,11.75,-29.2251900318017));
#10463=CARTESIAN_POINT('',(35.941556844462,60.25,-29.2251900318017));
#10464=CARTESIAN_POINT('',(35.941556844462,60.25,-29.2251900318017));
#10465=CARTESIAN_POINT('',(35.941556844462,11.75,-29.2251900318017));
#10466=CARTESIAN_POINT('',(35.941556844462,5.87499999999999,-29.2251900318017));
#10467=CARTESIAN_POINT('',(35.941556844462,11.75,-29.2251900318017));
#10468=CARTESIAN_POINT('Origin',(35.941556844462,60.25,-29.9751900318017));
#10469=CARTESIAN_POINT('',(35.941556844462,60.25,-30.7251900318017));
#10470=CARTESIAN_POINT('',(35.941556844462,60.25,-30.7251900318017));
#10471=CARTESIAN_POINT('Origin',(35.941556844462,60.25,-29.9751900318017));
#10472=CARTESIAN_POINT('Origin',(35.941556844462,11.75,-21.2251900318017));
#10473=CARTESIAN_POINT('',(35.941556844462,60.25,-21.2251900318017));
#10474=CARTESIAN_POINT('',(35.941556844462,60.25,-21.2251900318017));
#10475=CARTESIAN_POINT('',(35.941556844462,11.75,-21.2251900318017));
#10476=CARTESIAN_POINT('',(35.941556844462,5.875,-21.2251900318017));
#10477=CARTESIAN_POINT('',(35.941556844462,11.75,-21.2251900318017));
#10478=CARTESIAN_POINT('Origin',(35.941556844462,60.25,-21.9751900318017));
#10479=CARTESIAN_POINT('',(35.941556844462,60.25,-22.7251900318017));
#10480=CARTESIAN_POINT('',(35.941556844462,60.25,-22.7251900318017));
#10481=CARTESIAN_POINT('Origin',(35.941556844462,60.25,-21.9751900318017));
#10482=CARTESIAN_POINT('Origin',(35.941556844462,11.75,-17.2251900318017));
#10483=CARTESIAN_POINT('',(35.941556844462,60.25,-17.2251900318017));
#10484=CARTESIAN_POINT('',(35.941556844462,60.25,-17.2251900318017));
#10485=CARTESIAN_POINT('',(35.941556844462,11.75,-17.2251900318017));
#10486=CARTESIAN_POINT('',(35.941556844462,5.875,-17.2251900318017));
#10487=CARTESIAN_POINT('',(35.941556844462,11.75,-17.2251900318017));
#10488=CARTESIAN_POINT('Origin',(35.941556844462,60.25,-17.9751900318017));
#10489=CARTESIAN_POINT('',(35.941556844462,60.25,-18.7251900318017));
#10490=CARTESIAN_POINT('',(35.941556844462,60.25,-18.7251900318017));
#10491=CARTESIAN_POINT('Origin',(35.941556844462,60.25,-17.9751900318017));
#10492=CARTESIAN_POINT('Origin',(35.941556844462,11.75,-33.2251900318017));
#10493=CARTESIAN_POINT('',(35.941556844462,60.25,-33.2251900318017));
#10494=CARTESIAN_POINT('',(35.941556844462,60.25,-33.2251900318017));
#10495=CARTESIAN_POINT('',(35.941556844462,11.75,-33.2251900318017));
#10496=CARTESIAN_POINT('',(35.941556844462,5.87499999999999,-33.2251900318017));
#10497=CARTESIAN_POINT('',(35.941556844462,11.75,-33.2251900318017));
#10498=CARTESIAN_POINT('Origin',(35.941556844462,60.25,-33.9751900318017));
#10499=CARTESIAN_POINT('',(35.941556844462,60.25,-34.7251900318017));
#10500=CARTESIAN_POINT('',(35.941556844462,60.25,-34.7251900318017));
#10501=CARTESIAN_POINT('Origin',(35.941556844462,60.25,-33.9751900318017));
#10502=CARTESIAN_POINT('Origin',(35.941556844462,5.90843112133192,13.5000002011657));
#10503=CARTESIAN_POINT('',(35.941556844462,5.90843112133192,23.3352419609538));
#10504=CARTESIAN_POINT('',(35.941556844462,5.90843112133192,23.3352419609538));
#10505=CARTESIAN_POINT('',(35.941556844462,5.90843112133192,13.5000002011657));
#10506=CARTESIAN_POINT('',(35.941556844462,5.90843112133192,40.0591797398122));
#10507=CARTESIAN_POINT('',(35.941556844462,5.90843112133192,13.5000002011657));
#10508=CARTESIAN_POINT('Origin',(35.941556844462,5.90843112133192,23.3352419609538));
#10509=CARTESIAN_POINT('',(35.941556844462,12.2751759102306,23.3352419609538));
#10510=CARTESIAN_POINT('',(35.941556844462,12.2751759102306,23.3352419609538));
#10511=CARTESIAN_POINT('',(35.941556844462,2.95421556066596,23.3352419609538));
#10512=CARTESIAN_POINT('Origin',(27.941556844462,65.,-39.3816407215414));
#10513=CARTESIAN_POINT('',(27.941556844462,65.,-39.3816407215414));
#10514=CARTESIAN_POINT('',(27.941556844462,65.,-14.1316407215414));
#10515=CARTESIAN_POINT('',(27.941556844462,3.,-39.3816407215414));
#10516=CARTESIAN_POINT('',(27.941556844462,65.,-39.3816407215414));
#10517=CARTESIAN_POINT('',(27.941556844462,3.,-39.3816407215414));
#10518=CARTESIAN_POINT('Origin',(27.941556844462,65.,-39.3816407215414));
#10519=CARTESIAN_POINT('',(27.941556844462,3.,61.6183592784586));
#10520=CARTESIAN_POINT('',(27.941556844462,3.,-39.3816407215414));
#10521=CARTESIAN_POINT('',(27.941556844462,65.,61.6183592784586));
#10522=CARTESIAN_POINT('',(27.941556844462,65.,61.6183592784586));
#10523=CARTESIAN_POINT('',(27.941556844462,65.,-14.1316407215414));
#10524=CARTESIAN_POINT('Origin',(-52.258443155538,65.,61.6183592784586));
#10525=CARTESIAN_POINT('',(-52.258443155538,65.,61.6183592784586));
#10526=CARTESIAN_POINT('',(-52.258443155538,65.,36.3683592784586));
#10527=CARTESIAN_POINT('',(-52.258443155538,3.,61.6183592784586));
#10528=CARTESIAN_POINT('',(-52.258443155538,65.,61.6183592784586));
#10529=CARTESIAN_POINT('',(-52.258443155538,3.,61.6183592784586));
#10530=CARTESIAN_POINT('Origin',(-52.258443155538,65.,61.6183592784586));
#10531=CARTESIAN_POINT('',(-52.258443155538,3.,-39.3816407215414));
#10532=CARTESIAN_POINT('',(-52.258443155538,3.,61.6183592784586));
#10533=CARTESIAN_POINT('',(-52.258443155538,65.,-39.3816407215414));
#10534=CARTESIAN_POINT('',(-52.258443155538,65.,-39.3816407215414));
#10535=CARTESIAN_POINT('',(-52.258443155538,65.,36.3683592784586));
#10536=CARTESIAN_POINT('Origin',(35.941556844462,60.25,-26.7251900318017));
#10537=CARTESIAN_POINT('',(35.941556844462,11.75,-26.7251900318017));
#10538=CARTESIAN_POINT('',(35.941556844462,11.75,-26.7251900318017));
#10539=CARTESIAN_POINT('',(35.941556844462,30.125,-26.7251900318017));
#10540=CARTESIAN_POINT('Origin',(35.941556844462,11.75,-25.9751900318017));
#10541=CARTESIAN_POINT('Origin',(35.941556844462,11.75,-25.9751900318017));
#10542=CARTESIAN_POINT('Origin',(35.941556844462,60.25,-14.7251900318017));
#10543=CARTESIAN_POINT('',(35.941556844462,11.75,-14.7251900318017));
#10544=CARTESIAN_POINT('',(35.941556844462,11.75,-14.7251900318017));
#10545=CARTESIAN_POINT('',(35.941556844462,30.125,-14.7251900318017));
#10546=CARTESIAN_POINT('Origin',(35.941556844462,11.75,-13.9751900318017));
#10547=CARTESIAN_POINT('Origin',(35.941556844462,11.75,-13.9751900318017));
#10548=CARTESIAN_POINT('Origin',(35.941556844462,60.25,-30.7251900318017));
#10549=CARTESIAN_POINT('',(35.941556844462,11.75,-30.7251900318017));
#10550=CARTESIAN_POINT('',(35.941556844462,11.75,-30.7251900318017));
#10551=CARTESIAN_POINT('',(35.941556844462,30.125,-30.7251900318017));
#10552=CARTESIAN_POINT('Origin',(35.941556844462,11.75,-29.9751900318017));
#10553=CARTESIAN_POINT('Origin',(35.941556844462,11.75,-29.9751900318017));
#10554=CARTESIAN_POINT('Origin',(35.941556844462,60.25,-22.7251900318017));
#10555=CARTESIAN_POINT('',(35.941556844462,11.75,-22.7251900318017));
#10556=CARTESIAN_POINT('',(35.941556844462,11.75,-22.7251900318017));
#10557=CARTESIAN_POINT('',(35.941556844462,30.125,-22.7251900318017));
#10558=CARTESIAN_POINT('Origin',(35.941556844462,11.75,-21.9751900318017));
#10559=CARTESIAN_POINT('Origin',(35.941556844462,11.75,-21.9751900318017));
#10560=CARTESIAN_POINT('Origin',(35.941556844462,60.25,-18.7251900318017));
#10561=CARTESIAN_POINT('',(35.941556844462,11.75,-18.7251900318017));
#10562=CARTESIAN_POINT('',(35.941556844462,11.75,-18.7251900318017));
#10563=CARTESIAN_POINT('',(35.941556844462,30.125,-18.7251900318017));
#10564=CARTESIAN_POINT('Origin',(35.941556844462,11.75,-17.9751900318017));
#10565=CARTESIAN_POINT('Origin',(35.941556844462,11.75,-17.9751900318017));
#10566=CARTESIAN_POINT('Origin',(35.941556844462,60.25,-34.7251900318017));
#10567=CARTESIAN_POINT('',(35.941556844462,11.75,-34.7251900318017));
#10568=CARTESIAN_POINT('',(35.941556844462,11.75,-34.7251900318017));
#10569=CARTESIAN_POINT('',(35.941556844462,30.125,-34.7251900318017));
#10570=CARTESIAN_POINT('Origin',(35.941556844462,11.75,-33.9751900318017));
#10571=CARTESIAN_POINT('Origin',(35.941556844462,11.75,-33.9751900318017));
#10572=CARTESIAN_POINT('Origin',(-60.258443155538,35.,42.0335359117034));
#10573=CARTESIAN_POINT('',(-60.258443155538,42.,42.0335359117034));
#10574=CARTESIAN_POINT('Origin',(-60.258443155538,35.,42.0335359117034));
#10575=CARTESIAN_POINT('',(-60.258443155538,42.,42.0335359117034));
#10576=CARTESIAN_POINT('Origin',(-27.258443155538,39.,66.6183592784586));
#10577=CARTESIAN_POINT('',(-27.258443155538,25.,61.6183592784586));
#10578=CARTESIAN_POINT('',(-27.258443155538,39.,61.6183592784586));
#10579=CARTESIAN_POINT('',(-27.258443155538,52.,61.6183592784586));
#10580=CARTESIAN_POINT('',(-27.258443155538,25.,66.6183592784586));
#10581=CARTESIAN_POINT('',(-27.258443155538,25.,66.6183592784586));
#10582=CARTESIAN_POINT('',(-27.258443155538,39.,66.6183592784586));
#10583=CARTESIAN_POINT('',(-27.258443155538,19.5,66.6183592784586));
#10584=CARTESIAN_POINT('',(-27.258443155538,39.,66.6183592784586));
#10585=CARTESIAN_POINT('Origin',(-41.258443155538,39.,66.6183592784586));
#10586=CARTESIAN_POINT('',(-41.258443155538,39.,61.6183592784586));
#10587=CARTESIAN_POINT('',(-6.65844315553799,39.,61.6183592784586));
#10588=CARTESIAN_POINT('',(-41.258443155538,39.,66.6183592784586));
#10589=CARTESIAN_POINT('',(-50.758443155538,39.,66.6183592784586));
#10590=CARTESIAN_POINT('',(-41.258443155538,39.,66.6183592784586));
#10591=CARTESIAN_POINT('Origin',(-41.258443155538,25.,66.6183592784586));
#10592=CARTESIAN_POINT('',(-41.258443155538,25.,61.6183592784586));
#10593=CARTESIAN_POINT('',(-41.258443155538,45.,61.6183592784586));
#10594=CARTESIAN_POINT('',(-41.258443155538,25.,66.6183592784586));
#10595=CARTESIAN_POINT('',(-41.258443155538,12.5,66.6183592784586));
#10596=CARTESIAN_POINT('',(-41.258443155538,25.,66.6183592784586));
#10597=CARTESIAN_POINT('Origin',(-27.258443155538,25.,66.6183592784586));
#10598=CARTESIAN_POINT('',(0.341556844462017,25.,61.6183592784586));
#10599=CARTESIAN_POINT('',(-43.758443155538,25.,66.6183592784586));
#10600=CARTESIAN_POINT('Origin',(-12.258443155538,32.1339300348139,66.6183592784586));
#10601=CARTESIAN_POINT('',(-9.25844315553799,32.1339300348139,66.6183592784586));
#10602=CARTESIAN_POINT('Origin',(-12.258443155538,32.1339300348139,66.6183592784586));
#10603=CARTESIAN_POINT('',(-9.25844315553799,32.1339300348139,61.6183592784586));
#10604=CARTESIAN_POINT('',(-9.25844315553799,32.1339300348139,66.6183592784586));
#10605=CARTESIAN_POINT('Origin',(-12.258443155538,32.1339300348139,61.6183592784586));
#10606=CARTESIAN_POINT('Origin',(16.941556844462,39.,66.6183592784586));
#10607=CARTESIAN_POINT('',(16.941556844462,25.,61.6183592784586));
#10608=CARTESIAN_POINT('',(16.941556844462,39.,61.6183592784586));
#10609=CARTESIAN_POINT('',(16.941556844462,52.,61.6183592784586));
#10610=CARTESIAN_POINT('',(16.941556844462,25.,66.6183592784586));
#10611=CARTESIAN_POINT('',(16.941556844462,25.,66.6183592784586));
#10612=CARTESIAN_POINT('',(16.941556844462,39.,66.6183592784586));
#10613=CARTESIAN_POINT('',(16.941556844462,19.5,66.6183592784586));
#10614=CARTESIAN_POINT('',(16.941556844462,39.,66.6183592784586));
#10615=CARTESIAN_POINT('Origin',(2.94155684446201,39.,66.6183592784586));
#10616=CARTESIAN_POINT('',(2.94155684446201,39.,61.6183592784586));
#10617=CARTESIAN_POINT('',(15.441556844462,39.,61.6183592784586));
#10618=CARTESIAN_POINT('',(2.94155684446201,39.,66.6183592784586));
#10619=CARTESIAN_POINT('',(-28.658443155538,39.,66.6183592784586));
#10620=CARTESIAN_POINT('',(2.94155684446201,39.,66.6183592784586));
#10621=CARTESIAN_POINT('Origin',(2.94155684446201,25.,66.6183592784586));
#10622=CARTESIAN_POINT('',(2.94155684446201,25.,61.6183592784586));
#10623=CARTESIAN_POINT('',(2.94155684446201,45.,61.6183592784586));
#10624=CARTESIAN_POINT('',(2.94155684446201,25.,66.6183592784586));
#10625=CARTESIAN_POINT('',(2.94155684446201,12.5,66.6183592784586));
#10626=CARTESIAN_POINT('',(2.94155684446201,25.,66.6183592784586));
#10627=CARTESIAN_POINT('Origin',(16.941556844462,25.,66.6183592784586));
#10628=CARTESIAN_POINT('',(22.441556844462,25.,61.6183592784586));
#10629=CARTESIAN_POINT('',(-21.658443155538,25.,66.6183592784586));
#10630=CARTESIAN_POINT('Origin',(35.941556844462,12.2751759102306,23.3352419609538));
#10631=CARTESIAN_POINT('',(35.941556844462,12.2751759102306,13.5000002011657));
#10632=CARTESIAN_POINT('',(35.941556844462,12.2751759102306,13.5000002011657));
#10633=CARTESIAN_POINT('',(35.941556844462,12.2751759102306,44.9768006197062));
#10634=CARTESIAN_POINT('Origin',(35.941556844462,12.2751759102306,13.5000002011657));
#10635=CARTESIAN_POINT('',(35.941556844462,6.13758795511532,13.5000002011657));
#10636=CARTESIAN_POINT('Origin',(27.941556844462,65.,61.6183592784586));
#10637=CARTESIAN_POINT('',(7.89155684446202,65.,61.6183592784586));
#10638=CARTESIAN_POINT('',(27.941556844462,3.,61.6183592784586));
#10639=CARTESIAN_POINT('Origin',(-52.258443155538,65.,-39.3816407215414));
#10640=CARTESIAN_POINT('',(-32.208443155538,65.,-39.3816407215414));
#10641=CARTESIAN_POINT('',(-52.258443155538,3.,-39.3816407215414));
#10642=CARTESIAN_POINT('Origin',(-12.158443155538,3.,11.1183592784586));
#10643=CARTESIAN_POINT('Origin',(-55.258443155538,0.,-39.3816407215414));
#10644=CARTESIAN_POINT('',(-60.258443155538,65.,-39.3816407215414));
#10645=CARTESIAN_POINT('',(-55.258443155538,65.,-44.3816407215414));
#10646=CARTESIAN_POINT('Origin',(-55.258443155538,65.,-39.3816407215414));
#10647=CARTESIAN_POINT('',(-55.258443155538,0.,-44.3816407215414));
#10648=CARTESIAN_POINT('',(-55.258443155538,0.,-44.3816407215414));
#10649=CARTESIAN_POINT('',(-60.258443155538,0.,-39.3816407215414));
#10650=CARTESIAN_POINT('Origin',(-55.258443155538,0.,-39.3816407215414));
#10651=CARTESIAN_POINT('',(-60.258443155538,0.,-39.3816407215414));
#10652=CARTESIAN_POINT('Origin',(-60.258443155538,0.,-44.3816407215414));
#10653=CARTESIAN_POINT('',(-60.258443155538,0.,61.6183592784586));
#10654=CARTESIAN_POINT('',(-60.258443155538,0.,66.6183592784586));
#10655=CARTESIAN_POINT('',(-60.258443155538,65.,61.6183592784586));
#10656=CARTESIAN_POINT('',(-60.258443155538,0.,61.6183592784586));
#10657=CARTESIAN_POINT('',(-60.258443155538,65.,66.6183592784586));
#10658=CARTESIAN_POINT('Origin',(-12.158443155538,0.,11.1183592784586));
#10659=CARTESIAN_POINT('',(30.941556844462,0.,-44.3816407215414));
#10660=CARTESIAN_POINT('',(-60.258443155538,0.,-44.3816407215414));
#10661=CARTESIAN_POINT('',(35.941556844462,0.,-39.3816407215414));
#10662=CARTESIAN_POINT('Origin',(30.941556844462,0.,-39.3816407215414));
#10663=CARTESIAN_POINT('',(35.941556844462,0.,61.6183592784586));
#10664=CARTESIAN_POINT('',(35.941556844462,0.,-44.3816407215414));
#10665=CARTESIAN_POINT('',(30.941556844462,0.,66.6183592784586));
#10666=CARTESIAN_POINT('Origin',(30.941556844462,0.,61.6183592784586));
#10667=CARTESIAN_POINT('',(-55.258443155538,0.,66.6183592784586));
#10668=CARTESIAN_POINT('',(35.941556844462,0.,66.6183592784586));
#10669=CARTESIAN_POINT('Origin',(-55.258443155538,0.,61.6183592784586));
#10670=CARTESIAN_POINT('',(29.441556844462,0.,-39.3816407215414));
#10671=CARTESIAN_POINT('Origin',(30.941556844462,0.,-39.3816407215414));
#10672=CARTESIAN_POINT('',(-56.758443155538,0.,61.6183592784586));
#10673=CARTESIAN_POINT('Origin',(-55.258443155538,0.,61.6183592784586));
#10674=CARTESIAN_POINT('',(-56.758443155538,0.,-39.3816407215414));
#10675=CARTESIAN_POINT('Origin',(-55.258443155538,0.,-39.3816407215414));
#10676=CARTESIAN_POINT('',(29.441556844462,0.,61.6183592784586));
#10677=CARTESIAN_POINT('Origin',(30.941556844462,0.,61.6183592784586));
#10678=CARTESIAN_POINT('Origin',(30.941556844462,0.,-39.3816407215414));
#10679=CARTESIAN_POINT('',(30.941556844462,65.,-44.3816407215414));
#10680=CARTESIAN_POINT('',(35.941556844462,65.,-39.3816407215414));
#10681=CARTESIAN_POINT('Origin',(30.941556844462,65.,-39.3816407215414));
#10682=CARTESIAN_POINT('',(35.941556844462,0.,-39.3816407215414));
#10683=CARTESIAN_POINT('',(30.941556844462,0.,-44.3816407215414));
#10684=CARTESIAN_POINT('Origin',(35.941556844462,0.,66.6183592784586));
#10685=CARTESIAN_POINT('',(35.941556844462,65.,61.6183592784586));
#10686=CARTESIAN_POINT('',(35.941556844462,65.,-44.3816407215414));
#10687=CARTESIAN_POINT('',(35.941556844462,0.,61.6183592784586));
#10688=CARTESIAN_POINT('Origin',(30.941556844462,0.,61.6183592784586));
#10689=CARTESIAN_POINT('',(30.941556844462,65.,66.6183592784586));
#10690=CARTESIAN_POINT('Origin',(30.941556844462,65.,61.6183592784586));
#10691=CARTESIAN_POINT('',(30.941556844462,0.,66.6183592784586));
#10692=CARTESIAN_POINT('Origin',(-55.258443155538,0.,61.6183592784586));
#10693=CARTESIAN_POINT('',(-55.258443155538,65.,66.6183592784586));
#10694=CARTESIAN_POINT('Origin',(-55.258443155538,65.,61.6183592784586));
#10695=CARTESIAN_POINT('',(-55.258443155538,0.,66.6183592784586));
#10696=CARTESIAN_POINT('Origin',(30.941556844462,0.,61.6183592784586));
#10697=CARTESIAN_POINT('',(29.441556844462,65.,61.6183592784586));
#10698=CARTESIAN_POINT('Origin',(30.941556844462,65.,61.6183592784586));
#10699=CARTESIAN_POINT('',(29.441556844462,0.,61.6183592784586));
#10700=CARTESIAN_POINT('Origin',(-55.258443155538,0.,-39.3816407215414));
#10701=CARTESIAN_POINT('',(-56.758443155538,65.,-39.3816407215414));
#10702=CARTESIAN_POINT('Origin',(-55.258443155538,65.,-39.3816407215414));
#10703=CARTESIAN_POINT('',(-56.758443155538,0.,-39.3816407215414));
#10704=CARTESIAN_POINT('Origin',(-55.258443155538,0.,61.6183592784586));
#10705=CARTESIAN_POINT('',(-56.758443155538,65.,61.6183592784586));
#10706=CARTESIAN_POINT('Origin',(-55.258443155538,65.,61.6183592784586));
#10707=CARTESIAN_POINT('',(-56.758443155538,0.,61.6183592784586));
#10708=CARTESIAN_POINT('Origin',(30.941556844462,0.,-39.3816407215414));
#10709=CARTESIAN_POINT('',(29.441556844462,65.,-39.3816407215414));
#10710=CARTESIAN_POINT('Origin',(30.941556844462,65.,-39.3816407215414));
#10711=CARTESIAN_POINT('',(29.441556844462,0.,-39.3816407215414));
#10712=CARTESIAN_POINT('Origin',(-60.258443155538,0.,66.6183592784586));
#10713=CARTESIAN_POINT('',(35.941556844462,65.,66.6183592784586));
#10714=CARTESIAN_POINT('Origin',(35.941556844462,0.,-44.3816407215414));
#10715=CARTESIAN_POINT('',(-60.258443155538,65.,-44.3816407215414));
#10716=CARTESIAN_POINT('Origin',(-12.158443155538,65.,11.1183592784586));
#10717=CARTESIAN_POINT('',(-10.2198622355551,72.0000000000008,4.15886744928953));
#10718=UNCERTAINTY_MEASURE_WITH_UNIT(LENGTH_MEASURE(0.01),#10724,
'DISTANCE_ACCURACY_VALUE',
'Maximum model space distance between geometric entities at asserted c
onnectivities');
#10719=UNCERTAINTY_MEASURE_WITH_UNIT(LENGTH_MEASURE(0.01),#10724,
'DISTANCE_ACCURACY_VALUE',
'Maximum model space distance between geometric entities at asserted c
onnectivities');
#10720=UNCERTAINTY_MEASURE_WITH_UNIT(LENGTH_MEASURE(0.01),#10724,
'DISTANCE_ACCURACY_VALUE',
'Maximum model space distance between geometric entities at asserted c
onnectivities');
#10721=(
GEOMETRIC_REPRESENTATION_CONTEXT(3)
GLOBAL_UNCERTAINTY_ASSIGNED_CONTEXT((#10718))
GLOBAL_UNIT_ASSIGNED_CONTEXT((#10724,#10725,#10726))
REPRESENTATION_CONTEXT('','3D')
);
#10722=(
GEOMETRIC_REPRESENTATION_CONTEXT(3)
GLOBAL_UNCERTAINTY_ASSIGNED_CONTEXT((#10719))
GLOBAL_UNIT_ASSIGNED_CONTEXT((#10724,#10725,#10726))
REPRESENTATION_CONTEXT('','3D')
);
#10723=(
GEOMETRIC_REPRESENTATION_CONTEXT(3)
GLOBAL_UNCERTAINTY_ASSIGNED_CONTEXT((#10720))
GLOBAL_UNIT_ASSIGNED_CONTEXT((#10724,#10725,#10726))
REPRESENTATION_CONTEXT('','3D')
);
#10724=(
LENGTH_UNIT()
NAMED_UNIT(*)
SI_UNIT(.MILLI.,.METRE.)
);
#10725=(
NAMED_UNIT(*)
PLANE_ANGLE_UNIT()
SI_UNIT($,.RADIAN.)
);
#10726=(
NAMED_UNIT(*)
SI_UNIT($,.STERADIAN.)
SOLID_ANGLE_UNIT()
);
#10727=SHAPE_DEFINITION_REPRESENTATION(#10729,#10732);
#10728=SHAPE_DEFINITION_REPRESENTATION(#10730,#10733);
#10729=PRODUCT_DEFINITION_SHAPE('',$,#10735);
#10730=PRODUCT_DEFINITION_SHAPE('',$,#10736);
#10731=PRODUCT_DEFINITION_SHAPE($,$,#14);
#10732=SHAPE_REPRESENTATION('',(#5622,#5843),#10721);
#10733=SHAPE_REPRESENTATION('',(#5623),#10722);
#10734=PRODUCT_DEFINITION_CONTEXT('part definition',#10742,'design');
#10735=PRODUCT_DEFINITION('2026-02-05-20-27-14-774','Back-display',#10737,
#10734);
#10736=PRODUCT_DEFINITION('2026-02-02-21-42-42-958','Front-Display',#10738,
#10734);
#10737=PRODUCT_DEFINITION_FORMATION('',$,#10744);
#10738=PRODUCT_DEFINITION_FORMATION('',$,#10745);
#10739=PRODUCT_RELATED_PRODUCT_CATEGORY('Back-display','Back-display',(#10744));
#10740=PRODUCT_RELATED_PRODUCT_CATEGORY('Front-Display','Front-Display',
(#10745));
#10741=APPLICATION_PROTOCOL_DEFINITION('international standard',
'automotive_design',2009,#10742);
#10742=APPLICATION_CONTEXT(
'Core Data for Automotive Mechanical Design Process');
#10743=PRODUCT_CONTEXT('part definition',#10742,'mechanical');
#10744=PRODUCT('2026-02-05-20-27-14-774','Back-display',$,(#10743));
#10745=PRODUCT('2026-02-02-21-42-42-958','Front-Display',$,(#10743));
#10746=PRESENTATION_STYLE_ASSIGNMENT((#10747));
#10747=SURFACE_STYLE_USAGE(.BOTH.,#10748);
#10748=SURFACE_SIDE_STYLE('',(#10749));
#10749=SURFACE_STYLE_FILL_AREA(#10750);
#10750=FILL_AREA_STYLE('Steel - Satin',(#10751));
#10751=FILL_AREA_STYLE_COLOUR('Steel - Satin',#10752);
#10752=COLOUR_RGB('Steel - Satin',0.627450980392157,0.627450980392157,0.627450980392157);
ENDSEC;
END-ISO-10303-21;
